tx_id,account_id,incoming_amount,outflow_ratio_24h,dwell_time_mins
TX05187,ACC_N1717,3680.74,0.122,782.1
TX07288,ACC_N1029,8738.34,0.23,1413.6
TX01049,ACC_A0332,38477.85,0.518,1946.9
TX06071,ACC_N2761,18645.32,0.26,1407.3
TX07026,ACC_N3347,14691.4,0.427,671.6
TX06754,ACC_N2158,522.06,0.429,325.3
TX00946,ACC_A0367,16964.77,0.301,337.7
TX01664,ACC_N1513,1731.03,0.55,313.4
TX08417,ACC_N0761,5912.16,0.594,523.5
TX08602,ACC_N0653,14040.75,0.155,704.4
TX07871,ACC_N0038,3627.3,0.347,299.2
TX01639,ACC_N0304,12434.17,0.435,312.4
TX00029,ACC_M038,316586.56,0.997,19.5
TX06765,ACC_N3173,5120.06,0.523,313.1
TX04202,ACC_N1108,14069.69,0.341,1006.3
TX09048,ACC_N2768,7259.49,0.353,776.1
TX02400,ACC_N0917,19736.5,0.469,564.6
TX06366,ACC_N3030,4016.94,0.578,196.6
TX08585,ACC_N3307,6220.44,0.11,835.6
TX05729,ACC_N2983,-5354.12,0.109,716.4
TX04828,ACC_N3336,11709.36,0.424,1425.5
TX01364,ACC_N1447,19688.61,0.236,1176.3
TX04205,ACC_N3435,19378.19,0.576,1256.3
TX03140,ACC_N2524,17768.41,0.371,142.4
TX05016,ACC_N1089,2699.54,0.284,161.0
TX01643,ACC_N1878,7321.02,0.13,1193.7
TX04937,ACC_N1546,5554.7,0.494,494.1
TX04412,ACC_N0783,15331.83,0.227,1380.4
TX08278,ACC_N2095,1641.97,0.422,1124.6
TX04854,ACC_N1475,9895.17,0.497,361.8
TX08548,ACC_N2779,7431.47,0.267,840.1
TX02769,ACC_N2888,4473.23,0.55,1189.2
TX08963,ACC_N2905,11212.61,0.173,1141.5
TX00281,ACC_A0287,15339.05,0.53,2245.4
TX06088,ACC_N0093,17664.84,0.45,504.0
TX01030,ACC_A0285,59401.18,0.391,2600.6
TX03633,ACC_N0094,8193.75,0.507,379.0
TX00439,ACC_A0210,42167.47,0.402,2376.3
TX02133,ACC_N1372,19065.87,0.576,596.6
TX00173,ACC_A0278,41548.02,0.559,560.4
TX06638,ACC_N0448,13165.88,0.397,1109.2
TX09632,ACC_N3317,17314.83,0.148,858.2
TX03594,ACC_N1490,14994.24,0.436,178.6
TX07561,ACC_N1338,7027.09,0.211,962.9
TX05976,ACC_N2537,18586.32,0.419,1243.2
TX07248,ACC_N2016,15102.14,0.306,1005.5
TX00274,ACC_A0394,30185.11,0.504,1372.8
TX07264,ACC_N2749,5394.24,0.403,1195.4
TX04448,ACC_N2472,2080.66,0.563,768.4
TX02860,ACC_N1639,4745.64,0.528,1177.6
TX05625,ACC_N2090,9960.07,0.151,254.0
TX02802,ACC_N1961,16365.37,0.124,815.5
TX09789,ACC_N0794,17163.66,0.557,571.9
TX09356,ACC_N2305,19234.39,0.499,1424.2
TX08995,ACC_N2525,5425.6,0.312,920.4
TX02729,ACC_N2591,19080.27,0.21,473.2
TX00109,ACC_M010,152959.17,0.979,40.8
TX05629,ACC_N0633,18656.85,0.24,629.0
TX07059,ACC_N2928,19582.28,0.353,156.4
TX01517,ACC_N0724,6989.23,0.405,540.1
TX00323,ACC_A0002,24077.87,0.641,1248.8
TX05357,ACC_N0671,19406.36,0.177,341.6
TX05554,ACC_N1485,10989.43,0.579,566.7
TX09779,ACC_N3235,10391.17,0.24,395.0
TX04801,ACC_N0254,4545.65,0.359,965.6
TX05125,ACC_N3103,11655.07,0.508,1330.7
TX01869,ACC_N2368,7185.36,0.259,221.0
TX02152,ACC_N1196,16354.72,0.532,272.1
TX00076,ACC_M058,378053.23,0.962,15.0
TX08883,ACC_N1969,11558.06,0.37,1010.6
TX04164,ACC_N1070,5669.24,0.464,1044.8
TX01717,ACC_N2860,13887.02,0.156,1295.3
TX06847,ACC_N3360,11472.06,0.411,1392.2
TX04670,ACC_N1340,16017.84,0.463,657.0
TX02651,ACC_N1543,19533.68,0.394,1232.7
TX02572,ACC_N2398,14456.85,0.401,1248.4
TX07887,ACC_N0083,13731.36,0.313,1307.4
TX02279,ACC_N0810,18654.47,0.549,914.2
TX07599,ACC_N0852,13808.61,0.169,866.2
TX04812,ACC_N0051,17395.33,0.129,1274.2
TX04747,ACC_N0631,6121.77,0.281,1011.7
TX05779,ACC_N3028,12595.63,0.189,1227.7
TX05893,ACC_N3188,17024.42,0.39,339.4
TX02197,ACC_N1953,2010.92,0.173,1264.7
TX04945,ACC_N0522,16192.16,0.554,1427.5
TX04495,ACC_N2599,5808.69,0.314,550.6
TX01058,ACC_A0217,23475.71,0.513,1895.8
TX09431,ACC_N1607,12098.14,0.498,685.9
TX08392,ACC_N3151,11992.84,0.155,1293.8
TX04949,ACC_N3493,6539.72,0.536,127.1
TX00451,ACC_A0375,40993.44,0.508,696.8
TX02643,ACC_N1982,15884.08,0.333,146.8
TX04413,ACC_N0097,3780.12,0.432,147.2
TX09678,ACC_N0646,9013.98,0.232,160.5
TX06883,ACC_N2322,7659.09,0.121,1053.0
TX03235,ACC_N2368,18847.16,0.188,1227.4
TX03600,ACC_N3356,1851.44,0.104,1359.6
TX01242,ACC_N3132,17429.3,0.533,677.0
TX00925,ACC_A0322,50254.02,0.627,2123.1
TX08180,ACC_N0941,6230.86,0.575,1293.5
TX04988,ACC_N2243,11988.55,0.504,433.2
TX03696,ACC_N0748,580.07,0.556,219.7
TX06129,ACC_N0642,4769.92,0.112,562.5
TX07369,ACC_N0743,13077.69,0.458,
TX02286,ACC_N2004,19066.81,0.508,383.6
TX00573,ACC_A0040,49691.01,0.42,622.8
TX00091,ACC_M009,103817.41,0.997,
TX01189,ACC_N2955,11123.06,0.15,1367.2
TX04421,ACC_N2239,6169.08,0.211,407.2
TX05926,ACC_N2962,4244.66,0.554,884.6
TX03850,ACC_N2888,595.25,0.4,740.8
TX04963,ACC_N2162,6201.62,0.542,804.8
TX09169,ACC_N2573,19521.05,0.41,1395.3
TX02902,ACC_N2173,16110.45,0.545,1220.9
TX06035,ACC_N1951,17224.38,0.157,636.9
TX09563,ACC_N3370,15618.31,0.354,898.4
TX08884,ACC_N1704,5236.28,0.338,619.6
TX03897,ACC_N1325,10476.02,0.414,514.7
TX07017,ACC_N0722,14141.12,0.491,674.2
TX02126,ACC_N3011,18912.07,0.566,466.8
TX08098,ACC_N1827,19005.03,0.248,287.5
TX04645,ACC_N3386,18625.36,0.542,1041.2
TX07733,ACC_N1192,18992.03,0.31,402.2
TX09107,ACC_N2582,9317.56,0.361,297.5
TX01930,ACC_N0619,7919.4,0.256,1201.5
TX04045,ACC_N0085,675.47,0.124,1260.1
TX06895,ACC_N0394,6571.12,0.511,808.3
TX01765,ACC_N2337,-6030.35,0.584,1127.8
TX06530,ACC_N3179,14343.15,0.483,443.4
TX09206,ACC_N0559,-18751.48,0.39,438.7
TX05782,ACC_N2422,15308.86,0.539,506.9
TX00254,ACC_A0191,32872.37,0.69,1018.4
TX07429,ACC_N3104,10644.15,0.492,1268.2
TX03084,ACC_N2405,14708.42,0.521,169.7
TX05630,ACC_N1931,19239.91,0.405,628.8
TX03829,ACC_N1467,5061.5,0.398,1294.1
TX00537,ACC_A0037,20140.71,0.301,2611.8
TX08262,ACC_N3305,16768.42,0.208,1254.6
TX02268,ACC_N1032,12385.36,0.152,785.5
TX09249,ACC_N0067,19722.02,0.265,969.8
TX06092,ACC_N1827,11907.36,0.441,1346.3
TX05990,ACC_N2879,17515.19,0.128,925.5
TX01514,ACC_N1095,6521.64,0.465,932.9
TX03715,ACC_N1639,14636.16,0.331,713.9
TX08568,ACC_N0658,1568.35,0.227,502.2
TX06428,ACC_N0027,9208.74,0.155,1016.8
TX04673,ACC_N2080,9850.63,0.101,164.6
TX08223,ACC_N0611,16669.31,0.388,705.7
TX08655,ACC_N1929,14813.08,0.545,1057.9
TX06056,ACC_N1009,1176.96,0.447,1302.0
TX03107,ACC_N2226,19631.4,0.374,1402.8
TX05862,ACC_N1398,1511.7,0.463,413.3
TX05541,ACC_N2248,5726.22,0.352,1376.0
TX00929,ACC_A0130,39885.07,0.312,1202.9
TX02027,ACC_N1628,8062.77,0.199,1244.9
TX03838,ACC_N2073,7058.01,0.54,994.2
TX02741,ACC_N3034,6341.35,0.128,1406.0
TX04808,ACC_N1884,3069.0,0.217,127.9
TX05856,ACC_N1245,8211.86,0.494,708.9
TX07921,ACC_N0849,18551.94,0.277,1369.1
TX01423,ACC_N0209,13219.36,0.332,497.6
TX09409,ACC_N2390,12517.75,0.393,183.4
TX03294,ACC_N0554,17494.03,0.381,643.0
TX01202,ACC_N0003,19516.01,0.15,419.0
TX05529,ACC_N0687,15944.87,0.378,800.1
TX09219,ACC_N1808,652.23,0.413,367.0
TX01263,ACC_N0933,17463.79,0.286,699.4
TX04491,ACC_N1527,14606.2,0.113,643.7
TX03498,ACC_N0371,6859.07,0.457,409.8
TX07292,ACC_N2297,16342.9,0.444,1017.3
TX03831,ACC_N3258,14445.17,0.117,126.0
TX03803,ACC_N1699,13573.71,0.245,589.0
TX09062,ACC_N2860,7127.97,0.358,1178.1
TX06740,ACC_N0344,10901.2,0.181,294.3
TX03028,ACC_N2420,14658.2,0.562,1178.2
TX05950,ACC_N2235,7783.63,0.315,1240.5
TX04750,ACC_N0191,6225.83,0.308,932.1
TX04876,ACC_N2154,13549.08,0.474,1100.9
TX03799,ACC_N3013,18735.59,0.593,1010.2
TX05218,ACC_N3313,4482.65,0.243,878.7
TX00485,ACC_A0368,30046.33,0.343,2466.3
TX08351,ACC_N2887,6609.81,0.487,1377.3
TX04745,ACC_N0990,18686.5,0.325,381.0
TX02468,ACC_N3411,9260.73,0.146,257.6
TX00278,ACC_A0076,37421.15,0.649,2184.7
TX09211,ACC_N1539,10458.91,0.478,149.4
TX07425,ACC_N1543,8780.31,0.107,1014.2
TX02360,ACC_N1635,13369.87,0.148,470.9
TX01807,ACC_N1584,19407.51,0.282,1071.3
TX08143,ACC_N0946,5837.16,0.175,1290.7
TX04096,ACC_N0947,18276.03,0.276,1203.6
TX07894,ACC_N3448,4986.68,0.553,1124.3
TX08854,ACC_N3411,13068.04,0.261,879.7
TX09847,ACC_N2340,17398.86,0.258,911.2
TX07983,ACC_N3029,17894.59,0.142,925.3
TX05021,ACC_N2738,7488.07,0.335,426.9
TX07531,ACC_N2506,10733.93,0.548,1216.9
TX04293,ACC_N1744,5108.56,0.593,556.3
TX03424,ACC_N2559,13861.43,0.268,587.3
TX01003,ACC_A0041,41478.57,0.305,2592.2
TX00577,ACC_A0321,23296.69,0.371,433.9
TX06291,ACC_N2990,19558.7,0.509,658.3
TX00615,ACC_A0305,50550.61,0.413,1912.6
TX05065,ACC_N1892,5327.51,0.413,552.6
TX05400,ACC_N2697,8688.8,0.343,202.3
TX05498,ACC_N1338,8428.81,0.398,250.6
TX00723,ACC_A0323,26710.5,0.545,1622.8
TX02458,ACC_N0699,11601.31,0.504,1331.9
TX02716,ACC_N3253,17797.33,0.251,725.8
TX09611,ACC_N1847,13839.38,0.314,615.8
TX08336,ACC_N2985,11766.38,0.101,397.9
TX09382,ACC_N0855,17136.46,0.476,479.3
TX03270,ACC_N1758,11529.27,0.345,1317.1
TX00468,ACC_A0283,32879.32,0.569,2486.0
TX08220,ACC_N2366,18062.8,0.439,1167.3
TX07072,ACC_N2147,11061.11,0.359,809.4
TX03973,ACC_N1244,2474.88,0.598,838.2
TX01214,ACC_N0951,11804.76,0.126,1340.3
TX06658,ACC_N0904,6721.96,0.374,365.3
TX02606,ACC_N0407,4455.64,0.278,700.7
TX05680,ACC_N0218,17007.94,0.175,1293.3
TX02062,ACC_N3295,5392.36,0.579,939.5
TX09116,ACC_N2040,8755.06,0.455,1092.9
TX08743,ACC_N3015,3621.87,0.557,986.4
TX06014,ACC_N0363,19838.14,0.547,982.3
TX03880,ACC_N3479,7902.19,0.548,1219.8
TX00558,ACC_A0220,18022.89,0.578,1233.2
TX03438,ACC_N0515,16030.81,0.207,1187.3
TX06314,ACC_N0517,8226.59,0.585,167.2
TX00689,ACC_A0313,41509.88,0.307,1805.6
TX05534,ACC_N1315,4440.62,0.276,1164.1
TX02273,ACC_N2875,10438.3,0.434,280.5
TX08162,ACC_N1758,14920.45,0.23,916.9
TX02061,ACC_N1500,18903.67,0.111,1004.8
TX00487,ACC_A0246,48896.08,0.337,1409.7
TX03320,ACC_N3410,9212.28,0.179,397.3
TX04810,ACC_N0920,16927.91,0.198,746.0
TX02528,ACC_N1863,15887.37,0.405,744.8
TX05273,ACC_N2436,-15286.9,0.464,1061.4
TX08651,ACC_N2256,2808.74,0.293,876.6
TX06392,ACC_N2331,12660.74,0.446,1065.4
TX02631,ACC_N1242,1880.43,0.21,471.4
TX01405,ACC_N0479,13902.26,0.322,1073.0
TX02753,ACC_N1320,637.34,0.257,337.6
TX03967,ACC_N2199,8143.96,0.305,1382.2
TX06902,ACC_N3402,12588.01,0.487,483.1
TX07558,ACC_N2811,12972.53,0.423,949.1
TX05033,ACC_N1484,16495.4,0.483,1070.5
TX09105,ACC_N3382,2467.2,0.401,531.3
TX06650,ACC_N0503,19265.83,0.198,968.6
TX06407,ACC_N1552,14427.2,0.166,770.3
TX08405,ACC_N0379,2428.02,0.519,523.9
TX06628,ACC_N2926,7503.66,0.344,519.7
TX03352,ACC_N1546,19840.72,0.59,720.2
TX00921,ACC_A0339,28447.61,0.318,1451.7
TX00257,ACC_A0053,23202.77,0.607,2735.5
TX07846,ACC_N0280,8998.89,0.466,960.1
TX02681,ACC_N1028,9646.67,0.274,561.9
TX07740,ACC_N3055,5765.04,0.402,703.6
TX09198,ACC_N2010,6790.28,0.402,984.1
TX05980,ACC_N1142,2257.22,0.447,934.7
TX03648,ACC_N3461,844.08,0.328,714.6
TX06697,ACC_N2694,16919.47,0.248,970.4
TX00866,ACC_A0326,58538.01,0.495,1784.6
TX07910,ACC_N0525,19008.82,0.416,893.5
TX00747,ACC_A0225,46307.14,0.562,2583.2
TX06856,ACC_N0164,4406.84,0.477,996.5
TX02256,ACC_N2802,12900.26,0.466,1361.6
TX01991,ACC_N0158,2307.94,0.201,1158.8
TX01237,ACC_N1521,4353.96,0.446,274.5
TX04726,ACC_N2172,2078.52,0.334,1320.6
TX09403,ACC_N1237,19597.33,0.541,1105.0
TX03408,ACC_N2039,13307.9,0.547,1245.0
TX01499,ACC_N2519,9001.91,0.347,1124.2
TX06938,ACC_N2138,18683.59,0.328,1024.8
TX08982,ACC_N3332,5652.76,0.543,1122.9
TX04626,ACC_N3296,14660.69,0.388,709.8
TX09709,ACC_N3004,7657.96,0.389,1344.5
TX08755,ACC_N0323,8749.21,0.515,338.6
TX04531,ACC_N0513,7169.44,0.425,226.6
TX02519,ACC_N0079,19405.07,0.204,782.3
TX06402,ACC_N1237,14080.54,0.51,959.7
TX01609,ACC_N1855,19737.98,0.536,591.6
TX05940,ACC_N1467,3780.5,0.498,371.0
TX09802,ACC_N1997,13918.15,0.42,841.1
TX08316,ACC_N2471,4112.73,0.364,184.4
TX09338,ACC_N1211,11574.76,0.505,874.6
TX01540,ACC_N3095,10488.19,0.292,1165.3
TX06985,ACC_N0806,12280.12,0.376,1424.2
TX04001,ACC_N0949,18380.74,0.347,168.9
TX04186,ACC_N3314,19481.19,0.208,523.2
TX07315,ACC_N1822,10861.54,0.383,705.7
TX00262,ACC_A0226,25494.74,0.615,570.4
TX04405,ACC_N0906,18280.52,0.168,624.1
TX09925,ACC_N2391,9322.47,0.275,481.3
TX03091,ACC_N1994,12255.5,0.419,781.9
TX07794,ACC_N0866,2575.73,0.211,326.4
TX03062,ACC_N1258,9520.9,0.356,1386.5
TX03529,ACC_N0508,13691.21,0.11,619.9
TX02748,ACC_N0262,3892.24,0.387,1401.7
TX07550,ACC_N3371,9804.62,0.229,611.3
TX08194,ACC_N0414,12911.18,0.435,665.7
TX03203,ACC_N1988,8679.89,0.324,456.8
TX06952,ACC_N1767,9844.72,0.464,582.6
TX03199,ACC_N0104,7983.56,0.564,223.0
TX08905,ACC_N1765,18359.87,0.551,1080.0
TX04106,ACC_N1451,13295.96,0.137,371.3
TX05297,ACC_N1049,8858.96,0.44,188.5
TX03756,ACC_N1285,6992.65,0.183,1375.4
TX08110,ACC_N1603,12590.62,0.103,210.2
TX03182,ACC_N0990,10643.79,0.448,555.4
TX05126,ACC_N0526,9861.76,0.313,982.1
TX08543,ACC_N2265,11651.71,0.527,812.9
TX02048,ACC_N0383,16990.51,0.448,658.3
TX07603,ACC_N1401,14486.64,0.168,1121.8
TX05523,ACC_N1691,6119.95,0.542,
TX04367,ACC_N0528,3435.62,0.301,1183.3
TX02931,ACC_N1372,13610.79,0.553,884.5
TX01156,ACC_N3303,16179.87,0.372,164.6
TX04687,ACC_N0269,3959.48,0.577,1003.3
TX00182,ACC_A0266,42363.95,0.64,2020.5
TX03311,ACC_N2010,17429.96,0.546,1032.0
TX02351,ACC_N1518,10500.83,0.391,408.3
TX05847,ACC_N1471,18798.05,0.138,1117.0
TX01669,ACC_N3122,10836.22,0.548,656.3
TX06187,ACC_N1658,8154.26,0.308,1335.0
TX07151,ACC_N1784,3376.71,0.125,357.8
TX02632,ACC_N1662,13377.57,0.177,481.1
TX01523,ACC_N1319,16413.54,0.548,501.0
TX05876,ACC_N3049,4316.3,0.47,251.0
TX09235,ACC_N0867,11611.6,0.119,689.2
TX02193,ACC_N0912,13643.74,0.292,1211.8
TX06577,ACC_N1158,8382.29,0.29,483.4
TX03032,ACC_N2233,10791.36,0.435,524.3
TX04304,ACC_N0522,19231.09,0.517,715.7
TX07134,ACC_N0908,17536.62,0.223,325.4
TX07085,ACC_N1663,705.26,0.594,339.2
TX08603,ACC_N0759,15477.69,0.49,626.7
TX03428,ACC_N0111,18989.87,0.369,1285.5
TX07150,ACC_N3068,6995.17,0.336,1308.2
TX02122,ACC_N0988,3519.72,0.576,801.0
TX06719,ACC_N2981,11716.56,0.294,244.4
TX05293,ACC_N2182,11393.14,0.449,1119.7
TX02052,ACC_N0490,7870.88,0.41,692.5
TX08919,ACC_N2129,16965.13,0.507,1306.7
TX04153,ACC_N1862,3326.18,0.294,698.6
TX04887,ACC_N2347,19453.04,0.455,249.2
TX02485,ACC_N1600,1255.76,0.575,
TX05634,ACC_N2230,996.72,0.169,265.1
TX06391,ACC_N3393,19972.66,0.373,1317.0
TX08564,ACC_N0364,5524.3,0.487,168.2
TX05714,ACC_N2993,18665.52,0.507,446.5
TX05719,ACC_N2082,16725.85,0.493,450.3
TX05447,ACC_N3043,2652.99,0.274,751.0
TX03098,ACC_N3368,4302.44,0.355,887.5
TX09119,ACC_N2598,16163.55,0.551,304.2
TX00252,ACC_A0160,54024.67,0.453,2558.8
TX08339,ACC_N3344,3136.94,0.549,542.8
TX02044,ACC_N2237,9770.02,0.472,725.9
TX04242,ACC_N0830,8915.89,0.368,217.5
TX06673,ACC_N2177,17368.72,0.579,1225.6
TX09052,ACC_N0155,1858.62,0.179,618.1
TX09653,ACC_N2238,15156.52,0.393,1247.7
TX02658,ACC_N2833,7340.16,0.336,663.6
TX09130,ACC_N1001,12434.97,0.34,563.9
TX00540,ACC_A0358,36197.95,0.367,1000.3
TX00849,ACC_A0124,48562.67,0.326,1102.4
TX08364,ACC_N3046,9247.96,0.102,487.8
TX07295,ACC_N3492,6156.8,0.333,334.0
TX04569,ACC_N2329,18331.61,0.459,282.9
TX09200,ACC_N2244,1141.7,0.518,634.1
TX04008,ACC_N0397,850.77,0.343,1151.9
TX01372,ACC_N1827,1415.97,0.123,1304.8
TX07590,ACC_N2495,8239.78,0.372,967.1
TX01056,ACC_A0336,47980.45,0.692,
TX05257,ACC_N1426,15798.46,0.156,415.9
TX05207,ACC_N1680,13377.54,0.312,1270.4
TX01200,ACC_N1069,14781.57,0.512,1335.2
TX02562,ACC_N2505,16429.36,0.512,1042.1
TX09468,ACC_N0875,13517.89,0.474,456.2
TX05448,ACC_N0815,8680.52,0.459,1322.5
TX09025,ACC_N3317,11710.76,0.19,1155.1
TX05012,ACC_N0111,5792.07,0.403,1109.6
TX00106,ACC_M047,162181.5,0.978,40.4
TX03856,ACC_N2400,10458.32,0.19,1208.0
TX05894,ACC_N0903,7459.55,0.27,263.3
TX04550,ACC_N2964,10039.98,0.367,492.9
TX09037,ACC_N1778,8649.39,0.332,985.4
TX00870,ACC_A0224,41924.73,0.647,1578.9
TX01290,ACC_N1248,15825.54,0.244,671.5
TX02733,ACC_N0886,17575.86,0.133,196.3
TX01867,ACC_N1447,5288.24,0.438,552.0
TX01292,ACC_N1317,7166.02,0.413,840.9
TX02362,ACC_N3477,3062.54,0.438,825.4
TX00098,ACC_M029,242393.46,0.998,19.9
TX01795,ACC_N0071,16681.51,0.341,903.3
TX02879,ACC_N1963,2941.99,0.299,746.4
TX08435,ACC_N0076,8331.79,0.408,499.3
TX07922,ACC_N1346,3671.75,0.519,374.6
TX06858,ACC_N3463,16134.07,0.472,835.2
TX07929,ACC_N2252,18560.09,0.225,756.3
TX08728,ACC_N0600,17435.88,0.521,334.4
TX09532,ACC_N0886,6060.6,0.17,994.1
TX08346,ACC_N0229,6611.56,0.219,806.5
TX02603,ACC_N3355,2934.97,0.153,801.3
TX05841,ACC_N1883,3499.61,0.357,845.6
TX06213,ACC_N1874,5737.68,0.252,711.1
TX09190,ACC_N2823,7894.63,0.488,986.4
TX03777,ACC_N3219,1562.98,0.399,1412.9
TX01863,ACC_N2521,11107.48,0.53,1399.3
TX05763,ACC_N2052,9930.38,0.106,384.1
TX02288,ACC_N1368,14325.53,0.489,377.0
TX00002,ACC_M054,477821.44,0.962,24.4
TX06008,ACC_N1754,8784.2,0.366,704.0
TX09280,ACC_N3141,9508.99,0.292,453.3
TX07109,ACC_N0195,7717.88,0.505,236.1
TX02855,ACC_N2003,514.58,0.315,847.9
TX01004,ACC_A0336,41942.13,0.448,2426.8
TX06108,ACC_N1252,1111.55,0.453,1337.0
TX09642,ACC_N2561,3437.86,0.204,618.0
TX04161,ACC_N0128,5629.21,0.23,439.1
TX08907,ACC_N1638,4163.85,0.185,194.4
TX02146,ACC_N2237,12613.13,0.344,1353.6
TX04287,ACC_N2182,12350.07,0.234,601.4
TX09193,ACC_N0135,5511.61,0.588,1139.5
TX02439,ACC_N2932,19862.4,0.521,522.1
TX04483,ACC_N2199,15093.04,0.297,716.5
TX09408,ACC_N2587,3496.65,0.268,663.5
TX05707,ACC_N2152,6002.03,0.529,1339.3
TX09875,ACC_N2273,6853.96,0.372,1046.0
TX03254,ACC_N0752,2160.3,0.567,1306.6
TX01166,ACC_N3243,5034.56,0.562,788.1
TX07067,ACC_N2547,10031.2,0.194,470.4
TX00517,ACC_A0149,48115.71,0.515,1310.9
TX09949,ACC_N2237,17087.06,0.384,315.2
TX01112,ACC_A0291,22580.0,0.667,1839.7
TX03386,ACC_N3158,17805.11,0.298,183.6
TX05898,ACC_N0883,2592.37,0.597,1342.8
TX04666,ACC_N1890,2449.71,0.157,1028.6
TX07659,ACC_N2972,16316.57,0.157,1156.9
TX09555,ACC_N0732,5056.97,0.512,471.8
TX05772,ACC_N1789,4766.49,0.137,901.8
TX07833,ACC_N3439,13092.31,0.35,1191.1
TX02232,ACC_N0071,10303.63,0.136,461.9
TX07446,ACC_N0120,15080.94,0.238,1429.4
TX08990,ACC_N2632,10447.7,0.557,431.3
TX05490,ACC_N1419,10007.84,0.42,993.3
TX03737,ACC_N3359,16230.37,0.563,1090.4
TX06218,ACC_N1344,17595.34,0.368,756.1
TX04181,ACC_N1662,2518.5,0.414,1189.4
TX09466,ACC_N1306,6564.7,0.262,696.7
TX04090,ACC_N1734,2107.45,0.56,1102.2
TX05129,ACC_N1538,18785.96,0.356,640.5
TX00930,ACC_A0194,41886.41,0.57,2697.6
TX01875,ACC_N0041,9153.54,0.51,460.3
TX00198,ACC_A0265,17063.76,0.403,784.6
TX01385,ACC_N2262,19776.53,0.316,892.4
TX06404,ACC_N0452,3399.11,0.211,428.8
TX02333,ACC_N1788,17111.0,0.414,1417.0
TX08965,ACC_N0839,11048.96,0.578,1162.5
TX07693,ACC_N3440,10726.76,0.152,171.1
TX01684,ACC_N0777,5562.26,0.57,261.9
TX06289,ACC_N0434,9516.05,0.384,1391.8
TX04984,ACC_N0650,14597.4,0.379,1103.2
TX09154,ACC_N3466,1650.57,0.34,1398.5
TX01642,ACC_N2451,1882.86,0.537,1099.7
TX09819,ACC_N1915,7255.8,0.125,705.8
TX08797,ACC_N2040,9505.23,0.335,1101.1
TX07928,ACC_N0499,17992.42,0.319,681.8
TX09708,ACC_N0720,15375.25,0.548,
TX08407,ACC_N1346,6337.26,0.403,981.3
TX06778,ACC_N2485,2122.44,0.118,1210.4
TX08318,ACC_N3495,8379.57,0.551,607.8
TX06333,ACC_N1630,5283.44,0.112,1095.3
TX07078,ACC_N0624,972.69,0.483,1270.2
TX03503,ACC_N0632,1696.21,0.116,1366.4
TX06009,ACC_N2503,8632.54,0.571,1046.5
TX08004,ACC_N1335,-1845.25,0.551,582.3
TX09418,ACC_N2161,11566.95,0.476,1255.1
TX00375,ACC_A0190,48365.74,0.449,456.4
TX01444,ACC_N1149,7322.16,0.516,553.8
TX03284,ACC_N3203,2145.23,0.293,421.6
TX08187,ACC_N0827,2487.71,0.541,1226.8
TX08989,ACC_N1259,6281.94,0.163,145.7
TX05578,ACC_N0457,11646.91,0.17,1340.9
TX07721,ACC_N2365,1096.81,0.436,454.1
TX04196,ACC_N2718,1926.28,0.163,135.8
TX07802,ACC_N0576,11555.44,0.272,646.9
TX05302,ACC_N1835,3814.8,0.198,945.5
TX09776,ACC_N0697,12424.08,0.475,207.2
TX06412,ACC_N3037,11471.34,0.434,192.9
TX07859,ACC_N2281,9890.02,0.52,988.8
TX09941,ACC_N0106,3636.64,0.217,1364.3
TX05904,ACC_N2405,7645.91,0.211,1068.7
TX02522,ACC_N2811,11657.35,0.161,1309.8
TX06124,ACC_N3207,5181.36,0.299,284.2
TX02727,ACC_N2912,-9260.85,0.343,1336.6
TX02555,ACC_N0507,5865.82,0.502,913.3
TX02948,ACC_N0431,10961.17,0.234,362.7
TX06452,ACC_N2158,552.67,0.589,297.9
TX09773,ACC_N1696,2621.34,0.26,164.9
TX07352,ACC_N1071,-3283.08,0.291,870.8
TX09603,ACC_N0604,6044.23,0.386,1405.3
TX02820,ACC_N1923,7195.87,0.434,1143.1
TX07115,ACC_N1316,9864.95,0.295,899.8
TX02438,ACC_N0218,12894.82,0.285,406.1
TX03905,ACC_N3111,6460.15,0.54,610.7
TX04504,ACC_N3044,16699.96,0.419,172.0
TX04852,ACC_N0401,7983.93,0.489,626.6
TX03539,ACC_N3166,12918.02,0.146,336.5
TX07567,ACC_N3269,19002.49,0.437,1188.0
TX09273,ACC_N1562,8745.97,0.189,206.9
TX03619,ACC_N1464,8863.92,0.543,479.8
TX00176,ACC_A0375,50310.07,0.662,591.4
TX03166,ACC_N0177,524.73,0.415,1010.3
TX04199,ACC_N2729,17808.36,0.594,739.4
TX04959,ACC_N0537,11417.18,0.288,1010.5
TX02986,ACC_N1961,6289.47,0.363,281.6
TX02334,ACC_N0720,16435.23,0.529,136.4
TX07209,ACC_N1633,14660.55,0.254,923.1
TX02788,ACC_N2592,12417.26,0.413,812.4
TX02246,ACC_N0267,9406.25,0.361,1228.8
TX02590,ACC_N2823,10523.46,0.446,342.9
TX09325,ACC_N0358,15773.91,0.149,955.1
TX08256,ACC_N2356,18140.79,0.6,129.1
TX05159,ACC_N2761,4999.32,0.203,691.5
TX04918,ACC_N1798,14019.3,0.426,791.6
TX00583,ACC_A0022,56198.12,0.381,2273.0
TX03709,ACC_N2769,17142.58,0.408,1322.5
TX05392,ACC_N0128,14110.45,0.191,888.9
TX03473,ACC_N1370,5947.23,0.413,937.5
TX09310,ACC_N2987,1807.82,0.561,1203.5
TX09646,ACC_N3415,2997.08,0.538,1381.4
TX06067,ACC_N0698,3582.8,0.507,628.4
TX01690,ACC_N0535,2555.4,0.428,1035.6
TX06811,ACC_N3000,16396.52,0.27,1335.8
TX07638,ACC_N2477,1934.23,0.446,701.7
TX01989,ACC_N1267,-14075.75,0.364,510.4
TX07271,ACC_N2031,569.76,0.192,710.8
TX03978,ACC_N2368,12329.9,0.499,381.1
TX05789,ACC_N0812,14207.48,0.539,153.9
TX03747,ACC_N2997,11270.27,0.156,616.0
TX05821,ACC_N1495,19893.9,0.176,
TX01460,ACC_N3213,10506.91,0.512,423.5
TX06800,ACC_N1465,1475.43,0.484,
TX01487,ACC_N1005,11967.83,0.493,501.7
TX03780,ACC_N1025,10419.34,0.537,1383.0
TX04168,ACC_N1467,2113.4,0.55,751.1
TX01181,ACC_N1128,18684.62,0.487,794.0
TX02271,ACC_N1166,19740.41,0.52,1283.8
TX08647,ACC_N1743,4367.95,0.277,1299.0
TX03717,ACC_N1114,10607.22,0.156,1093.7
TX05455,ACC_N3338,2185.28,0.46,
TX00850,ACC_A0381,24016.16,0.651,730.7
TX09578,ACC_N2036,14894.54,0.349,507.2
TX05303,ACC_N2120,7039.1,0.234,457.0
TX07070,ACC_N0588,9908.86,0.36,792.6
TX09022,ACC_N2121,8385.31,0.409,807.2
TX02431,ACC_N2119,8928.51,0.445,811.7
TX03085,ACC_N2400,10797.33,0.225,1133.8
TX01816,ACC_N2299,12594.71,0.136,1431.3
TX03346,ACC_N3397,3886.6,0.363,971.4
TX07066,ACC_N1837,12333.77,0.331,295.1
TX05268,ACC_N3109,5185.12,0.289,227.1
TX00181,ACC_A0192,59120.82,0.593,2132.1
TX00490,ACC_A0158,38696.03,0.36,1334.4
TX00869,ACC_A0386,15055.43,0.313,2097.3
TX02344,ACC_N0637,14257.06,0.452,131.9
TX06568,ACC_N0839,4942.94,0.498,780.6
TX04551,ACC_N0898,7967.28,0.57,242.6
TX04736,ACC_N2660,9664.58,0.49,922.2
TX05445,ACC_N1650,8142.85,0.345,684.7
TX09066,ACC_N0540,2814.11,0.507,
TX05133,ACC_N2736,2609.3,0.474,1437.1
TX03582,ACC_N2797,12008.33,0.283,1045.6
TX07649,ACC_N0327,18530.36,0.422,1068.5
TX07147,ACC_N1433,11002.38,0.325,1033.8
TX02410,ACC_N1336,1844.09,0.136,982.2
TX04185,ACC_N2660,11198.37,0.262,175.3
TX02504,ACC_N0690,13505.24,0.468,674.8
TX03481,ACC_N0757,12795.84,0.232,210.5
TX00475,ACC_A0282,52645.42,0.691,890.0
TX06664,ACC_N2545,8316.48,0.168,1109.2
TX00949,ACC_A0095,44396.84,0.316,1297.5
TX02934,ACC_N1468,4704.39,0.21,671.7
TX03127,ACC_N3465,809.11,0.595,1185.3
TX00690,ACC_A0286,27476.95,0.351,1656.5
TX02591,ACC_N2448,12312.2,0.139,1104.3
TX08496,ACC_N3303,2357.42,0.574,605.8
TX03948,ACC_N3412,7377.48,0.223,1414.2
TX00973,ACC_A0182,41897.56,0.596,1808.4
TX02316,ACC_N2621,4656.27,0.173,183.7
TX01933,ACC_N0964,8217.66,0.191,1327.4
TX05560,ACC_N1662,669.05,0.259,441.6
TX02672,ACC_N0228,4335.01,0.376,936.6
TX03614,ACC_N0916,17898.64,0.313,618.9
TX04362,ACC_N0232,3007.3,0.185,1131.9
TX09003,ACC_N2454,15172.62,0.545,396.7
TX08799,ACC_N2850,16862.28,0.578,821.7
TX01002,ACC_A0283,15406.37,0.656,1371.3
TX01562,ACC_N0044,12903.33,0.509,1045.7
TX00882,ACC_A0356,35906.94,0.679,2511.9
TX00903,ACC_A0165,39040.9,0.488,1357.1
TX06731,ACC_N1802,16499.68,0.466,351.0
TX06101,ACC_N0603,16020.31,0.185,
TX03764,ACC_N2404,3387.17,0.236,214.0
TX02117,ACC_N3341,9788.29,0.235,362.4
TX04249,ACC_N3075,10786.17,0.326,742.1
TX08377,ACC_N2611,2440.07,0.397,353.8
TX04819,ACC_N3003,10489.86,0.204,788.7
TX02270,ACC_N1024,15943.86,0.26,674.7
TX03616,ACC_N1987,4361.06,0.217,1269.8
TX07600,ACC_N0428,17027.6,0.196,397.5
TX02179,ACC_N1336,12064.6,0.375,1327.4
TX04359,ACC_N0808,11419.88,0.492,1337.1
TX00297,ACC_A0045,15238.5,0.389,1703.0
TX08946,ACC_N3336,3451.54,0.118,971.8
TX09318,ACC_N2712,11167.69,0.305,729.2
TX04355,ACC_N1694,14575.11,0.581,186.9
TX04599,ACC_N2900,16838.53,0.101,1385.3
TX08943,ACC_N2929,14057.94,0.244,841.0
TX01815,ACC_N0443,10408.76,0.478,278.9
TX00716,ACC_A0229,52179.26,0.557,2216.5
TX07892,ACC_N1657,18502.57,0.395,1391.8
TX02169,ACC_N0985,7106.85,0.2,335.2
TX00964,ACC_A0296,48090.76,0.559,1296.4
TX00159,ACC_A0125,24325.24,0.617,2581.8
TX02453,ACC_N2321,11595.17,0.119,753.1
TX05366,ACC_N0408,6681.52,0.325,931.5
TX05354,ACC_N1761,9672.25,0.379,293.9
TX05989,ACC_N1240,2474.67,0.104,367.0
TX06991,ACC_N1272,14195.6,0.181,898.8
TX00856,ACC_A0275,22166.06,0.513,2844.5
TX07228,ACC_N0034,14412.42,0.513,1426.6
TX07857,ACC_N2986,13968.03,0.141,1312.6
TX06315,ACC_N2012,8429.2,0.165,489.1
TX04023,ACC_N3149,11340.28,0.224,1268.1
TX01440,ACC_N0290,14752.15,0.265,1051.0
TX08240,ACC_N2085,17402.38,0.296,806.8
TX09698,ACC_N2485,13856.27,0.575,1406.2
TX00664,ACC_A0208,33787.77,0.617,827.5
TX04910,ACC_N1859,18135.43,0.4,1007.5
TX00146,ACC_M031,66599.13,0.976,42.7
TX04566,ACC_N0517,3932.77,0.292,862.4
TX01244,ACC_N2428,3669.49,0.562,701.8
TX08848,ACC_N1394,9690.44,0.569,596.2
TX03452,ACC_N3336,10101.83,0.108,1408.3
TX02929,ACC_N2065,1223.71,0.598,1053.3
TX07161,ACC_N1314,15000.76,0.591,623.0
TX07345,ACC_N2558,1467.68,0.477,982.0
TX08031,ACC_N2068,4817.49,0.146,204.5
TX06142,ACC_N1395,12011.11,0.517,805.9
TX04006,ACC_N0307,12020.91,0.381,336.0
TX01066,ACC_A0365,31843.35,0.503,1600.3
TX08666,ACC_N1875,9628.19,0.303,1321.4
TX04615,ACC_N1785,15690.61,0.284,999.8
TX06821,ACC_N3424,17452.38,0.485,689.6
TX09317,ACC_N3419,4903.58,0.16,789.0
TX05262,ACC_N0812,19144.59,0.252,757.0
TX01928,ACC_N0219,9951.45,0.312,220.4
TX03462,ACC_N1750,8520.94,0.184,975.8
TX04439,ACC_N0674,11860.09,0.591,879.1
TX06431,ACC_N3231,14453.48,0.297,1040.3
TX03815,ACC_N3465,17174.03,0.351,1024.4
TX05928,ACC_N0681,13264.04,0.587,516.3
TX06257,ACC_N0852,9612.1,0.157,1323.6
TX00432,ACC_A0252,29014.99,0.506,2270.0
TX03627,ACC_N2299,16262.98,0.278,1119.7
TX01080,ACC_A0199,30685.82,0.43,2390.5
TX08468,ACC_N1446,10524.69,0.4,1268.6
TX02751,ACC_N1935,18295.8,0.223,1055.0
TX00481,ACC_A0132,36648.96,0.601,2155.4
TX02209,ACC_N1173,9604.12,0.163,644.5
TX02551,ACC_N0212,17237.44,0.185,860.2
TX06744,ACC_N3140,8500.25,0.282,504.1
TX09078,ACC_N1423,14288.37,0.298,504.0
TX04336,ACC_N1277,10623.68,0.409,573.2
TX06989,ACC_N2817,735.22,0.344,
TX06649,ACC_N0490,902.55,0.567,1244.1
TX05545,ACC_N0980,4708.18,0.479,1208.3
TX01478,ACC_N1944,1103.15,0.537,545.9
TX08137,ACC_N2089,4605.51,0.579,1063.7
TX03951,ACC_N2863,17609.44,0.416,1172.1
TX07279,ACC_N0424,8092.68,0.252,660.4
TX07615,ACC_N1986,8152.67,0.6,924.5
TX02613,ACC_N0990,5577.86,0.419,214.0
TX03147,ACC_N3204,10232.62,0.439,483.1
TX09225,ACC_N0583,19809.64,0.468,793.6
TX04208,ACC_N2966,12197.77,0.371,848.6
TX01922,ACC_N1682,12574.48,0.251,321.5
TX07977,ACC_N1878,17604.59,0.305,1155.8
TX00778,ACC_A0116,15231.53,0.474,1845.0
TX08766,ACC_N2904,6165.99,0.309,603.2
TX00339,ACC_A0055,32065.29,0.613,1863.9
TX00312,ACC_A0328,46825.35,0.349,407.5
TX05057,ACC_N2476,4991.69,0.322,1305.3
TX00584,ACC_A0166,47468.98,0.526,2031.3
TX09903,ACC_N2556,1766.01,0.535,908.2
TX07498,ACC_N0316,8264.02,0.102,
TX06444,ACC_N1951,7785.88,0.257,1091.5
TX01500,ACC_N1102,12083.96,0.28,339.4
TX01258,ACC_N2755,12059.03,0.577,484.6
TX03007,ACC_N1269,6138.17,0.137,751.4
TX08245,ACC_N0582,1848.1,0.576,884.2
TX05573,ACC_N2200,10016.75,0.595,801.7
TX01212,ACC_N3246,15905.29,0.207,302.4
TX06687,ACC_N1061,10613.45,0.413,903.7
TX01784,ACC_N2259,19625.48,0.472,894.7
TX08550,ACC_N0915,10446.35,0.386,704.5
TX05768,ACC_N3064,3364.72,0.173,974.8
TX09266,ACC_N0648,6577.82,0.415,255.2
TX07816,ACC_N3498,10118.25,0.389,750.6
TX07878,ACC_N2708,6231.49,0.248,950.9
TX04879,ACC_N3418,13754.65,0.277,1394.1
TX01009,ACC_A0012,34891.1,0.366,818.7
TX04813,ACC_N3128,1149.8,0.537,308.8
TX00592,ACC_A0090,39292.93,0.613,341.4
TX00668,ACC_A0346,23346.28,0.639,1633.3
TX08947,ACC_N2164,2514.22,0.404,897.0
TX04309,ACC_N1676,8784.16,0.438,1077.4
TX07412,ACC_N1316,12463.79,0.417,1433.9
TX03541,ACC_N3250,16599.27,0.182,883.1
TX00213,ACC_A0393,38185.62,0.662,2159.3
TX05177,ACC_N1513,18567.68,0.319,617.8
TX09069,ACC_N1944,8909.29,0.43,1229.0
TX02304,ACC_N3469,15986.56,0.534,1159.0
TX03361,ACC_N2757,11448.05,0.133,1340.1
TX03871,ACC_N0167,7447.1,0.593,164.6
TX08800,ACC_N3212,14924.21,0.43,1396.8
TX00965,ACC_A0306,49547.57,0.655,1818.3
TX04905,ACC_N1399,1442.33,0.357,524.8
TX02171,ACC_N2891,5160.78,0.381,901.4
TX02908,ACC_N2068,7639.21,0.301,898.0
TX08763,ACC_N2914,13626.63,0.265,1242.3
TX00306,ACC_A0058,24228.49,0.659,2199.4
TX08532,ACC_N0428,12080.5,0.281,1082.6
TX02494,ACC_N2469,10234.14,0.346,1042.9
TX05811,ACC_N3357,4115.53,0.599,422.7
TX09980,ACC_N0858,6767.71,0.559,387.3
TX02403,ACC_N2586,13900.2,0.589,1053.0
TX00857,ACC_A0106,24166.56,0.635,1370.0
TX09433,ACC_N1815,6870.83,0.203,327.3
TX05425,ACC_N2625,14986.53,0.298,1280.1
TX05775,ACC_N2705,13498.96,0.2,1045.6
TX01522,ACC_N0781,17775.32,0.484,185.9
TX00477,ACC_A0162,28232.01,0.523,682.3
TX06099,ACC_N1758,5419.44,0.347,1136.6
TX02228,ACC_N0578,1713.0,0.153,239.0
TX01326,ACC_N3234,16584.65,0.208,733.9
TX00320,ACC_A0189,35442.06,0.675,1784.4
TX02359,ACC_N2689,18553.63,0.222,416.4
TX08367,ACC_N1993,8779.16,0.211,1076.1
TX03460,ACC_N2077,9152.18,0.594,587.2
TX04899,ACC_N0734,1228.38,0.282,1369.9
TX09744,ACC_N2953,4523.61,0.414,241.6
TX08834,ACC_N0615,14179.07,0.101,138.0
TX06297,ACC_N0599,18174.63,0.13,375.9
TX00943,ACC_A0341,48492.56,0.682,1203.5
TX01806,ACC_N1518,5587.91,0.324,754.7
TX09505,ACC_N1808,17839.92,0.143,128.4
TX01399,ACC_N2607,15741.83,0.495,583.0
TX04236,ACC_N0792,2959.99,0.505,133.5
TX09685,ACC_N1571,16827.15,0.25,1026.4
TX09650,ACC_N0236,7788.19,0.465,495.3
TX09754,ACC_N1183,13975.94,0.194,678.8
TX08503,ACC_N2294,11162.35,0.523,345.6
TX07226,ACC_N3230,6432.8,0.476,1070.3
TX07137,ACC_N2042,4936.07,0.558,261.5
TX04213,ACC_N2297,10939.73,0.176,394.7
TX05959,ACC_N0217,12686.37,0.53,231.8
TX02492,ACC_N0676,2162.73,0.492,1177.3
TX09274,ACC_N1105,13554.87,0.213,1122.2
TX01526,ACC_N2822,4563.79,0.419,1408.6
TX03501,ACC_N1243,17425.35,0.515,375.2
TX01724,ACC_N0008,1235.11,0.255,299.9
TX03057,ACC_N2730,6078.75,0.576,528.8
TX01994,ACC_N2914,2476.91,0.24,171.8
TX04126,ACC_N1035,1866.98,0.404,135.8
TX01746,ACC_N2889,4105.95,0.38,741.0
TX09601,ACC_N2370,3891.98,0.524,138.6
TX06110,ACC_N2413,12842.21,0.448,1296.6
TX01087,ACC_A0044,19071.68,0.663,456.4
TX07500,ACC_N0278,16016.28,0.126,1203.3
TX06330,ACC_N0136,1853.21,0.183,767.5
TX09794,ACC_N2455,12208.89,0.368,1298.1
TX09787,ACC_N0588,4663.2,0.209,423.0
TX03401,ACC_N0066,13484.23,0.469,183.3
TX01936,ACC_N0057,6343.54,0.294,1093.3
TX09567,ACC_N0612,11727.12,0.196,134.6
TX03659,ACC_N0746,6035.62,0.433,154.2
TX05348,ACC_N0197,1800.3,0.451,826.0
TX05499,ACC_N1153,11750.86,0.173,1279.1
TX07449,ACC_N0406,2105.67,0.221,
TX00559,ACC_A0378,33236.16,0.598,2749.0
TX06271,ACC_N0302,15429.29,0.153,1119.0
TX02240,ACC_N1324,4427.42,0.59,502.5
TX06603,ACC_N1621,12258.57,0.163,1400.5
TX09237,ACC_N2319,16836.27,0.458,659.4
TX08971,ACC_N2853,2983.3,0.316,898.1
TX06624,ACC_N2279,18647.92,0.436,889.5
TX09055,ACC_N1116,15036.32,0.58,333.2
TX06954,ACC_N3356,6810.77,0.176,152.5
TX08340,ACC_N2455,5817.2,0.3,843.0
TX08547,ACC_N2459,954.1,0.427,205.2
TX03384,ACC_N3341,16048.07,0.498,1204.1
TX07217,ACC_N0522,18559.78,0.316,278.6
TX09688,ACC_N0072,904.46,0.323,216.5
TX08908,ACC_N2241,5595.1,0.395,397.0
TX09216,ACC_N1063,13186.41,0.355,650.6
TX06205,ACC_N2195,8582.38,0.502,1114.8
TX01846,ACC_N0738,4266.62,0.563,429.7
TX00887,ACC_A0231,44564.27,0.353,2143.8
TX04188,ACC_N1563,11044.77,0.41,1273.0
TX02607,ACC_N1383,19967.22,0.218,870.4
TX04669,ACC_N0473,14049.14,0.559,1140.0
TX03444,ACC_N0325,15117.48,0.238,726.0
TX09324,ACC_N0573,9806.91,0.537,1288.4
TX00440,ACC_A0304,20142.03,0.404,418.8
TX09982,ACC_N0499,19224.02,0.313,1384.5
TX04320,ACC_N1083,1981.87,0.188,1378.0
TX05792,ACC_N2829,8015.71,0.535,1055.1
TX00338,ACC_A0112,24225.08,0.33,2440.8
TX00155,ACC_A0138,25848.82,0.644,314.6
TX01707,ACC_N2132,15112.89,0.586,930.1
TX04212,ACC_N0170,9862.1,0.244,1322.8
TX03554,ACC_N2087,5372.81,0.549,516.6
TX08029,ACC_N2440,1446.73,0.143,668.7
TX00938,ACC_A0107,44263.24,0.568,425.5
TX03236,ACC_N3409,13581.87,0.304,809.4
TX01943,ACC_N0757,8860.9,0.194,1000.5
TX00389,ACC_A0192,35565.01,0.682,2695.9
TX05334,ACC_N1923,-9252.22,0.219,192.6
TX00120,ACC_M001,292704.01,0.965,34.1
TX04022,ACC_N0449,9374.92,0.413,384.8
TX07261,ACC_N1432,15758.98,0.346,
TX05356,ACC_N2614,15450.75,0.226,853.4
TX07009,ACC_N3205,12651.65,0.394,1019.9
TX05656,ACC_N1322,977.37,0.401,153.3
TX04403,ACC_N0743,606.15,0.498,180.7
TX02617,ACC_N2723,17915.72,0.107,324.1
TX07144,ACC_N0564,9073.29,0.232,1396.3
TX00149,ACC_M003,73165.44,0.981,17.6
TX05736,ACC_N1309,17005.49,0.225,580.4
TX00527,ACC_A0180,31337.66,0.637,1428.7
TX03790,ACC_N1866,5065.0,0.287,1147.2
TX02121,ACC_N1255,12696.82,0.11,
TX07941,ACC_N2300,17929.27,0.43,1001.4
TX05156,ACC_N0653,3136.07,0.29,1194.3
TX03952,ACC_N0614,1285.49,0.274,703.6
TX04093,ACC_N0073,9834.68,0.133,
TX09357,ACC_N3164,2839.15,0.489,1257.8
TX07314,ACC_N0382,10095.59,0.331,1306.6
TX07893,ACC_N2127,16197.72,0.443,717.5
TX05074,ACC_N2048,12719.84,0.14,1038.2
TX00738,ACC_A0247,16996.95,0.596,499.0
TX03688,ACC_N0685,15041.81,0.322,579.7
TX01019,ACC_A0039,32071.14,0.617,2432.8
TX03285,ACC_N2472,13857.62,0.275,388.9
TX00947,ACC_A0306,22275.26,0.587,834.7
TX03082,ACC_N1217,9344.67,0.531,518.2
TX07401,ACC_N0077,14802.48,0.311,1405.6
TX09161,ACC_N0198,18307.1,0.173,1070.8
TX07942,ACC_N2036,17734.67,0.568,998.4
TX02226,ACC_N1681,4803.9,0.343,1138.5
TX02107,ACC_N1403,1186.7,0.201,433.9
TX06318,ACC_N3431,16533.12,0.429,1285.0
TX01411,ACC_N0110,12439.38,0.556,1049.2
TX07697,ACC_N1635,12275.62,0.144,983.1
TX06804,ACC_N1059,2807.73,0.471,911.8
TX06166,ACC_N0922,17598.43,0.386,986.1
TX06549,ACC_N0861,3491.64,0.354,1261.3
TX02988,ACC_N3002,19280.34,0.157,526.3
TX01079,ACC_A0317,40973.34,0.42,2229.3
TX08319,ACC_N0486,13245.89,0.418,879.0
TX07486,ACC_N2706,12182.81,0.176,473.1
TX03916,ACC_N2068,5237.43,0.41,301.6
TX05151,ACC_N1699,10709.06,0.22,643.9
TX04788,ACC_N0575,14447.71,0.493,147.2
TX04843,ACC_N2217,4873.33,0.5,1360.2
TX04377,ACC_N0563,7437.97,0.444,953.6
TX06146,ACC_N3286,4234.12,0.433,337.1
TX03847,ACC_N0840,1964.9,0.28,203.0
TX03834,ACC_N2156,3469.66,0.566,1300.6
TX05439,ACC_N0737,-18202.41,0.485,1241.6
TX08933,ACC_N1080,12564.2,0.47,1170.6
TX08419,ACC_N2701,8899.84,0.549,538.9
TX01291,ACC_N3065,12549.67,0.294,488.6
TX09530,ACC_N0443,13503.9,0.463,1434.1
TX03000,ACC_N2184,5846.2,0.347,616.5
TX01247,ACC_N2993,12589.39,0.387,763.5
TX03223,ACC_N1048,13625.67,0.337,1089.1
TX06724,ACC_N0605,12980.59,0.394,400.3
TX07002,ACC_N1996,6568.28,0.227,1044.2
TX06561,ACC_N0201,18337.66,0.55,447.4
TX04114,ACC_N1320,2004.32,0.476,848.6
TX07123,ACC_N0100,8966.64,0.263,653.7
TX06612,ACC_N0759,16743.15,0.3,1356.5
TX01521,ACC_N0164,16250.5,0.447,805.2
TX02469,ACC_N1276,6280.68,0.128,307.8
TX07073,ACC_N0181,13666.19,0.125,1151.0
TX08121,ACC_N3296,3980.44,0.486,1299.1
TX03901,ACC_N0195,1462.32,0.262,886.7
TX00674,ACC_A0259,18984.45,0.645,1836.0
TX00535,ACC_A0181,58854.63,0.355,2258.4
TX08961,ACC_N2646,19364.33,0.554,780.5
TX09192,ACC_N1580,9599.1,0.149,917.4
TX01860,ACC_N1119,4441.91,0.419,1120.8
TX03173,ACC_N0270,6653.29,0.533,1073.7
TX05044,ACC_N1543,18655.01,0.184,877.5
TX00078,ACC_M036,83320.09,0.97,2.0
TX06505,ACC_N3343,1849.99,0.256,1076.1
TX03827,ACC_N1223,17520.19,0.117,1166.5
TX08017,ACC_N0342,11017.29,0.172,817.5
TX02761,ACC_N2187,12788.41,0.458,639.6
TX00194,ACC_A0106,35670.61,0.425,386.9
TX04130,ACC_N2959,12414.96,0.306,1399.2
TX08384,ACC_N3328,6171.85,0.143,551.5
TX07031,ACC_N0161,5243.83,0.383,774.9
TX01793,ACC_N0034,4288.33,0.128,256.0
TX01611,ACC_N3167,2098.33,0.302,200.0
TX05018,ACC_N1185,18276.95,0.242,
TX04347,ACC_N1714,15669.92,0.404,571.1
TX08037,ACC_N2640,19336.88,0.294,214.7
TX02880,ACC_N0028,7950.05,0.589,1091.3
TX03158,ACC_N2192,19997.06,0.104,393.1
TX01596,ACC_N1392,6467.92,0.117,554.3
TX05307,ACC_N1225,2935.94,0.126,1412.9
TX02030,ACC_N1075,16810.1,0.362,1020.6
TX07616,ACC_N2151,7564.76,0.426,1191.0
TX03230,ACC_N2963,18109.04,0.561,709.5
TX08870,ACC_N0325,19167.68,0.276,740.1
TX04790,ACC_N1820,17167.44,0.507,1018.5
TX09817,ACC_N0809,13572.86,0.154,1184.2
TX02545,ACC_N1873,11973.13,0.346,415.3
TX09898,ACC_N0771,11290.01,0.214,513.0
TX04424,ACC_N3350,6749.49,0.32,715.4
TX00707,ACC_A0004,33071.11,0.337,1698.3
TX02531,ACC_N0244,19964.9,0.372,511.0
TX00241,ACC_A0077,25625.24,0.685,1273.5
TX03766,ACC_N3113,11806.2,0.119,567.9
TX03538,ACC_N0587,3803.74,0.323,152.3
TX05509,ACC_N1632,12099.24,0.174,289.2
TX05444,ACC_N3104,3535.14,0.276,214.1
TX01574,ACC_N1537,13010.59,0.246,725.3
TX03570,ACC_N2020,9757.06,0.547,1416.5
TX02419,ACC_N0719,14587.02,0.317,595.3
TX05007,ACC_N0679,18872.08,0.526,180.8
TX07087,ACC_N2875,-13818.86,0.14,476.9
TX09543,ACC_N2842,11651.01,0.531,724.4
TX03900,ACC_N1229,9190.99,0.461,190.8
TX09165,ACC_N0868,19404.72,0.128,561.8
TX08438,ACC_N3393,16544.24,0.449,1277.3
TX07492,ACC_N2072,9186.44,0.205,333.9
TX01593,ACC_N2446,13552.46,0.386,1101.8
TX05956,ACC_N0811,13025.23,0.296,692.0
TX08249,ACC_N1643,12857.77,0.344,706.6
TX02995,ACC_N1177,12515.57,0.398,226.3
TX09079,ACC_N1776,17963.87,0.551,218.7
TX09900,ACC_N0954,6075.17,0.226,439.6
TX09451,ACC_N0661,11621.81,0.374,707.8
TX07819,ACC_N1122,9261.27,0.37,410.8
TX00622,ACC_A0198,49156.61,0.448,2494.8
TX06345,ACC_N0479,1074.79,0.212,1260.4
TX01359,ACC_N0743,6942.63,0.299,465.0
TX02921,ACC_N3391,12845.16,0.119,134.4
TX03588,ACC_N1611,15699.92,0.426,905.4
TX05773,ACC_N1953,10677.73,0.3,976.8
TX01716,ACC_N3363,14912.28,0.385,420.3
TX08681,ACC_N1757,13215.17,0.321,641.5
TX02440,ACC_N0749,15665.49,0.532,1436.7
TX02737,ACC_N2381,7315.69,0.44,731.1
TX03347,ACC_N1140,13958.34,0.377,1419.0
TX05266,ACC_N2462,9848.61,0.386,1370.1
TX02575,ACC_N1231,10132.59,0.6,522.3
TX08222,ACC_N2199,7636.93,0.484,1162.9
TX03207,ACC_N3075,4810.9,0.138,178.6
TX03046,ACC_N3397,13611.06,0.391,1208.2
TX04618,ACC_N3183,11600.99,0.33,801.9
TX00299,ACC_A0114,37083.7,0.529,2075.2
TX05961,ACC_N3143,19059.43,0.125,438.9
TX02854,ACC_N2463,18136.83,0.151,796.8
TX00026,ACC_M025,403329.18,0.959,33.5
TX01036,ACC_A0125,23100.47,0.67,
TX01022,ACC_A0321,39008.04,0.639,2367.5
TX04979,ACC_N1974,10681.47,0.296,686.2
TX03296,ACC_N1731,19588.93,0.183,288.0
TX06565,ACC_N1577,18234.49,0.116,732.3
TX00161,ACC_A0036,49064.96,0.667,569.4
TX05823,ACC_N0234,12355.18,0.401,1123.5
TX04797,ACC_N0587,16365.51,0.592,1101.5
TX02301,ACC_N1453,8161.73,0.496,573.3
TX07266,ACC_N2290,16218.6,0.26,1353.7
TX01993,ACC_N0340,16522.01,0.232,897.3
TX04346,ACC_N3205,10285.88,0.582,409.4
TX03711,ACC_N1385,17703.01,0.164,601.2
TX06311,ACC_N0551,12282.01,0.416,718.7
TX05585,ACC_N1853,2493.37,0.203,1110.3
TX04088,ACC_N3206,15793.46,0.117,1334.6
TX01176,ACC_N2697,19521.72,0.183,877.5
TX08117,ACC_N2151,14920.73,0.519,885.3
TX02653,ACC_N2020,4558.07,0.423,1060.5
TX04731,ACC_N3132,10792.76,0.207,922.1
TX05418,ACC_N2428,14748.34,0.463,976.8
TX04138,ACC_N2687,16250.92,0.386,592.2
TX04544,ACC_N0581,12793.74,0.523,1245.0
TX03237,ACC_N2206,13456.26,0.156,849.3
TX02905,ACC_N1605,1310.42,0.254,864.2
TX01650,ACC_N2193,19563.0,0.194,1323.9
TX00937,ACC_A0245,-41697.54,0.653,567.5
TX00464,ACC_A0323,39078.14,0.57,2860.5
TX01265,ACC_N2028,12480.8,0.562,720.0
TX01787,ACC_N0360,17629.11,0.55,945.2
TX02535,ACC_N1675,7281.76,0.378,1379.4
TX03844,ACC_N0238,14231.42,0.124,625.1
TX03690,ACC_N1144,11713.87,0.58,294.7
TX05840,ACC_N0530,11423.35,0.27,
TX07442,ACC_N2375,6871.45,0.533,1292.3
TX03877,ACC_N2546,1635.24,0.542,742.5
TX01141,ACC_A0129,22484.92,0.628,493.0
TX08224,ACC_N0541,8296.73,0.512,1252.1
TX08518,ACC_N2328,9544.77,0.576,733.1
TX09450,ACC_N2848,994.08,0.107,230.2
TX07360,ACC_N2819,17026.26,0.576,1029.1
TX03437,ACC_N0747,9257.13,0.285,1223.9
TX04450,ACC_N0193,5367.68,0.401,1145.1
TX01585,ACC_N2604,17490.65,0.364,557.2
TX05487,ACC_N1518,15979.94,0.511,346.8
TX09510,ACC_N0150,8595.32,0.557,1417.2
TX06919,ACC_N0505,16044.52,0.194,1255.5
TX04075,ACC_N1077,14617.79,0.559,892.1
TX09424,ACC_N1965,17487.19,0.432,437.4
TX02194,ACC_N1376,824.88,0.415,366.9
TX08291,ACC_N0144,12894.62,0.392,554.1
TX00861,ACC_A0027,38865.95,0.616,1362.6
TX06418,ACC_N0390,9040.3,0.276,265.7
TX08788,ACC_N3257,-18235.59,0.186,223.4
TX05147,ACC_N3111,535.33,0.251,1095.4
TX00686,ACC_A0371,28365.13,0.518,1754.2
TX01376,ACC_N3399,13611.6,0.307,923.7
TX09619,ACC_N0328,18866.56,0.156,924.2
TX07383,ACC_N2846,3566.83,0.15,1046.2
TX08722,ACC_N2345,6986.63,0.226,1181.1
TX02816,ACC_N2969,19202.14,0.386,909.5
TX06149,ACC_N1126,13602.91,0.396,1293.4
TX04708,ACC_N0166,16214.23,0.427,1285.6
TX01840,ACC_N2107,11505.71,0.355,394.1
TX00986,ACC_A0266,43464.32,0.487,1494.8
TX09592,ACC_N0045,9840.96,0.531,1329.2
TX07309,ACC_N2628,16675.69,0.423,823.7
TX01983,ACC_N2641,16812.35,0.552,404.3
TX01819,ACC_N2928,15475.41,0.391,1186.5
TX07911,ACC_N0165,16602.29,0.473,494.9
TX00442,ACC_A0097,53858.32,0.684,759.0
TX05304,ACC_N3066,12355.21,0.265,257.3
TX04573,ACC_N2827,17677.19,0.235,944.1
TX07968,ACC_N1889,10366.33,0.142,851.5
TX02423,ACC_N0302,17391.43,0.418,1132.8
TX00695,ACC_A0373,20599.69,0.524,1458.6
TX01937,ACC_N1069,19260.99,0.419,1093.4
TX01519,ACC_N1720,14286.8,0.33,885.7
TX05491,ACC_N1459,14104.1,0.271,274.8
TX01161,ACC_N0216,13637.18,0.187,299.1
TX00055,ACC_M031,319054.99,0.98,4.1
TX06480,ACC_N0662,4765.44,0.12,211.1
TX02778,ACC_N2007,1559.79,0.236,546.2
TX02635,ACC_N0043,10195.97,0.106,228.9
TX08362,ACC_N1994,14793.97,0.365,533.8
TX04885,ACC_N1394,2607.51,0.284,1158.7
TX00709,ACC_A0006,25375.61,0.378,868.8
TX05211,ACC_N0154,7518.32,0.337,201.3
TX05599,ACC_N1183,19579.67,0.266,643.9
TX09672,ACC_N2197,9788.36,0.55,567.2
TX08911,ACC_N0906,3881.09,0.345,252.9
TX04933,ACC_N3158,12280.55,0.354,785.2
TX04510,ACC_N1246,19246.03,0.161,1118.5
TX06626,ACC_N2535,8306.93,0.35,943.9
TX00671,ACC_A0237,18151.34,0.566,1718.0
TX03069,ACC_N0259,5995.05,0.311,825.0
TX02141,ACC_N2784,6385.28,0.357,574.6
TX01705,ACC_N1422,14364.52,0.554,867.2
TX06090,ACC_N2403,17913.53,0.326,307.3
TX03313,ACC_N0960,14108.36,0.276,1439.8
TX00888,ACC_A0038,49067.67,0.394,2574.4
TX05986,ACC_N0479,15998.56,0.298,1257.3
TX04658,ACC_N1685,17708.17,0.264,891.5
TX05954,ACC_N0930,10495.36,0.203,1161.0
TX07402,ACC_N2129,8078.79,0.503,884.8
TX00692,ACC_A0146,17029.53,0.365,305.2
TX06885,ACC_N0208,6440.4,0.269,772.0
TX01809,ACC_N0523,14142.13,0.386,528.8
TX04611,ACC_N2273,12983.78,0.425,517.7
TX00998,ACC_A0022,44345.55,0.48,688.6
TX05704,ACC_N1495,8809.25,0.574,408.6
TX06569,ACC_N0352,10059.33,0.476,1084.1
TX08636,ACC_N3372,17740.87,0.186,908.3
TX08765,ACC_N0343,15713.74,0.361,1071.2
TX09716,ACC_N3075,16331.24,0.452,758.0
TX08301,ACC_N0749,9530.8,0.255,734.2
TX08745,ACC_N1572,4775.68,0.456,198.7
TX01153,ACC_N2259,2831.46,0.463,682.5
TX01201,ACC_N0939,18520.1,0.279,561.3
TX09452,ACC_N1520,10382.28,0.179,1013.6
TX04987,ACC_N3391,7060.99,0.383,122.9
TX05692,ACC_N1232,13481.45,0.149,711.8
TX06303,ACC_N0100,12009.51,0.383,232.8
TX05049,ACC_N3401,17912.81,0.339,1257.3
TX04191,ACC_N2147,17240.17,0.376,145.1
TX01101,ACC_A0245,29777.16,0.68,502.7
TX03409,ACC_N0605,4365.02,0.523,136.6
TX06462,ACC_N2225,4590.62,0.25,656.9
TX03112,ACC_N2871,1035.68,0.122,376.9
TX05494,ACC_N1561,12627.33,0.268,875.7
TX09626,ACC_N1545,14517.85,0.196,133.4
TX08071,ACC_N2913,8492.74,0.398,406.6
TX01528,ACC_N0921,12950.53,0.45,249.5
TX02627,ACC_N2550,6907.13,0.19,1232.3
TX05788,ACC_N2773,19376.41,0.424,901.5
TX06514,ACC_N0245,16624.62,0.385,993.8
TX04922,ACC_N2362,17658.63,0.271,155.5
TX01553,ACC_N2368,4057.93,0.248,1115.2
TX01419,ACC_N2469,1825.48,0.217,829.6
TX09253,ACC_N1999,7110.17,0.503,1099.2
TX03029,ACC_N2780,18396.57,0.263,635.5
TX09295,ACC_N0703,1456.64,0.451,915.9
TX02217,ACC_N0508,15260.09,0.513,443.1
TX09074,ACC_N0538,19380.45,0.151,152.0
TX07385,ACC_N0083,10957.82,0.196,230.3
TX03068,ACC_N1985,4185.22,0.437,682.4
TX05247,ACC_N3162,990.22,0.131,904.3
TX04594,ACC_N1434,2697.13,0.342,229.9
TX03970,ACC_N1753,8050.07,0.169,737.0
TX03051,ACC_N1273,5881.0,0.556,978.5
TX09588,ACC_N2333,-14597.93,0.591,1146.6
TX00901,ACC_A0126,57355.69,0.663,1549.6
TX00730,ACC_A0297,48654.22,0.445,826.4
TX02886,ACC_N3234,8881.97,0.369,1280.6
TX08255,ACC_N2117,4898.81,0.539,631.3
TX00830,ACC_A0063,38716.08,0.693,2162.6
TX06417,ACC_N0350,6018.83,0.366,353.4
TX03470,ACC_N0761,13338.79,0.59,1183.5
TX07938,ACC_N0901,3595.78,0.547,585.3
TX01268,ACC_N2562,9663.35,0.317,1153.4
TX04624,ACC_N0185,3550.32,0.135,446.5
TX05449,ACC_N2477,6671.78,0.209,1198.6
TX04082,ACC_N0812,6874.42,0.232,224.9
TX05540,ACC_N0384,19986.67,0.259,202.5
TX02210,ACC_N3246,7514.54,0.342,444.8
TX08981,ACC_N1460,4504.13,0.337,990.7
TX03849,ACC_N0592,17161.87,0.337,603.5
TX03813,ACC_N0784,10396.43,0.374,1397.8
TX04135,ACC_N0182,18146.76,0.51,1048.0
TX07307,ACC_N0268,19386.01,0.466,253.2
TX02529,ACC_N1707,12256.41,0.322,729.8
TX08398,ACC_N2518,3046.91,0.503,737.7
TX01590,ACC_N0451,17139.92,0.352,227.4
TX08092,ACC_N2773,-13049.31,0.551,280.2
TX08133,ACC_N1864,1765.53,0.195,668.8
TX09969,ACC_N3362,4281.54,0.524,1360.2
TX07734,ACC_N1811,4883.85,0.212,581.0
TX07914,ACC_N0934,19642.85,0.194,615.9
TX04060,ACC_N1236,6537.21,0.205,480.0
TX00682,ACC_A0045,38513.36,0.618,1727.7
TX02864,ACC_N3267,9993.15,0.521,
TX08952,ACC_N2540,14616.49,0.261,532.3
TX03965,ACC_N1261,5108.68,0.378,1382.5
TX03686,ACC_N0690,17793.4,0.136,543.9
TX05155,ACC_N0420,884.65,0.421,548.1
TX07487,ACC_N2079,19846.47,0.172,1255.0
TX03704,ACC_N1146,9117.2,0.106,1215.6
TX06224,ACC_N3424,5620.16,0.197,132.8
TX09342,ACC_N2793,17356.05,0.172,521.2
TX06454,ACC_N0703,10313.65,0.155,145.3
TX00445,ACC_A0388,36637.66,0.429,954.9
TX04622,ACC_N0767,2648.36,0.562,977.3
TX03101,ACC_N1403,12947.83,0.185,468.6
TX06708,ACC_N2782,10594.73,0.468,1418.4
TX02989,ACC_N0986,18392.13,0.542,125.4
TX04062,ACC_N1287,16847.88,0.112,237.2
TX01220,ACC_N1921,1691.54,0.383,488.0
TX00754,ACC_A0202,17768.27,0.452,953.7
TX04255,ACC_N0201,7149.89,0.582,784.3
TX03909,ACC_N1307,1911.59,0.445,1401.6
TX00325,ACC_A0210,18954.07,0.307,1423.6
TX07388,ACC_N0430,15041.9,0.215,749.9
TX09322,ACC_N1014,9923.35,0.307,946.9
TX04207,ACC_N2816,937.76,0.534,1173.4
TX07886,ACC_N2533,19434.06,0.261,759.6
TX07666,ACC_N2774,936.15,0.166,121.5
TX09853,ACC_N0948,15146.04,0.335,1179.9
TX08102,ACC_N3014,5491.71,0.574,682.3
TX03549,ACC_N1117,10285.5,0.534,714.7
TX02843,ACC_N2769,11054.15,0.154,1288.4
TX07851,ACC_N1985,15240.4,0.311,949.4
TX05861,ACC_N1909,10305.44,0.573,1065.0
TX01737,ACC_N2378,19103.82,0.527,1387.4
TX09912,ACC_N2983,14062.34,0.433,187.9
TX04593,ACC_N2044,8419.14,0.546,159.9
TX03009,ACC_N3090,2781.17,0.548,1206.5
TX08479,ACC_N2665,8240.17,0.166,592.5
TX09886,ACC_N0599,-13089.28,0.283,606.6
TX07543,ACC_N2842,17194.85,0.238,620.0
TX00827,ACC_A0254,-57493.66,0.63,1063.5
TX01151,ACC_N2023,14900.86,0.476,532.0
TX08726,ACC_N2391,1950.75,0.279,1037.8
TX02661,ACC_N1082,18276.84,0.363,357.2
TX00295,ACC_A0388,40919.93,0.309,
TX00821,ACC_A0367,31732.51,0.469,2349.8
TX04009,ACC_N0678,18689.04,0.469,727.7
TX05105,ACC_N2046,17569.74,0.223,859.7
TX04889,ACC_N1167,6662.09,0.585,1193.4
TX00371,ACC_A0321,46217.29,0.552,2744.3
TX07806,ACC_N0296,8332.97,0.572,783.8
TX04493,ACC_N2485,16996.32,0.558,1032.2
TX09891,ACC_N1870,8307.68,0.271,850.0
TX00511,ACC_A0363,57498.44,0.424,2428.0
TX00455,ACC_A0290,-50122.31,0.344,1622.8
TX06200,ACC_N1015,16051.59,0.31,1412.5
TX08777,ACC_N2674,15250.69,0.161,830.2
TX03857,ACC_N2490,9802.44,0.37,1302.2
TX08317,ACC_N1819,19304.59,0.365,1114.8
TX09876,ACC_N3421,11697.46,0.55,1135.1
TX01113,ACC_A0133,43915.92,0.445,1594.1
TX04925,ACC_N1948,15384.5,0.573,833.3
TX00625,ACC_A0146,59125.96,0.407,938.6
TX04430,ACC_N3244,11369.87,0.425,1342.8
TX02357,ACC_N3353,5260.88,0.574,181.6
TX05090,ACC_N2390,7093.73,0.12,527.7
TX09485,ACC_N0746,17866.58,0.17,934.5
TX01834,ACC_N2762,13931.8,0.55,502.3
TX05014,ACC_N2251,14364.26,0.524,122.2
TX07653,ACC_N0738,17011.08,0.18,250.5
TX07885,ACC_N1728,9569.91,0.556,1293.5
TX02595,ACC_N2182,13833.87,0.541,856.2
TX06240,ACC_N0307,16305.07,0.303,
TX07131,ACC_N3385,13651.43,0.132,269.4
TX08477,ACC_N2883,18657.06,0.57,675.2
TX07533,ACC_N1688,8140.94,0.569,1402.3
TX00013,ACC_M028,424599.19,0.982,2.1
TX06556,ACC_N2378,9195.97,0.482,314.6
TX04444,ACC_N0076,656.16,0.452,620.9
TX04608,ACC_N1976,7437.59,0.255,921.0
TX05431,ACC_N2012,2471.23,0.372,319.6
TX04850,ACC_N2627,10136.07,0.215,421.6
TX04393,ACC_N1673,1574.64,0.542,1257.9
TX06965,ACC_N3434,13895.3,0.236,935.6
TX06564,ACC_N3175,4153.33,0.548,1422.7
TX07784,ACC_N0494,14579.41,0.102,697.6
TX02757,ACC_N0534,13738.3,0.234,225.3
TX01511,ACC_N2874,12294.37,0.375,1064.2
TX02488,ACC_N2219,5678.37,0.186,370.8
TX07856,ACC_N0075,3916.45,0.299,
TX06796,ACC_N2133,5358.9,0.288,339.1
TX05859,ACC_N1307,6314.8,0.126,693.1
TX07139,ACC_N3457,8775.73,0.197,196.9
TX09386,ACC_N0194,14168.91,0.451,1235.6
TX04409,ACC_N2769,19134.97,0.216,541.1
TX07525,ACC_N1438,7023.16,0.231,729.6
TX07552,ACC_N2293,6759.92,0.537,713.4
TX02004,ACC_N0989,2920.09,0.109,1170.2
TX07361,ACC_N1772,6994.27,0.431,303.4
TX00794,ACC_A0298,20780.19,0.331,2226.7
TX05542,ACC_N1770,6911.64,0.168,1244.5
TX06294,ACC_N2755,18139.8,0.139,1004.4
TX08414,ACC_N0547,8168.0,0.235,474.4
TX08179,ACC_N2960,16779.81,0.158,172.5
TX01438,ACC_N0129,7410.36,0.564,380.5
TX03083,ACC_N0620,1241.96,0.436,209.4
TX01871,ACC_N0273,11622.99,0.577,625.2
TX03273,ACC_N0060,7575.88,0.316,827.5
TX04814,ACC_N2121,18299.35,0.244,1275.4
TX00508,ACC_A0389,42143.88,0.378,2175.0
TX03492,ACC_N1234,14841.54,0.312,1291.2
TX02891,ACC_N2446,9852.69,0.515,844.7
TX08229,ACC_N0413,5392.4,0.589,857.9
TX00343,ACC_A0201,50168.15,0.547,2620.6
TX08422,ACC_N2539,4995.74,0.595,591.6
TX03927,ACC_N0076,19394.87,0.272,1276.9
TX05457,ACC_N2745,18023.02,0.447,1071.8
TX04722,ACC_N1190,19246.96,0.206,853.1
TX03843,ACC_N1991,9969.8,0.387,370.6
TX06498,ACC_N1890,4933.91,0.43,230.0
TX01117,ACC_A0095,57816.54,0.477,2364.2
TX06487,ACC_N2630,19338.95,0.418,305.8
TX02877,ACC_N2535,18704.82,0.119,164.9
TX09139,ACC_N0211,16831.63,0.547,312.1
TX03163,ACC_N2146,2325.84,0.431,1115.2
TX00691,ACC_A0230,55965.26,0.564,943.8
TX03721,ACC_N1728,3923.81,0.453,1324.7
TX05423,ACC_N1471,16945.78,0.276,1141.0
TX05769,ACC_N1824,11267.14,0.219,624.6
TX09484,ACC_N1503,12849.41,0.144,652.5
TX08114,ACC_N1311,15750.76,0.123,224.4
TX07593,ACC_N2458,1583.78,0.582,897.8
TX00010,ACC_M045,368632.66,0.986,12.9
TX09857,ACC_N1720,8523.95,0.321,162.5
TX00519,ACC_A0214,20524.96,0.639,1672.6
TX04238,ACC_N2552,3375.33,0.553,859.4
TX08616,ACC_N0191,7934.68,0.575,1205.0
TX04664,ACC_N0892,5660.67,0.262,1386.4
TX07342,ACC_N1420,1534.0,0.198,1253.4
TX09724,ACC_N0419,10523.83,0.269,1178.9
TX07790,ACC_N0344,13275.86,0.266,1430.2
TX09519,ACC_N0328,19838.43,0.444,630.4
TX00728,ACC_A0388,35852.13,0.539,2030.3
TX06300,ACC_N3429,7696.6,0.4,1316.5
TX08853,ACC_N2116,9118.3,0.246,1340.2
TX07494,ACC_N0854,17417.37,0.175,178.1
TX08832,ACC_N1955,15819.55,0.341,489.1
TX05611,ACC_N0202,6467.02,0.505,244.1
TX07580,ACC_N0306,16119.66,0.526,125.7
TX01298,ACC_N2537,12402.36,0.534,745.7
TX02560,ACC_N0492,19630.37,0.237,1135.9
TX04087,ACC_N0604,10091.42,0.294,1209.2
TX00640,ACC_A0100,20187.69,0.457,2048.1
TX06806,ACC_N0972,15851.38,0.114,201.0
TX03818,ACC_N1133,13951.56,0.569,1134.3
TX07260,ACC_N0758,16507.74,0.591,1325.1
TX07499,ACC_N1885,6396.48,0.475,162.7
TX09795,ACC_N2225,2457.82,0.516,1201.5
TX07863,ACC_N2022,3073.67,0.524,1365.6
TX09224,ACC_N0206,6339.6,0.22,362.7
TX00479,ACC_A0340,38744.15,0.322,880.2
TX09637,ACC_N0811,11392.18,0.174,839.0
TX08252,ACC_N1583,12494.97,0.589,586.0
TX06787,ACC_N1252,17325.82,0.252,504.2
TX08141,ACC_N1530,7760.14,0.35,1118.1
TX07034,ACC_N2244,18047.22,0.143,579.9
TX08118,ACC_N0159,8954.13,0.206,931.8
TX04058,ACC_N1619,9320.12,0.156,717.9
TX05319,ACC_N0172,15370.14,0.415,1181.4
TX02153,ACC_N2332,2434.98,0.18,760.7
TX07481,ACC_N1108,6784.8,0.236,378.3
TX00236,ACC_A0397,18803.27,0.698,2535.7
TX00961,ACC_A0260,33715.83,0.6,1091.8
TX01750,ACC_N2475,7583.82,0.372,1430.6
TX05224,ACC_N1926,6889.27,0.145,442.1
TX05254,ACC_N0670,18001.81,0.125,926.1
TX08968,ACC_N0918,14539.79,0.442,801.0
TX03526,ACC_N0475,12076.15,0.162,164.2
TX00867,ACC_A0319,23345.65,0.595,357.1
TX07049,ACC_N0819,15455.11,0.248,694.0
TX04943,ACC_N0186,858.25,0.487,1245.3
TX09265,ACC_N0479,4511.63,0.266,1366.0
TX08052,ACC_N3304,15504.01,0.442,
TX05326,ACC_N3336,16944.41,0.289,177.8
TX04515,ACC_N3178,2552.67,0.293,596.6
TX08704,ACC_N3318,18618.16,0.342,133.0
TX07126,ACC_N0323,16304.16,0.187,385.7
TX03760,ACC_N2889,5565.99,0.37,220.6
TX01558,ACC_N3411,7655.75,0.289,1327.7
TX00246,ACC_A0310,21648.26,0.469,1756.7
TX02956,ACC_N2633,19089.67,0.433,777.2
TX01431,ACC_N0011,19884.59,0.317,488.6
TX05460,ACC_N3033,6107.23,0.398,508.2
TX00732,ACC_A0214,55271.46,0.628,2411.4
TX06336,ACC_N2660,12837.57,0.39,146.3
TX06769,ACC_N1270,6454.39,0.189,914.1
TX09285,ACC_N1754,17932.76,0.488,193.9
TX04387,ACC_N2516,4166.31,0.383,868.8
TX07781,ACC_N1161,12891.42,0.395,554.2
TX08782,ACC_N0762,7185.94,0.395,706.1
TX08654,ACC_N3373,9214.86,0.454,1439.8
TX06112,ACC_N2314,10409.19,0.219,275.3
TX05987,ACC_N3234,2700.73,0.338,945.9
TX06120,ACC_N0140,6552.76,0.267,1202.8
TX02077,ACC_N2070,10574.24,0.492,367.9
TX00598,ACC_A0262,43049.96,0.492,551.6
TX00385,ACC_A0056,48958.59,0.624,1214.0
TX07669,ACC_N2071,1767.61,0.426,1343.7
TX07501,ACC_N0542,7047.84,0.575,735.3
TX01054,ACC_A0206,21459.41,0.688,1769.3
TX08830,ACC_N1739,19779.17,0.256,794.9
TX07100,ACC_N1019,9985.71,0.305,374.8
TX02668,ACC_N1780,16744.17,0.428,751.3
TX05213,ACC_N2166,1291.62,0.35,735.1
TX04766,ACC_N2111,16112.95,0.571,335.9
TX00907,ACC_A0290,31101.06,0.488,836.5
TX02924,ACC_N1671,3113.49,0.272,1005.2
TX06202,ACC_N3025,12690.35,0.275,1114.1
TX01338,ACC_N0459,8009.5,0.535,1361.1
TX09215,ACC_N1558,15632.43,0.304,994.2
TX07683,ACC_N0029,11780.41,0.461,812.9
TX09493,ACC_N2534,6823.02,0.232,837.4
TX03807,ACC_N0607,14524.39,0.235,943.2
TX06347,ACC_N0536,19735.73,0.592,540.7
TX05985,ACC_N0737,13835.92,0.437,
TX02619,ACC_N3258,6034.06,0.241,205.2
TX01335,ACC_N1366,14974.72,0.448,1336.4
TX07925,ACC_N2618,13389.51,0.593,825.0
TX06264,ACC_N0708,2225.49,0.169,818.4
TX00846,ACC_A0270,29037.84,0.391,1801.9
TX01673,ACC_N3451,17953.6,0.41,1014.2
TX00891,ACC_A0239,47592.84,0.405,2241.8
TX03015,ACC_N1407,9753.61,0.297,1358.4
TX02049,ACC_N2898,2727.62,0.255,586.4
TX00147,ACC_M005,324303.95,0.988,44.4
TX00499,ACC_A0253,37747.85,0.531,384.6
TX03805,ACC_N0121,11919.28,0.375,745.0
TX08300,ACC_N2867,10306.43,0.53,612.4
TX00493,ACC_A0149,52790.5,0.603,2593.3
TX06627,ACC_N0442,17472.72,0.5,1274.7
TX09242,ACC_N2676,16403.27,0.299,524.7
TX06450,ACC_N3175,2574.18,0.6,1147.3
TX09163,ACC_N3372,9850.85,0.535,221.4
TX01296,ACC_N3306,11554.41,0.276,748.1
TX04206,ACC_N3055,15701.28,0.509,976.1
TX08522,ACC_N2400,7084.3,0.157,974.2
TX09993,ACC_N2166,17746.15,0.312,1117.9
TX03021,ACC_N1312,7148.85,0.246,784.6
TX03931,ACC_N2075,13980.38,0.456,1045.6
TX05410,ACC_N1023,11959.96,0.379,1355.8
TX04526,ACC_N1290,1057.13,0.223,
TX07646,ACC_N3099,789.94,0.129,1365.0
TX05002,ACC_N2967,5746.52,0.427,130.9
TX06550,ACC_N0990,8712.15,0.15,126.3
TX02211,ACC_N2359,10955.03,0.363,418.5
TX07505,ACC_N0356,16480.6,0.531,608.6
TX07399,ACC_N0647,19804.62,0.386,1156.2
TX02147,ACC_N3255,2854.56,0.139,435.6
TX04583,ACC_N2622,18562.46,0.362,1356.3
TX00922,ACC_A0095,57084.08,0.411,480.6
TX05549,ACC_N1605,863.61,0.593,1121.5
TX00616,ACC_A0217,46075.21,0.318,1116.7
TX00425,ACC_A0288,55980.88,0.442,2503.9
TX09739,ACC_N1975,7186.93,0.249,262.5
TX09679,ACC_N0518,2302.21,0.437,1240.7
TX03271,ACC_N0679,10326.3,0.315,1254.0
TX06197,ACC_N2112,15270.52,0.349,611.8
TX05404,ACC_N0504,13550.51,0.594,406.6
TX06591,ACC_N2964,16157.84,0.587,1429.9
TX07443,ACC_N3142,10225.24,0.279,1245.3
TX04724,ACC_N1193,11409.77,0.336,1061.3
TX04557,ACC_N0683,1432.86,0.35,1411.5
TX02738,ACC_N1236,6656.56,0.17,1366.8
TX09867,ACC_N0433,17283.43,0.388,
TX06997,ACC_N1188,19523.6,0.553,528.1
TX00110,ACC_M056,84640.96,0.955,5.0
TX07789,ACC_N0539,16424.1,0.245,1256.1
TX02973,ACC_N3287,11906.15,0.309,473.5
TX04341,ACC_N2178,3690.36,0.577,415.1
TX09879,ACC_N3413,15410.92,0.447,330.1
TX02003,ACC_N1119,11862.38,0.119,360.8
TX09955,ACC_N2126,15679.2,0.211,1222.2
TX00673,ACC_A0287,17370.77,0.339,671.4
TX04431,ACC_N1876,17435.28,0.261,1411.6
TX03331,ACC_N3046,16115.65,0.205,769.1
TX05809,ACC_N1020,2112.01,0.505,
TX01138,ACC_A0383,23871.94,0.511,1525.4
TX08483,ACC_N1516,16099.84,0.267,684.2
TX09629,ACC_N3330,10939.93,0.172,830.3
TX05149,ACC_N1241,7138.6,0.492,228.8
TX00396,ACC_A0344,15549.14,0.412,1541.8
TX05071,ACC_N0180,19264.86,0.527,1147.0
TX06420,ACC_N2425,1914.67,0.143,576.9
TX01044,ACC_A0216,15782.09,0.448,2721.1
TX07495,ACC_N0304,1340.99,0.499,1062.5
TX08447,ACC_N2230,5629.5,0.467,278.4
TX02396,ACC_N2302,7927.36,0.575,183.8
TX00204,ACC_A0371,39176.85,0.57,1943.7
TX06386,ACC_N2924,4654.62,0.186,1020.5
TX06733,ACC_N2236,15230.91,0.574,919.5
TX08689,ACC_N1998,866.29,0.36,863.9
TX08373,ACC_N1372,17854.29,0.355,185.4
TX09805,ACC_N0139,10697.69,0.189,1068.0
TX00702,ACC_A0151,42035.93,0.456,
TX02096,ACC_N1391,2496.16,0.298,956.8
TX04902,ACC_N3330,7351.89,0.181,528.2
TX07124,ACC_N1199,3056.86,0.137,1211.0
TX02662,ACC_N3007,-18596.28,0.44,826.9
TX00289,ACC_A0287,52904.13,0.513,2060.1
TX01231,ACC_N0643,9420.14,0.383,1294.3
TX04985,ACC_N2979,4520.84,0.135,484.0
TX06104,ACC_N0305,7517.71,0.145,1418.3
TX03701,ACC_N1476,14321.59,0.352,1014.7
TX04248,ACC_N2155,17679.58,0.587,
TX05011,ACC_N0992,16212.96,0.392,268.9
TX04365,ACC_N0072,6377.14,0.399,155.5
TX06106,ACC_N3229,10911.6,0.399,1309.4
TX03345,ACC_N0432,2571.79,0.312,206.9
TX03259,ACC_N1487,19856.2,0.141,198.8
TX00368,ACC_A0155,34418.77,0.548,722.8
TX00613,ACC_A0197,51334.36,0.489,2386.7
TX03922,ACC_N2787,8566.07,0.58,477.3
TX05052,ACC_N2686,8607.6,0.197,773.6
TX06268,ACC_N3015,7142.77,0.253,833.3
TX08789,ACC_N1062,4175.52,0.415,529.5
TX06791,ACC_N3130,17702.25,0.16,1322.6
TX04217,ACC_N2788,16747.59,0.158,1292.4
TX05452,ACC_N0890,15398.72,0.189,1052.6
TX05632,ACC_N0284,3848.17,0.321,644.2
TX09785,ACC_N0630,8575.13,0.368,964.8
TX08403,ACC_N0914,6979.44,0.15,1160.5
TX00534,ACC_A0237,24877.97,0.387,1373.1
TX07954,ACC_N3261,5447.72,0.413,1011.6
TX02906,ACC_N2706,4532.55,0.327,1260.2
TX05739,ACC_N0809,10937.43,0.2,1001.1
TX00347,ACC_A0053,52130.97,0.388,1521.4
TX09983,ACC_N0877,5884.66,0.282,933.2
TX06208,ACC_N2910,10513.21,0.523,994.2
TX09887,ACC_N0387,14376.35,0.4,1062.4
TX03202,ACC_N1532,7406.01,0.163,755.5
TX08760,ACC_N3001,9266.94,0.483,556.7
TX09829,ACC_N3199,3224.2,0.333,385.3
TX07435,ACC_N2312,9002.81,0.525,428.5
TX03061,ACC_N0070,11876.81,0.559,1385.9
TX04155,ACC_N2586,18333.26,0.115,219.9
TX09984,ACC_N3290,5307.07,0.304,1156.0
TX03727,ACC_N1567,12235.61,0.429,1039.2
TX08650,ACC_N2228,16351.64,0.153,844.6
TX00904,ACC_A0278,54714.01,0.48,1971.3
TX00270,ACC_A0006,40098.4,0.437,307.4
TX02354,ACC_N0224,14285.65,0.542,126.5
TX07297,ACC_N2290,7399.16,0.292,1304.7
TX09620,ACC_N1281,17072.49,0.347,365.9
TX01729,ACC_N2883,15758.75,0.6,140.6
TX04861,ACC_N1888,17981.83,0.319,157.2
TX03565,ACC_N1878,9203.91,0.201,560.5
TX05317,ACC_N2778,16765.7,0.181,348.5
TX04308,ACC_N3054,7321.17,0.595,540.8
TX09767,ACC_N2827,9730.24,0.411,465.5
TX07865,ACC_N0896,16107.03,0.592,385.3
TX01183,ACC_N1270,5799.84,0.291,1231.8
TX04607,ACC_N2628,1402.11,0.576,830.4
TX08181,ACC_N0259,1609.58,0.269,1246.0
TX09413,ACC_N3147,1329.23,0.457,1238.8
TX00547,ACC_A0360,24811.04,0.342,1699.6
TX01612,ACC_N3033,13113.33,0.492,1331.7
TX01168,ACC_N2300,11245.49,0.265,435.1
TX06963,ACC_N1490,8991.58,0.55,485.5
TX06836,ACC_N1282,4502.8,0.322,450.6
TX04162,ACC_N1676,4878.91,0.448,673.9
TX08343,ACC_N3218,14306.22,0.512,1322.7
TX02373,ACC_N0992,17835.74,0.239,
TX01155,ACC_N3474,5506.5,0.374,797.6
TX06015,ACC_N2646,18587.45,0.394,334.9
TX08349,ACC_N3413,14631.73,0.286,514.7
TX05720,ACC_N2177,7544.69,0.223,165.7
TX08565,ACC_N3224,18492.18,0.137,1251.7
TX07751,ACC_N1674,12835.57,0.281,556.5
TX08770,ACC_N1149,11770.02,0.33,673.1
TX03137,ACC_N3288,5947.12,0.191,209.6
TX06869,ACC_N1877,18633.87,0.152,1101.2
TX06476,ACC_N2466,19191.64,0.435,395.2
TX00095,ACC_M013,396935.23,0.951,16.0
TX09155,ACC_N1833,18169.18,0.419,456.4
TX08077,ACC_N2005,17284.17,0.14,643.1
TX05675,ACC_N0194,12935.21,0.364,644.6
TX03135,ACC_N3215,6401.15,0.449,721.1
TX07014,ACC_N2852,13033.55,0.511,1075.8
TX04423,ACC_N2764,19233.94,0.441,227.2
TX00313,ACC_A0264,49550.08,0.491,1325.9
TX02798,ACC_N2136,17249.18,0.254,1351.4
TX08095,ACC_N2804,8505.07,0.177,405.3
TX09576,ACC_N1105,3896.55,0.247,1369.6
TX00807,ACC_A0304,49694.29,0.66,2436.5
TX02029,ACC_N3332,14631.58,0.154,1044.7
TX01144,ACC_A0340,45154.32,0.511,2842.1
TX09746,ACC_N3302,2853.4,0.395,903.2
TX08425,ACC_N2195,3280.7,0.481,1223.8
TX08322,ACC_N3480,15749.67,0.218,510.8
TX09905,ACC_N3447,18078.56,0.504,580.6
TX00755,ACC_A0083,54730.78,0.689,2848.2
TX05764,ACC_N1813,3577.7,0.131,1078.2
TX09836,ACC_N3483,1704.98,0.46,873.4
TX05528,ACC_N2500,13834.94,0.294,886.9
TX04990,ACC_N2141,15030.32,0.568,266.0
TX08997,ACC_N2128,1088.15,0.315,1112.6
TX02299,ACC_N2601,9708.42,0.329,228.1
TX05310,ACC_N0097,17656.3,0.159,948.0
TX08113,ACC_N2067,777.45,0.362,518.8
TX02626,ACC_N2559,7194.37,0.521,856.7
TX04770,ACC_N0619,7933.98,0.408,1175.2
TX02466,ACC_N0300,9170.24,0.486,602.3
TX06029,ACC_N2643,14871.43,0.118,937.7
TX09046,ACC_N2587,11931.65,0.557,1075.3
TX09975,ACC_N3253,14836.09,0.111,755.6
TX02713,ACC_N3078,13870.21,0.308,951.9
TX09430,ACC_N2547,8925.63,0.453,1008.6
TX03300,ACC_N2376,2340.75,0.205,460.3
TX00847,ACC_A0071,29433.42,0.592,605.5
TX06043,ACC_N3162,1379.76,0.131,983.5
TX05200,ACC_N2743,9133.92,0.438,457.8
TX09428,ACC_N3269,13047.7,0.343,428.1
TX08344,ACC_N1956,17435.02,0.19,1096.4
TX03193,ACC_N3295,1872.9,0.551,1125.8
TX08891,ACC_N0692,9283.6,0.364,931.5
TX02799,ACC_N1859,7223.01,0.38,213.5
TX05397,ACC_N2654,1402.03,0.155,559.7
TX07684,ACC_N2293,7632.54,0.585,508.1
TX06111,ACC_N3040,8687.47,0.568,1288.6
TX02330,ACC_N3163,2265.91,0.362,823.2
TX08754,ACC_N0568,4954.51,0.538,782.2
TX02950,ACC_N3053,5526.68,0.455,1124.4
TX00962,ACC_A0108,53081.04,0.465,1370.6
TX05484,ACC_N2720,7451.3,0.466,1236.6
TX08781,ACC_N0890,4828.9,0.588,1362.2
TX06792,ACC_N2373,11709.96,0.481,784.7
TX07623,ACC_N0343,5855.64,0.455,793.8
TX08444,ACC_N2395,11714.18,0.264,469.6
TX07913,ACC_N1282,18164.59,0.411,197.4
TX07685,ACC_N2986,19017.24,0.531,1282.9
TX07725,ACC_N2538,4127.66,0.152,231.2
TX03677,ACC_N2949,9054.02,0.347,1065.2
TX01311,ACC_N0587,10319.17,0.258,1179.7
TX00040,ACC_M054,-248068.62,0.962,5.3
TX01880,ACC_N0709,6378.53,0.241,644.3
TX09850,ACC_N2735,1901.78,0.233,1086.5
TX04623,ACC_N2028,14565.1,0.386,1120.3
TX03263,ACC_N0866,14192.06,0.13,1276.2
TX00064,ACC_M011,210539.0,0.961,25.0
TX02881,ACC_N3218,1050.46,0.354,549.9
TX08062,ACC_N1719,11976.25,0.446,290.3
TX06914,ACC_N2802,9670.54,0.228,327.5
TX04555,ACC_N0045,9164.87,0.255,420.5
TX04826,ACC_N1863,6152.67,0.465,1192.9
TX09109,ACC_N3425,4577.15,0.285,1311.5
TX01420,ACC_N0922,4033.9,0.231,474.0
TX04785,ACC_N0349,12805.17,0.44,625.6
TX04064,ACC_N2105,5870.88,0.561,
TX02479,ACC_N2336,6430.42,0.572,293.1
TX07917,ACC_N3192,11164.87,0.474,191.7
TX00607,ACC_A0269,18499.44,0.303,605.7
TX03983,ACC_N0549,1929.46,0.122,1267.6
TX09575,ACC_N0007,3463.85,0.562,713.5
TX04967,ACC_N0038,7234.21,0.327,947.9
TX05900,ACC_N0451,3377.26,0.512,353.6
TX02517,ACC_N0497,8040.58,0.549,398.9
TX02130,ACC_N0831,9135.17,0.152,980.0
TX08064,ACC_N0022,1664.36,0.485,493.2
TX08238,ACC_N1001,13454.9,0.167,890.8
TX02845,ACC_N2656,-14172.31,0.378,919.2
TX04486,ACC_N3258,14562.61,0.265,1112.5
TX07810,ACC_N1771,2394.71,0.287,241.3
TX09134,ACC_N0745,5896.04,0.563,1062.5
TX04144,ACC_N0225,8256.58,0.228,303.3
TX02505,ACC_N2100,5709.31,0.488,196.5
TX03691,ACC_N0542,15838.38,0.15,719.9
TX08736,ACC_N1433,16070.64,0.147,1032.6
TX03248,ACC_N3117,1717.66,0.583,297.6
TX00993,ACC_A0042,33225.94,0.517,1490.7
TX06207,ACC_N1556,16900.38,0.294,1020.8
TX06924,ACC_N3089,15938.47,0.207,1423.4
TX08188,ACC_N1931,10124.67,0.135,377.2
TX02868,ACC_N2945,9401.92,0.536,225.6
TX02475,ACC_N2389,11302.6,0.12,226.8
TX01950,ACC_N3483,14894.28,0.316,576.0
TX02834,ACC_N2142,7966.61,0.497,539.4
TX08962,ACC_N1349,19733.55,0.168,717.0
TX05102,ACC_N1553,12506.66,0.187,1305.8
TX07624,ACC_N1424,14747.42,0.257,492.3
TX06206,ACC_N1359,788.77,0.591,710.8
TX07619,ACC_N1796,10186.11,0.566,659.1
TX07159,ACC_N3304,2172.15,0.518,
TX06126,ACC_N2956,2610.42,0.415,1069.9
TX06236,ACC_N2156,13710.6,0.391,1294.1
TX06349,ACC_N2453,12485.5,0.445,1151.5
TX08511,ACC_N2413,12449.61,0.512,1019.4
TX08040,ACC_N1460,16004.21,0.302,
TX07317,ACC_N1744,6051.15,0.134,225.2
TX03189,ACC_N3044,7896.03,0.276,730.6
TX07330,ACC_N1648,6942.43,0.367,1015.0
TX05026,ACC_N0584,2891.25,0.116,551.0
TX05343,ACC_N1570,10254.51,0.402,525.7
TX02822,ACC_N3256,13950.93,0.228,480.5
TX05427,ACC_N1094,15298.33,0.57,666.4
TX01652,ACC_N1448,19911.75,0.295,380.3
TX07186,ACC_N2089,6017.48,0.451,887.7
TX06317,ACC_N0009,4953.97,0.33,168.7
TX05676,ACC_N0179,10368.62,0.452,1391.8
TX08063,ACC_N0266,715.42,0.216,262.7
TX04676,ACC_N0139,6870.44,0.534,303.1
TX02644,ACC_N0648,15604.16,0.451,639.1
TX01555,ACC_N0121,8849.59,0.297,636.6
TX08214,ACC_N2241,7256.77,0.532,1201.4
TX05313,ACC_N0914,17503.71,0.113,304.0
TX00727,ACC_A0096,55384.63,0.503,1710.9
TX08151,ACC_N0030,5133.48,0.456,619.4
TX06355,ACC_N2632,1874.85,0.597,1068.3
TX00075,ACC_M008,368085.8,0.963,4.1
TX00080,ACC_M008,102141.08,0.982,13.4
TX00908,ACC_A0077,29494.26,0.479,408.3
TX09535,ACC_N0261,13360.84,0.174,481.9
TX01266,ACC_N0081,10711.44,0.508,1307.9
TX07528,ACC_N1175,18848.45,0.147,759.1
TX00412,ACC_A0293,47674.3,0.315,2672.0
TX01386,ACC_N1738,1307.85,0.421,1140.6
TX03210,ACC_N0676,8595.54,0.168,956.2
TX00431,ACC_A0186,29946.59,0.333,2777.2
TX04697,ACC_N2974,19212.09,0.103,154.7
TX06705,ACC_N3096,15480.03,0.333,1437.2
TX07247,ACC_N0059,9389.4,0.556,1376.8
TX02079,ACC_N2378,10585.58,0.392,926.1
TX02502,ACC_N2525,10026.58,0.56,1265.9
TX06073,ACC_N2826,8939.63,0.158,
TX05967,ACC_N1897,5390.57,0.334,120.9
TX03055,ACC_N3335,5132.42,0.221,716.2
TX06076,ACC_N0706,14234.88,0.236,672.4
TX01548,ACC_N0010,17782.62,0.238,531.8
TX01619,ACC_N0339,2218.97,0.423,480.8
TX04376,ACC_N2174,8958.68,0.417,854.0
TX03011,ACC_N1167,17136.93,0.266,1330.2
TX09981,ACC_N2362,15389.25,0.273,1200.1
TX00409,ACC_A0028,21260.23,0.695,1648.2
TX01776,ACC_N2122,9081.39,0.21,292.1
TX02046,ACC_N0981,15127.99,0.425,
TX02132,ACC_N1318,4517.11,0.388,956.9
TX09376,ACC_N0361,11523.4,0.567,914.5
TX06573,ACC_N1978,5254.93,0.575,997.6
TX02036,ACC_N0738,12658.62,0.152,1220.8
TX00354,ACC_A0367,45734.19,0.562,1979.5
TX02080,ACC_N3228,17039.54,0.323,1297.6
TX05679,ACC_N1562,14983.07,0.372,1256.8
TX04570,ACC_N2482,16892.34,0.178,444.2
TX03972,ACC_N3457,16799.82,0.25,1226.2
TX05743,ACC_N3124,5932.08,0.455,1111.9
TX09760,ACC_N2065,4292.09,0.26,429.2
TX00087,ACC_M036,378322.78,0.964,13.4
TX07996,ACC_N1690,4223.5,0.152,1270.2
TX01172,ACC_N0909,5917.98,0.292,356.3
TX06812,ACC_N2505,2152.21,0.101,849.2
TX04991,ACC_N2481,4664.56,0.505,822.7
TX00394,ACC_A0371,33402.98,0.624,1747.1
TX03734,ACC_N2492,5653.85,0.314,483.8
TX01130,ACC_A0344,-38455.54,0.312,1321.6
TX07238,ACC_N1217,14521.15,0.439,933.6
TX09125,ACC_N3014,11882.78,0.553,287.4
TX01854,ACC_N3404,1909.4,0.174,258.9
TX08156,ACC_N2324,16770.37,0.239,1283.0
TX08625,ACC_N2276,7923.56,0.115,1365.9
TX00357,ACC_A0227,55485.04,0.493,2304.5
TX01513,ACC_N0334,17337.86,0.285,961.4
TX08033,ACC_N1347,6365.72,0.319,530.0
TX06292,ACC_N1308,16949.95,0.497,757.9
TX03644,ACC_N0917,1346.95,0.592,550.1
TX00406,ACC_A0006,27956.83,0.48,1585.4
TX04065,ACC_N2474,19370.93,0.125,1242.2
TX06823,ACC_N3269,7051.42,0.546,785.0
TX09166,ACC_N2142,10300.06,0.559,988.1
TX01634,ACC_N2718,14259.89,0.587,529.2
TX01520,ACC_N2004,13420.07,0.383,241.5
TX09457,ACC_N0297,14144.27,0.266,585.6
TX01402,ACC_N2971,13125.43,0.111,661.3
TX05234,ACC_N0262,16405.48,0.101,863.6
TX04265,ACC_N1862,16131.58,0.583,379.6
TX04920,ACC_N2581,-16615.85,0.368,444.5
TX06995,ACC_N3325,5769.85,0.21,839.3
TX06447,ACC_N0837,3623.83,0.375,955.0
TX09793,ACC_N1568,15966.83,0.233,780.5
TX03580,ACC_N2549,10843.27,0.475,468.3
TX04939,ACC_N2039,1199.91,0.575,356.9
TX04469,ACC_N3471,15951.62,0.317,149.7
TX01143,ACC_A0194,38538.81,0.593,1667.1
TX06440,ACC_N0990,12080.54,0.469,913.2
TX01102,ACC_A0287,43359.39,0.505,2210.7
TX08097,ACC_N2156,14977.2,0.475,1132.4
TX09710,ACC_N0226,11132.16,0.428,223.8
TX04149,ACC_N3235,9967.2,0.536,177.8
TX00944,ACC_A0004,54232.48,0.589,2047.9
TX00669,ACC_A0284,32278.38,0.471,2209.6
TX00565,ACC_A0162,26992.43,0.349,744.0
TX07614,ACC_N2241,19681.03,0.406,507.8
TX02381,ACC_N2152,3209.9,0.183,398.8
TX06134,ACC_N0062,3075.3,0.548,1181.7
TX07985,ACC_N2985,17960.23,0.314,1354.7
TX03309,ACC_N1870,16212.4,0.512,492.6
TX05231,ACC_N0146,12134.83,0.225,662.9
TX06616,ACC_N0330,10470.31,0.2,591.8
TX09201,ACC_N2752,12300.27,0.182,
TX07573,ACC_N0536,971.32,0.533,652.6
TX02321,ACC_N3470,2391.09,0.228,1174.6
TX03476,ACC_N0408,4529.54,0.339,939.9
TX00340,ACC_A0337,56690.22,0.406,1051.2
TX06842,ACC_N1153,8658.31,0.181,782.6
TX09605,ACC_N3055,11572.86,0.468,1170.2
TX02806,ACC_N0500,3511.11,0.179,1416.3
TX05538,ACC_N1186,4373.69,0.536,972.8
TX02322,ACC_N1961,1586.28,0.233,1375.6
TX09326,ACC_N2586,8918.1,0.362,145.7
TX03791,ACC_N3131,1668.54,0.595,507.3
TX07560,ACC_N1857,848.53,0.194,831.1
TX01001,ACC_A0363,53609.38,0.34,981.1
TX07451,ACC_N2595,2522.74,0.509,1010.3
TX03157,ACC_N1428,4380.72,0.447,1230.6
TX03536,ACC_N0572,11220.41,0.496,374.1
TX03038,ACC_N2047,3825.49,0.133,187.2
TX01783,ACC_N3060,16158.14,0.136,424.4
TX01088,ACC_A0098,27990.85,0.353,2068.3
TX08034,ACC_N0652,4877.22,0.187,866.0
TX01924,ACC_N0092,13403.22,0.364,382.7
TX04561,ACC_N3096,16303.51,0.134,1013.8
TX04598,ACC_N2536,17784.19,0.25,968.2
TX05711,ACC_N3144,12540.52,0.115,987.8
TX01720,ACC_N0655,15577.08,0.472,629.3
TX05655,ACC_N0557,10713.29,0.223,903.1
TX01154,ACC_N2941,11666.54,0.328,366.4
TX09693,ACC_N1695,4815.04,0.49,760.9
TX09799,ACC_N0614,8766.78,0.244,184.7
TX05077,ACC_N0816,15836.42,0.392,1104.6
TX02793,ACC_N1357,2992.33,0.49,1431.1
TX05854,ACC_N0511,8286.86,0.501,997.3
TX06362,ACC_N1921,11022.51,0.267,1080.8
TX04913,ACC_N1378,15900.35,0.138,846.2
TX08396,ACC_N1834,6934.4,0.239,211.8
TX01628,ACC_N2296,15964.73,0.181,364.2
TX02369,ACC_N2808,10522.13,0.578,442.4
TX04254,ACC_N2908,11319.1,0.311,576.5
TX09750,ACC_N3070,8096.29,0.42,991.0
TX03495,ACC_N2069,17238.2,0.447,788.2
TX05437,ACC_N0012,1587.12,0.412,1419.5
TX05107,ACC_N2065,8354.13,0.152,822.2
TX09158,ACC_N1816,1539.94,0.588,606.0
TX07171,ACC_N0735,14596.57,0.383,128.1
TX03738,ACC_N1308,1472.36,0.345,619.9
TX01830,ACC_N1265,13592.42,0.214,1339.4
TX01545,ACC_N1284,2132.64,0.38,1181.7
TX00819,ACC_A0263,17953.18,0.492,1200.1
TX04898,ACC_N2528,19559.75,0.189,555.0
TX00328,ACC_A0013,20251.32,0.455,2206.7
TX08753,ACC_N2302,13365.03,0.378,445.8
TX07787,ACC_N1109,8455.83,0.427,1434.2
TX09568,ACC_N0395,8007.8,0.228,221.7
TX01764,ACC_N3113,14499.69,0.437,276.8
TX07162,ACC_N1178,19723.23,0.573,1200.4
TX06258,ACC_N1047,11686.24,0.517,913.5
TX02102,ACC_N3248,14050.91,0.521,736.3
TX03820,ACC_N2518,-2591.31,0.569,353.7
TX03142,ACC_N0938,17706.98,0.236,642.6
TX04047,ACC_N0786,8433.04,0.347,872.2
TX05584,ACC_N0118,13058.52,0.592,701.6
TX08284,ACC_N1316,12978.65,0.204,683.1
TX06198,ACC_N2555,4858.79,0.567,1048.8
TX01638,ACC_N1787,3215.31,0.571,429.3
TX06824,ACC_N1249,3512.62,0.136,964.1
TX06226,ACC_N0236,15559.05,0.526,321.3
TX04631,ACC_N1622,1113.2,0.23,1119.0
TX06243,ACC_N2610,5918.4,0.405,810.5
TX09948,ACC_N1303,9151.72,0.251,1244.9
TX00611,ACC_A0060,19639.22,0.46,885.0
TX09186,ACC_N2649,3794.96,0.106,307.4
TX06368,ACC_N0140,715.05,0.514,1415.8
TX06894,ACC_N0460,15639.86,0.145,1170.0
TX03114,ACC_N1865,19874.77,0.298,899.2
TX09162,ACC_N3193,17020.72,0.529,748.7
TX01221,ACC_N1685,10236.41,0.518,1028.3
TX05407,ACC_N0826,1534.39,0.22,1033.1
TX01304,ACC_N1682,15166.51,0.593,635.3
TX08400,ACC_N2504,12879.31,0.469,1223.0
TX04370,ACC_N2498,11909.02,0.447,1086.4
TX03743,ACC_N0595,6597.91,0.412,973.7
TX03295,ACC_N0759,5130.98,0.38,295.3
TX02252,ACC_N3184,14259.5,0.176,659.1
TX03956,ACC_N0067,16142.96,0.209,221.2
TX08473,ACC_N3366,10024.6,0.401,746.2
TX06667,ACC_N2533,10374.21,0.465,1262.3
TX03477,ACC_N3190,17545.13,0.437,145.5
TX00574,ACC_A0101,33991.62,0.369,2494.2
TX06280,ACC_N3023,12242.29,0.42,1127.7
TX08328,ACC_N0842,4251.28,0.313,740.5
TX07138,ACC_N0130,9774.6,0.154,1147.3
TX09019,ACC_N2697,14668.86,0.247,970.9
TX06308,ACC_N2136,-9706.28,0.465,1009.1
TX06546,ACC_N2344,8405.38,0.497,1379.2
TX07413,ACC_N1827,18928.23,0.529,1105.6
TX03548,ACC_N3308,17539.0,0.133,316.1
TX05808,ACC_N2222,663.13,0.539,879.1
TX04709,ACC_N1936,19799.86,0.361,1344.9
TX07055,ACC_N0849,13179.89,0.556,198.3
TX05910,ACC_N2614,5690.09,0.188,1190.1
TX07568,ACC_N2744,7043.05,0.12,652.0
TX07627,ACC_N0146,14739.76,0.317,1034.0
TX08237,ACC_N1120,15379.68,0.554,934.1
TX04480,ACC_N1970,10022.04,0.573,1001.2
TX08850,ACC_N1838,17068.44,0.463,1147.4
TX01678,ACC_N3418,1398.23,0.258,1311.6
TX08176,ACC_N2528,4021.63,0.455,1162.7
TX06870,ACC_N0962,7198.87,0.529,756.7
TX02697,ACC_N3222,2929.99,0.156,1435.6
TX05664,ACC_N0792,8605.75,0.268,968.2
TX00150,ACC_M053,175390.91,0.954,4.7
TX02219,ACC_N0059,17341.0,0.272,1365.9
TX07274,ACC_N0682,13083.73,0.151,622.9
TX00462,ACC_A0010,40078.74,0.41,1010.9
TX03703,ACC_N1848,17826.4,0.138,298.7
TX04108,ACC_N0082,11646.74,0.511,784.9
TX08589,ACC_N1729,12236.1,0.523,1366.8
TX06006,ACC_N3231,3196.17,0.408,1401.1
TX08471,ACC_N3326,2630.6,0.537,241.5
TX01024,ACC_A0164,46742.35,0.637,314.8
TX04419,ACC_N0541,10196.2,0.181,697.8
TX05022,ACC_N1729,4072.37,0.539,737.1
TX09390,ACC_N0333,11625.92,0.125,1172.1
TX05142,ACC_N1975,4361.6,0.5,1203.8
TX09059,ACC_N0700,14940.12,0.359,1374.6
TX02695,ACC_N2636,-5118.56,0.19,1094.5
TX02795,ACC_N2966,6347.55,0.302,1344.7
TX09872,ACC_N2756,15921.0,0.562,989.4
TX06272,ACC_N2445,10123.85,0.126,207.7
TX05978,ACC_N2075,13359.19,0.599,1042.5
TX01876,ACC_N0738,6006.17,0.487,851.3
TX06681,ACC_N2702,839.9,0.518,1239.9
TX06327,ACC_N0855,11160.25,0.434,786.3
TX09269,ACC_N3007,9636.49,0.314,347.1
TX01276,ACC_N0741,4306.34,0.25,558.6
TX00852,ACC_A0285,47171.58,0.432,990.4
TX00982,ACC_A0284,25610.64,0.46,2230.4
TX00429,ACC_A0188,23384.44,0.327,1482.2
TX09991,ACC_N2952,8935.2,0.419,343.6
TX05925,ACC_N2381,15806.63,0.504,843.1
TX00157,ACC_A0028,26314.91,0.374,2420.6
TX06337,ACC_N0850,17326.15,0.292,1340.6
TX05233,ACC_N2538,9862.46,0.239,137.3
TX08668,ACC_N2374,11360.64,0.577,355.1
TX01293,ACC_N1720,17540.56,0.377,614.9
TX04494,ACC_N2675,8836.36,0.219,554.7
TX06339,ACC_N2165,15670.7,0.3,482.4
TX00639,ACC_A0337,23666.96,0.653,1160.3
TX08126,ACC_N1134,11799.24,0.431,195.6
TX03935,ACC_N2728,2691.53,0.203,855.4
TX08813,ACC_N1460,19412.88,0.56,908.9
TX07688,ACC_N1084,19938.55,0.245,568.8
TX04143,ACC_N1546,9393.94,0.182,422.2
TX00645,ACC_A0317,35481.47,0.692,2324.9
TX06771,ACC_N3024,6443.86,0.41,946.1
TX06594,ACC_N2107,19893.25,0.334,435.4
TX07332,ACC_N3093,7250.41,0.266,909.5
TX02904,ACC_N0153,12887.67,0.369,1368.7
TX01941,ACC_N2230,-13501.26,0.369,1130.8
TX04224,ACC_N2685,-18537.05,0.462,1169.2
TX05927,ACC_N0562,12947.66,0.507,993.5
TX09591,ACC_N1985,1279.73,0.591,735.6
TX03330,ACC_N1414,5509.83,0.503,475.5
TX05934,ACC_N2125,8798.49,0.508,685.1
TX06588,ACC_N1076,18398.02,0.417,1114.6
TX06587,ACC_N1323,9682.96,0.4,1416.5
TX08045,ACC_N2363,1692.85,0.557,609.1
TX03860,ACC_N0006,9926.34,0.406,1227.9
TX08072,ACC_N3423,12864.5,0.356,678.1
TX01254,ACC_N0681,5458.09,0.218,888.3
TX08533,ACC_N2999,4168.87,0.332,883.0
TX04919,ACC_N2317,-15802.11,0.344,829.9
TX08230,ACC_N3161,12079.05,0.158,930.5
TX03453,ACC_N3325,16816.23,0.316,236.3
TX07664,ACC_N2825,3100.36,0.315,207.1
TX03657,ACC_N3089,8597.6,0.399,1282.5
TX05321,ACC_N0926,7286.53,0.289,1050.8
TX08231,ACC_N1773,4556.97,0.316,1347.9
TX04778,ACC_N1033,9883.17,0.41,305.0
TX01610,ACC_N1989,12157.88,0.117,1121.5
TX06590,ACC_N1978,11471.5,0.177,269.9
TX01310,ACC_N2064,5657.2,0.141,1138.0
TX07645,ACC_N0010,12157.02,0.58,720.4
TX03661,ACC_N3373,14531.79,0.572,698.8
TX02342,ACC_N2908,16034.57,0.445,1345.9
TX00955,ACC_A0181,24925.25,0.337,1862.0
TX09103,ACC_N1483,16188.39,0.412,275.4
TX01543,ACC_N3370,12597.24,0.202,799.8
TX08744,ACC_N2758,7990.24,0.272,468.9
TX06686,ACC_N3080,3086.56,0.533,1226.7
TX08144,ACC_N0702,3906.64,0.217,897.5
TX07980,ACC_N0865,17282.71,0.484,856.5
TX00516,ACC_A0018,43495.83,0.45,2702.0
TX01060,ACC_A0164,22027.37,0.399,1510.8
TX07187,ACC_N3397,5146.61,0.441,1167.6
TX07257,ACC_N1169,17720.83,0.421,1254.9
TX06948,ACC_N3390,9058.72,0.462,1158.5
TX00482,ACC_A0087,37365.54,0.408,1753.4
TX01347,ACC_N1304,11289.17,0.173,678.5
TX03525,ACC_N0711,17687.5,0.278,758.4
TX01449,ACC_N1371,4879.75,0.192,1058.2
TX08219,ACC_N2830,521.2,0.401,1071.2
TX01744,ACC_N2747,3171.91,0.536,883.2
TX07782,ACC_N0640,3540.07,0.22,392.3
TX06174,ACC_N2999,7819.86,0.442,226.8
TX05849,ACC_N3288,11155.21,0.301,547.2
TX04900,ACC_N1824,9179.58,0.246,783.6
TX02963,ACC_N1221,4598.74,0.208,795.5
TX08711,ACC_N2671,3664.32,0.442,849.8
TX08243,ACC_N0180,-5269.95,0.408,1325.1
TX00379,ACC_A0171,46814.12,0.406,1583.1
TX01946,ACC_N0126,7480.24,0.508,627.6
TX09844,ACC_N0537,6403.22,0.318,585.7
TX09005,ACC_N0255,4337.41,0.195,844.0
TX07216,ACC_N1213,6787.68,0.486,283.0
TX03961,ACC_N1310,-8387.58,0.121,688.9
TX05712,ACC_N1771,15332.9,0.281,273.6
TX09970,ACC_N1657,5114.42,0.55,1411.2
TX06728,ACC_N2349,13312.77,0.238,1137.2
TX01693,ACC_N1830,5987.16,0.598,1366.2
TX08531,ACC_N1671,7202.29,0.168,962.4
TX06376,ACC_N2010,14183.42,0.597,961.3
TX05953,ACC_N3383,13920.55,0.209,188.6
TX07934,ACC_N3337,14572.92,0.281,1083.4
TX08802,ACC_N2912,12863.59,0.524,1206.9
TX05887,ACC_N0223,16864.25,0.32,239.2
TX08279,ACC_N2322,3279.85,0.297,599.6
TX03105,ACC_N2587,10890.52,0.392,654.7
TX02915,ACC_N1716,8454.79,0.213,543.4
TX08307,ACC_N2945,10445.38,0.113,176.1
TX00563,ACC_A0186,21300.83,0.508,2314.3
TX06531,ACC_N1916,708.49,0.106,296.4
TX06398,ACC_N0260,13402.24,0.128,784.2
TX05642,ACC_N0576,12081.84,0.466,939.1
TX08725,ACC_N0969,10587.09,0.499,635.1
TX07641,ACC_N0498,9023.92,0.409,337.5
TX01708,ACC_N2760,18397.9,0.129,530.6
TX01756,ACC_N2121,16879.96,0.152,1116.9
TX04971,ACC_N2149,1717.73,0.546,317.4
TX08735,ACC_N0727,10529.26,0.509,796.9
TX02593,ACC_N1166,10777.48,0.17,1249.8
TX07015,ACC_N3107,17908.48,0.436,773.7
TX05222,ACC_N0548,4022.92,0.119,633.0
TX02331,ACC_N1353,13526.06,0.168,1272.1
TX08513,ACC_N2234,2874.44,0.212,1102.1
TX09465,ACC_N1079,14500.6,0.544,1175.0
TX09937,ACC_N1566,17428.89,0.524,559.3
TX06237,ACC_N1381,15288.97,0.42,193.4
TX02542,ACC_N1616,5474.32,0.272,389.9
TX08456,ACC_N0063,13944.74,0.558,1214.0
TX06168,ACC_N2794,17566.59,0.153,1022.8
TX08439,ACC_N1993,11035.74,0.334,708.1
TX02683,ACC_N0742,16457.0,0.232,1043.8
TX05703,ACC_N0369,2855.2,0.566,951.4
TX06941,ACC_N0908,9666.87,0.33,955.6
TX02710,ACC_N0922,4076.76,0.429,255.8
TX09896,ACC_N3352,17688.76,0.364,897.6
TX01961,ACC_N3060,3979.11,0.516,1169.3
TX05659,ACC_N0917,6216.54,0.144,831.3
TX00948,ACC_A0396,15938.75,0.632,2140.1
TX06953,ACC_N2866,13670.39,0.108,159.0
TX04751,ACC_N1689,8292.17,0.494,415.8
TX00118,ACC_M033,133956.53,0.985,15.5
TX08855,ACC_N3157,12194.23,0.108,961.8
TX09349,ACC_N2741,11254.06,0.541,1409.5
TX00774,ACC_A0127,54673.67,0.662,2322.7
TX02019,ACC_N2858,8018.29,0.451,306.8
TX07502,ACC_N3215,561.9,0.451,911.3
TX09312,ACC_N3339,2841.77,0.17,1211.6
TX06155,ACC_N0259,16719.28,0.201,518.5
TX02759,ACC_N1524,2137.27,0.541,188.5
TX05822,ACC_N2324,8691.41,0.391,1280.9
TX03649,ACC_N1493,10581.62,0.203,465.8
TX09251,ACC_N3134,12158.76,0.522,795.8
TX00802,ACC_A0346,50496.31,0.604,1727.7
TX07514,ACC_N0559,4619.64,0.301,1229.2
TX06515,ACC_N3117,2411.11,0.287,1079.3
TX04839,ACC_N0917,12411.77,0.561,237.8
TX04031,ACC_N1062,7087.43,0.113,1394.4
TX05672,ACC_N2479,17339.16,0.121,925.2
TX06637,ACC_N2934,13871.29,0.33,1281.3
TX09223,ACC_N2845,19156.19,0.392,1038.1
TX01100,ACC_A0353,44208.36,0.688,1957.9
TX07813,ACC_N2866,13663.41,0.43,189.1
TX02774,ACC_N3413,10533.95,0.342,768.5
TX08383,ACC_N1215,12093.73,0.366,547.5
TX09495,ACC_N2514,6951.9,0.535,1290.7
TX01567,ACC_N1895,16335.51,0.227,554.7
TX09533,ACC_N3032,18062.03,0.205,429.1
TX02941,ACC_N0761,4066.41,0.341,1082.0
TX02339,ACC_N0110,1131.59,0.423,1045.6
TX06920,ACC_N0720,9135.58,0.536,1311.9
TX09722,ACC_N3286,13561.75,0.473,1351.3
TX02983,ACC_N2349,13550.68,0.258,378.5
TX02605,ACC_N0526,2635.07,0.193,804.5
TX09782,ACC_N2960,19657.26,0.564,957.1
TX08232,ACC_N1784,6815.09,0.131,985.3
TX04616,ACC_N1945,891.03,0.335,1357.7
TX03336,ACC_N1456,12501.3,0.42,1072.2
TX03471,ACC_N2192,6091.95,0.366,1385.4
TX05559,ACC_N2576,13281.34,0.341,663.0
TX04764,ACC_N3264,4138.28,0.227,310.8
TX00972,ACC_A0369,42278.49,0.555,1739.5
TX03681,ACC_N0943,3502.28,0.161,986.6
TX03449,ACC_N2020,19423.55,0.333,355.4
TX00125,ACC_M011,152570.82,0.976,3.5
TX00932,ACC_A0273,36640.67,0.48,2444.9
TX01675,ACC_N1808,13634.16,0.298,139.1
TX02608,ACC_N0886,11056.57,0.222,1079.8
TX04142,ACC_N3358,13225.74,0.426,997.0
TX05323,ACC_N1280,9674.23,0.539,531.3
TX07570,ACC_N3488,18506.0,0.441,252.3
TX02564,ACC_N1262,14140.92,0.184,134.6
TX05084,ACC_N2095,12101.59,0.395,1339.5
TX08624,ACC_N1511,16369.61,0.227,801.5
TX01886,ACC_N0879,10289.16,0.366,646.0
TX05179,ACC_N2772,14766.28,0.562,1225.1
TX02034,ACC_N1029,1298.21,0.567,945.1
TX01283,ACC_N0103,16132.84,0.129,770.0
TX06017,ACC_N1533,2676.08,0.458,853.5
TX09114,ACC_N0502,14866.09,0.528,563.6
TX00234,ACC_A0224,-15116.78,0.451,635.2
TX05308,ACC_N1350,1020.2,0.246,204.1
TX03564,ACC_N0975,18087.24,0.106,758.8
TX01422,ACC_N0111,17857.69,0.189,180.8
TX03775,ACC_N3257,4003.31,0.341,917.7
TX00636,ACC_A0019,29078.47,0.593,937.6
TX06566,ACC_N3223,10639.96,0.114,544.7
TX00876,ACC_A0275,44318.38,0.664,2273.2
TX07306,ACC_N2476,14920.32,0.381,1288.3
TX04193,ACC_N1211,11604.79,0.307,963.5
TX00910,ACC_A0137,24038.66,0.536,768.8
TX03466,ACC_N2266,12349.87,0.139,1234.7
TX05621,ACC_N0291,9839.93,0.391,832.6
TX06975,ACC_N1538,15377.9,0.369,1439.0
TX01856,ACC_N2903,17146.26,0.493,1149.0
TX00381,ACC_A0273,21440.76,0.351,415.0
TX09670,ACC_N0309,15943.32,0.598,607.5
TX06299,ACC_N3230,3186.38,0.594,368.5
TX02057,ACC_N1983,8786.59,0.574,1039.3
TX08094,ACC_N2415,10412.77,0.234,302.9
TX08801,ACC_N3367,17479.16,0.391,761.8
TX01012,ACC_A0346,45122.57,0.605,1426.0
TX06820,ACC_N3352,19016.94,0.268,162.4
TX05685,ACC_N3491,16561.36,0.552,437.7
TX02720,ACC_N0412,16433.59,0.312,581.5
TX09985,ACC_N2259,11490.52,0.23,823.0
TX02689,ACC_N3376,8757.9,0.271,366.4
TX00160,ACC_A0013,54519.93,0.374,2106.1
TX09032,ACC_N3161,8327.24,0.266,353.3
TX03908,ACC_N1972,591.89,0.568,863.7
TX09612,ACC_N0591,2162.54,0.545,760.5
TX01576,ACC_N1863,15865.42,0.114,1125.7
TX08429,ACC_N2418,5946.7,0.168,609.2
TX08458,ACC_N0051,16078.03,0.173,1216.7
TX03188,ACC_N0609,16282.71,0.441,1218.4
TX07723,ACC_N1072,10223.35,0.338,1338.7
TX02484,ACC_N2790,9053.66,0.302,295.0
TX02781,ACC_N2306,13330.01,0.185,649.1
TX05186,ACC_N0631,16183.94,0.133,215.9
TX09651,ACC_N1868,16998.3,0.278,241.7
TX02404,ACC_N3176,16388.48,0.452,1357.0
TX00387,ACC_A0342,39141.66,0.644,2782.8
TX04408,ACC_N3354,15195.4,0.485,342.1
TX05336,ACC_N2698,9783.15,0.22,862.1
TX01502,ACC_N1963,1813.85,0.538,389.0
TX05793,ACC_N2170,10917.82,0.207,839.4
TX06394,ACC_N3393,1660.49,0.47,298.1
TX00589,ACC_A0175,21075.06,0.535,1607.2
TX07763,ACC_N2110,861.89,0.503,1160.1
TX08784,ACC_N1681,11623.93,0.437,769.7
TX05663,ACC_N0395,18313.46,0.203,866.2
TX05286,ACC_N1574,4100.7,0.317,789.7
TX00773,ACC_A0375,23514.97,0.468,672.5
TX01055,ACC_A0127,-57291.89,0.609,2540.5
TX07786,ACC_N1804,3127.05,0.204,1257.4
TX08738,ACC_N3054,3449.25,0.203,976.2
TX06406,ACC_N2820,8023.34,0.377,902.1
TX00795,ACC_A0054,27750.43,0.436,2159.1
TX07647,ACC_N2659,7381.11,0.119,362.2
TX04554,ACC_N0021,12362.83,0.21,392.5
TX01660,ACC_N2810,9520.57,0.543,375.3
TX09895,ACC_N1389,11517.5,0.37,1051.2
TX06353,ACC_N0414,13463.6,0.541,856.8
TX05955,ACC_N1403,9443.83,0.373,692.7
TX05394,ACC_N1574,17494.39,0.458,1136.4
TX09448,ACC_N1459,806.47,0.224,573.2
TX07868,ACC_N2341,15947.3,0.146,396.5
TX00831,ACC_A0253,52166.43,0.549,1292.8
TX00447,ACC_A0367,41418.07,0.49,1339.1
TX01234,ACC_N1105,8591.73,0.442,308.0
TX05778,ACC_N3421,1212.15,0.528,646.3
TX05761,ACC_N3434,951.36,0.123,1282.6
TX03260,ACC_N1604,14117.59,0.444,266.2
TX02248,ACC_N3233,1523.39,0.224,295.4
TX01433,ACC_N0856,-14738.38,0.319,1325.0
TX07731,ACC_N2306,13092.91,0.341,128.1
TX05669,ACC_N0744,13138.86,0.325,314.1
TX03800,ACC_N2866,7584.79,0.332,459.9
TX04312,ACC_N2024,12581.58,0.37,845.6
TX03723,ACC_N2104,18345.76,0.419,649.0
TX07480,ACC_N0985,6937.18,0.307,
TX08266,ACC_N2543,2769.81,0.222,1367.0
TX02235,ACC_N1219,12493.76,0.171,1017.1
TX03522,ACC_N1730,11302.41,0.528,1003.4
TX05062,ACC_N3152,8479.9,0.51,938.1
TX03133,ACC_N1708,11547.1,0.418,1224.2
TX06191,ACC_N1703,10278.22,0.233,209.3
TX05467,ACC_N0249,12370.1,0.37,1354.7
TX00629,ACC_A0014,17321.81,0.548,1308.0
TX01142,ACC_A0337,42780.83,0.433,1431.2
TX09652,ACC_N0742,12547.4,0.352,1300.0
TX09254,ACC_N2670,7903.75,0.158,931.2
TX05982,ACC_N0504,12527.93,0.388,1230.0
TX02463,ACC_N0460,3896.06,0.311,573.6
TX08042,ACC_N1174,11182.33,0.543,1076.2
TX04139,ACC_N1406,7449.61,0.104,123.0
TX05635,ACC_N1035,-1740.38,0.297,963.7
TX03138,ACC_N2485,7703.13,0.562,629.0
TX02550,ACC_N0251,16588.19,0.121,345.6
TX07800,ACC_N3269,16034.81,0.554,264.2
TX08954,ACC_N1144,872.44,0.367,470.1
TX07908,ACC_N1760,19336.89,0.362,370.1
TX03432,ACC_N0787,7453.87,0.115,240.1
TX06578,ACC_N0258,9264.91,0.582,989.9
TX01240,ACC_N0733,10742.54,0.281,249.0
TX08698,ACC_N1226,14128.28,0.301,1191.8
TX03832,ACC_N0344,6641.57,0.427,658.2
TX09503,ACC_N3421,17063.38,0.107,819.5
TX06971,ACC_N0404,6682.93,0.117,1214.0
TX05058,ACC_N2962,11439.63,0.574,1262.1
TX03625,ACC_N3022,11414.49,0.534,711.7
TX09381,ACC_N2989,525.64,0.171,607.1
TX08434,ACC_N3412,17047.16,0.284,669.0
TX04767,ACC_N3288,9350.44,0.385,198.7
TX04123,ACC_N3300,14753.1,0.498,1010.1
TX07284,ACC_N0011,15908.24,0.575,687.2
TX05318,ACC_N3279,10049.23,0.374,554.9
TX09262,ACC_N1563,10174.37,0.458,870.6
TX00304,ACC_A0399,36447.88,0.543,2748.0
TX07011,ACC_N2668,2773.76,0.435,1273.7
TX05780,ACC_N3102,6238.73,0.531,622.8
TX01808,ACC_N0463,14826.82,0.597,1358.7
TX09380,ACC_N0941,3981.78,0.352,380.3
TX00402,ACC_A0339,-58158.37,0.455,1311.0
TX01702,ACC_N2676,5222.41,0.553,386.6
TX04473,ACC_N2127,17732.8,0.235,1334.1
TX07046,ACC_N2297,912.86,0.102,1020.2
TX00225,ACC_A0327,-20793.68,0.328,1831.2
TX02932,ACC_N0677,13939.04,0.247,1321.1
TX07024,ACC_N1734,18337.7,0.223,221.6
TX08041,ACC_N0462,758.74,0.396,1095.2
TX06544,ACC_N0360,3554.62,0.463,1152.7
TX04140,ACC_N3369,2468.48,0.426,486.9
TX02991,ACC_N2305,2041.98,0.511,273.3
TX01626,ACC_N2757,6503.55,0.527,729.2
TX07476,ACC_N2944,16254.67,0.247,968.4
TX04499,ACC_N0658,9395.1,0.362,1223.0
TX08013,ACC_N1750,15568.51,0.352,195.2
TX05826,ACC_N0032,5155.93,0.595,1262.2
TX00060,ACC_M003,196398.65,0.958,26.3
TX09035,ACC_N3211,19463.45,0.292,802.7
TX00865,ACC_A0281,56032.62,0.388,1710.4
TX08394,ACC_N1272,7713.6,0.404,869.5
TX04379,ACC_N1997,6444.34,0.402,1331.2
TX02349,ACC_N2507,4115.47,0.275,492.4
TX04741,ACC_N1884,15115.57,0.171,1293.5
TX02686,ACC_N0694,10538.29,0.483,1093.9
TX08686,ACC_N1970,15188.56,0.128,1164.2
TX09634,ACC_N2048,9935.3,0.423,1027.0
TX08721,ACC_N0052,17419.06,0.176,138.9
TX00916,ACC_A0159,20589.9,0.414,1624.5
TX07488,ACC_N0247,2247.47,0.332,554.6
TX05493,ACC_N0809,8137.67,0.146,549.0
TX02838,ACC_N0533,1851.5,0.286,725.7
TX00486,ACC_A0129,18397.65,0.574,671.0
TX01371,ACC_N1264,14711.33,0.518,1252.1
TX04468,ACC_N0983,5886.66,0.545,493.1
TX02809,ACC_N1442,13052.54,0.503,625.7
TX03887,ACC_N0917,3857.29,0.124,784.3
TX06212,ACC_N1545,4182.95,0.343,1150.4
TX08621,ACC_N0258,1560.14,0.293,1001.4
TX08478,ACC_N0356,7548.3,0.491,380.0
TX04128,ACC_N2821,10241.55,0.246,298.5
TX00828,ACC_A0043,19598.71,0.58,1484.7
TX02028,ACC_N1968,6113.65,0.125,665.6
TX00892,ACC_A0335,48712.27,0.409,1499.8
TX04717,ACC_N2762,16399.42,0.202,1380.0
TX09067,ACC_N3351,1065.12,0.136,612.0
TX07237,ACC_N2155,15692.33,0.512,449.6
TX00135,ACC_M034,474309.37,0.979,4.7
TX02732,ACC_N2966,-9744.49,0.588,1017.1
TX09726,ACC_N0609,14738.81,0.535,1384.4
TX04674,ACC_N0053,809.14,0.356,532.5
TX01687,ACC_N0176,11629.85,0.406,687.0
TX02237,ACC_N1081,10507.2,0.326,892.6
TX06949,ACC_N0121,19086.76,0.266,443.6
TX09176,ACC_N0257,5662.96,0.142,844.0
TX01582,ACC_N0010,9970.11,0.323,696.6
TX03848,ACC_N2511,10945.37,0.292,628.0
TX02198,ACC_N3258,6005.12,0.585,672.5
TX07407,ACC_N1226,12657.04,0.282,767.1
TX02785,ACC_N2174,6464.95,0.2,620.0
TX07178,ACC_N1511,17996.24,0.353,871.8
TX08359,ACC_N2990,9179.67,0.304,1400.9
TX08454,ACC_N0165,18893.07,0.382,1012.7
TX03524,ACC_N1960,6022.77,0.366,981.2
TX05478,ACC_N2899,17215.26,0.259,552.1
TX04846,ACC_N2564,15060.08,0.448,1413.2
TX05421,ACC_N3364,14909.44,0.126,734.4
TX01238,ACC_N2506,4020.11,0.556,287.6
TX03374,ACC_N1605,6335.34,0.383,719.8
TX05461,ACC_N3338,6995.2,0.283,315.7
TX01486,ACC_N1144,2873.06,0.369,452.0
TX09458,ACC_N1518,2332.29,0.273,1155.9
TX05190,ACC_N2434,3781.08,0.463,1122.5
TX01898,ACC_N2776,12672.69,0.249,778.3
TX00753,ACC_A0279,59616.39,0.384,1625.1
TX02569,ACC_N0292,-2499.32,0.53,1168.6
TX01826,ACC_N2363,14082.95,0.101,1369.8
TX05817,ACC_N0277,10184.58,0.179,453.3
TX00488,ACC_A0089,27253.58,0.686,2631.7
TX06865,ACC_N2661,14983.25,0.161,706.2
TX00476,ACC_A0175,41435.41,0.599,2767.3
TX03804,ACC_N0501,6132.37,0.407,337.0
TX09818,ACC_N0987,2969.84,0.401,734.1
TX04882,ACC_N1510,9212.01,0.494,488.5
TX06749,ACC_N0634,1518.79,0.262,204.6
TX08272,ACC_N1500,18927.61,0.284,1294.2
TX05208,ACC_N3356,14743.07,0.245,652.8
TX07377,ACC_N3023,19031.7,0.442,309.8
TX01098,ACC_A0335,31905.25,0.487,1808.0
TX00463,ACC_A0211,53728.44,0.671,1904.9
TX03993,ACC_N0572,12529.25,0.277,414.6
TX08866,ACC_N2959,13429.73,0.11,451.2
TX02289,ACC_N0771,11958.73,0.588,602.2
TX07392,ACC_N1698,15061.17,0.322,1020.4
TX01211,ACC_N1798,11234.2,0.478,225.3
TX07682,ACC_N1776,19028.52,0.344,673.7
TX02047,ACC_N2863,9407.95,0.205,743.4
TX03264,ACC_N2558,7748.68,0.287,276.9
TX04558,ACC_N1714,17078.35,0.537,1213.0
TX07202,ACC_N2551,7267.42,0.453,198.8
TX08067,ACC_N1511,1397.88,0.451,923.3
TX03165,ACC_N2863,12413.06,0.327,1032.3
TX07354,ACC_N0139,11597.59,0.468,297.9
TX03175,ACC_N1696,13794.82,0.106,129.8
TX08345,ACC_N2060,7977.53,0.293,1007.7
TX03076,ACC_N1185,14827.81,0.368,908.1
TX09323,ACC_N0963,15909.21,0.48,1081.0
TX03267,ACC_N0454,923.15,0.424,426.6
TX05674,ACC_N0277,4685.44,0.37,1080.5
TX09511,ACC_N1288,16086.16,0.111,815.5
TX08228,ACC_N2310,7093.8,0.466,943.8
TX06203,ACC_N2837,7103.54,0.484,897.7
TX08950,ACC_N2279,8867.41,0.444,
TX05517,ACC_N2908,7470.66,0.325,288.1
TX04449,ACC_N1759,14470.83,0.151,1439.6
TX01377,ACC_N0456,3812.52,0.197,1418.5
TX04932,ACC_N0936,13922.45,0.365,465.7
TX06001,ACC_N1266,8139.55,0.267,1087.1
TX00030,ACC_M053,70902.69,0.957,11.9
TX01047,ACC_A0128,41105.05,0.478,1307.7
TX05513,ACC_N2146,16991.32,0.155,751.5
TX08862,ACC_N2998,9872.1,0.442,879.5
TX06542,ACC_N1548,3575.22,0.317,988.5
TX08512,ACC_N0902,1338.54,0.143,274.5
TX01747,ACC_N1839,8849.03,0.111,292.4
TX09677,ACC_N0637,12988.01,0.573,1167.5
TX05651,ACC_N2416,8623.55,0.347,1092.1
TX00860,ACC_A0165,35416.21,0.407,2051.8
TX07475,ACC_N0848,5436.47,0.132,1059.4
TX03474,ACC_N0465,7302.97,0.356,1081.2
TX06967,ACC_N1266,4007.98,0.438,316.0
TX02350,ACC_N3454,4050.23,0.481,955.1
TX06972,ACC_N1850,18817.03,0.459,1309.5
TX00530,ACC_A0061,30533.65,0.35,793.1
TX02278,ACC_N2076,1616.12,0.441,855.7
TX09725,ACC_N1052,7585.27,0.362,880.3
TX00617,ACC_A0026,38458.53,0.315,2406.3
TX01734,ACC_N3370,10925.89,0.226,179.8
TX05565,ACC_N2316,526.43,0.136,769.1
TX07508,ACC_N0250,3831.77,0.504,878.1
TX04129,ACC_N0643,9050.91,0.329,503.1
TX03413,ACC_N3390,8904.26,0.582,1292.8
TX01008,ACC_A0322,54766.94,0.505,1406.8
TX07431,ACC_N1796,18871.78,0.113,157.8
TX04996,ACC_N2149,12412.7,0.594,738.8
TX02993,ACC_N2486,2486.89,0.107,379.4
TX06691,ACC_N3338,7067.97,0.351,1013.9
TX02432,ACC_N1549,2284.01,0.567,302.8
TX05238,ACC_N3333,3108.33,0.597,623.2
TX03630,ACC_N2692,6462.24,0.445,162.4
TX00881,ACC_A0221,21731.13,0.368,1877.2
TX01285,ACC_N0817,8741.79,0.381,
TX03671,ACC_N3080,16070.44,0.335,1140.6
TX05532,ACC_N0930,10012.55,0.323,1049.4
TX04331,ACC_N2451,3505.88,0.401,927.0
TX01725,ACC_N2172,16257.32,0.543,862.5
TX08815,ACC_N0830,18737.77,0.177,1153.9
TX05386,ACC_N2675,9726.87,0.393,1314.7
TX05032,ACC_N3445,5142.66,0.544,661.8
TX01888,ACC_N0828,11789.82,0.228,244.3
TX03513,ACC_N2482,5193.29,0.493,580.3
TX03243,ACC_N1028,12332.46,0.204,573.2
TX00758,ACC_A0069,40709.35,0.667,1402.9
TX08653,ACC_N0707,2413.32,0.414,1100.3
TX01096,ACC_A0379,29273.81,0.323,2760.1
TX06677,ACC_N1877,13129.57,0.47,1107.0
TX06060,ACC_N0201,2836.58,0.545,537.9
TX03342,ACC_N2379,11838.35,0.552,148.1
TX06966,ACC_N2570,-14981.88,0.466,994.7
TX05777,ACC_N0628,2198.1,0.148,
TX00372,ACC_A0107,22502.88,0.38,1170.3
TX06185,ACC_N1124,12873.43,0.589,857.7
TX03086,ACC_N2913,4440.58,0.544,628.8
TX01727,ACC_N1125,11467.37,0.473,486.5
TX02962,ACC_N2181,15428.1,0.258,247.6
TX02072,ACC_N1780,5011.47,0.471,337.3
TX01028,ACC_A0078,39295.76,0.367,1120.7
TX04636,ACC_N0097,3904.91,0.119,1229.3
TX00549,ACC_A0307,33976.68,0.581,1282.2
TX07269,ACC_N2498,2013.82,0.436,315.6
TX07902,ACC_N3460,12032.89,0.424,446.0
TX00597,ACC_A0078,21960.25,0.485,2475.7
TX00044,ACC_M036,459194.18,0.982,20.1
TX04836,ACC_N2767,15641.49,0.278,967.0
TX07152,ACC_N2167,2382.73,0.471,378.7
TX06270,ACC_N1708,4000.26,0.563,567.0
TX05627,ACC_N1222,659.87,0.415,1208.3
TX04895,ACC_N1117,2351.6,0.3,650.5
TX00840,ACC_A0118,47907.15,0.405,1190.7
TX05388,ACC_N0773,18203.52,0.393,289.9
TX02765,ACC_N2997,14819.83,0.249,190.2
TX09027,ACC_N0740,4562.37,0.354,160.2
TX01632,ACC_N2265,8343.36,0.569,757.4
TX03078,ACC_N2826,1175.69,0.569,568.1
TX03072,ACC_N2719,5070.22,0.166,316.3
TX03122,ACC_N3479,15039.75,0.228,219.5
TX04768,ACC_N2182,13575.54,0.351,494.7
TX02221,ACC_N2118,8823.74,0.108,448.6
TX02928,ACC_N2340,10644.52,0.131,1334.0
TX00222,ACC_A0332,39049.06,0.477,787.7
TX02356,ACC_N2879,17514.14,0.204,966.5
TX00984,ACC_A0096,33238.96,0.623,1664.1
TX01715,ACC_N0056,9317.95,0.42,1139.3
TX06343,ACC_N2040,18491.15,0.174,455.2
TX00570,ACC_A0076,40798.25,0.621,553.4
TX04743,ACC_N0541,15117.19,0.532,912.2
TX06860,ACC_N2096,15984.18,0.381,1185.5
TX04084,ACC_N1611,14169.72,0.4,839.5
TX02087,ACC_N0535,8673.16,0.269,1162.1
TX06648,ACC_N2578,18331.59,0.302,1012.2
TX03912,ACC_N1167,3366.79,0.535,1284.8
TX09838,ACC_N3499,3840.17,0.44,442.9
TX04799,ACC_N0358,10800.42,0.142,158.4
TX08286,ACC_N3234,17281.73,0.479,318.4
TX03314,ACC_N3008,5730.88,0.403,1178.8
TX07611,ACC_N0510,13906.29,0.272,1187.2
TX07254,ACC_N2608,13521.66,0.292,416.6
TX02337,ACC_N2747,-1064.41,0.519,295.2
TX08953,ACC_N0769,8529.86,0.263,974.6
TX08885,ACC_N3087,14820.48,0.425,384.0
TX05726,ACC_N3480,2714.51,0.284,266.4
TX07760,ACC_N2625,4325.52,0.386,1248.7
TX01694,ACC_N1664,16533.45,0.3,989.6
TX07302,ACC_N1068,19966.41,0.11,1293.2
TX02766,ACC_N2649,10673.8,0.575,819.3
TX07801,ACC_N2375,1353.43,0.115,188.3
TX00562,ACC_A0223,19796.04,0.63,1745.0
TX02976,ACC_N2606,2829.25,0.295,
TX02719,ACC_N0078,17213.39,0.246,418.3
TX03919,ACC_N3298,9628.77,0.45,1288.1
TX04156,ACC_N0612,2704.53,0.175,890.3
TX04816,ACC_N0052,13092.3,0.203,484.1
TX06844,ACC_N1185,14820.89,0.222,872.1
TX09300,ACC_N1985,-13925.51,0.554,1259.8
TX09755,ACC_N1603,10661.38,0.205,528.6
TX09684,ACC_N0079,2125.86,0.224,836.1
TX09932,ACC_N2884,11571.34,0.463,332.3
TX01213,ACC_N2507,6700.66,0.589,611.5
TX08103,ACC_N2148,13382.63,0.312,122.1
TX06053,ACC_N3487,16147.97,0.455,303.0
TX03579,ACC_N0265,13620.1,0.495,1197.4
TX08849,ACC_N3471,2817.99,0.106,263.5
TX08966,ACC_N3318,17900.6,0.433,260.0
TX00626,ACC_A0388,55651.37,0.363,720.1
TX03206,ACC_N3289,4702.5,0.283,506.2
TX09257,ACC_N1419,12682.29,0.12,1374.1
TX09283,ACC_N0938,9478.32,0.262,1009.5
TX09892,ACC_N0553,731.18,0.474,
TX08200,ACC_N2093,1106.35,0.336,788.6
TX08985,ACC_N1842,6915.42,0.438,598.1
TX01935,ACC_N1014,16209.24,0.521,127.0
TX04299,ACC_N3159,2073.81,0.542,1237.8
TX09560,ACC_N2810,10156.7,0.581,1331.5
TX08018,ACC_N0935,17383.92,0.47,800.2
TX00525,ACC_A0138,30113.96,0.571,825.2
TX08748,ACC_N0175,14235.91,0.352,1363.6
TX04858,ACC_N3076,1966.44,0.146,189.6
TX05949,ACC_N0978,12432.13,0.56,1342.4
TX07208,ACC_N0267,7060.01,0.2,147.8
TX04559,ACC_N2271,19952.86,0.263,640.3
TX06799,ACC_N2499,18370.23,0.583,665.5
TX04977,ACC_N3369,16939.22,0.54,1334.5
TX00777,ACC_A0355,54558.22,0.546,2325.6
TX05796,ACC_N1626,1700.36,0.337,511.3
TX07765,ACC_N0130,13073.48,0.45,1012.7
TX05558,ACC_N0124,12227.05,0.34,392.5
TX02762,ACC_N3458,19775.56,0.346,1438.6
TX03185,ACC_N1313,15721.17,0.288,787.4
TX07964,ACC_N1348,17869.54,0.279,1286.7
TX01964,ACC_N0318,12475.6,0.511,540.1
TX04276,ACC_N0588,9116.06,0.424,574.9
TX04264,ACC_N1946,19341.4,0.368,915.2
TX02375,ACC_N2029,3873.97,0.148,1085.3
TX03683,ACC_N0793,5250.95,0.577,272.1
TX09152,ACC_N0512,-12963.32,0.157,1290.7
TX05009,ACC_N0786,2494.15,0.274,1070.7
TX07420,ACC_N0668,6149.88,0.28,1122.6
TX03662,ACC_N0088,-7497.94,0.453,895.6
TX03845,ACC_N2986,1080.91,0.303,1383.1
TX09302,ACC_N0747,8471.87,0.319,327.0
TX04955,ACC_N2456,3171.15,0.47,326.3
TX05686,ACC_N1248,13813.18,0.549,547.6
TX06782,ACC_N3435,932.05,0.386,867.1
TX01163,ACC_N2884,6496.83,0.175,1381.2
TX01131,ACC_A0054,52007.7,0.689,2026.8
TX06329,ACC_N1892,1475.7,0.214,302.4
TX02760,ACC_N2666,15515.41,0.575,624.8
TX05633,ACC_N0807,13248.41,0.13,1285.8
TX09467,ACC_N2820,6468.14,0.224,1237.8
TX00383,ACC_A0213,47132.88,0.397,1078.9
TX03596,ACC_N0799,16446.87,0.145,
TX00378,ACC_A0103,48858.14,0.5,2701.0
TX03612,ACC_N2183,-14625.53,0.252,1106.1
TX09247,ACC_N2421,14708.53,0.233,
TX09520,ACC_N0862,6398.12,0.576,974.9
TX09790,ACC_N2968,19980.68,0.234,1177.5
TX02230,ACC_N1237,6571.95,0.122,1137.8
TX08355,ACC_N2779,7446.93,0.292,1192.6
TX05790,ACC_N1080,3166.08,0.291,445.0
TX07276,ACC_N3013,6302.16,0.135,1101.8
TX09990,ACC_N3325,5220.93,0.482,1004.5
TX06584,ACC_N3114,18467.96,0.168,761.1
TX04077,ACC_N2222,2549.4,0.313,735.9
TX00642,ACC_A0122,50790.38,0.615,829.9
TX05256,ACC_N0559,9020.62,0.553,1061.3
TX08867,ACC_N1853,10771.54,0.371,507.1
TX05000,ACC_N0492,17094.57,0.237,580.0
TX07722,ACC_N2134,6024.57,0.591,1045.9
TX05068,ACC_N2356,8030.04,0.457,436.6
TX02938,ACC_N2017,19380.07,0.497,1109.6
TX04020,ACC_N0349,9539.25,0.171,217.7
TX08015,ACC_N1077,15466.17,0.403,886.0
TX07825,ACC_N3148,8519.48,0.405,905.0
TX01957,ACC_N0469,6533.55,0.59,1141.9
TX09914,ACC_N3490,4191.02,0.411,219.8
TX00335,ACC_A0171,33383.32,0.419,2568.5
TX08075,ACC_N3008,10629.14,0.191,225.5
TX06551,ACC_N0484,1835.8,0.282,208.0
TX02849,ACC_N0971,10394.1,0.176,608.0
TX01000,ACC_A0242,32957.07,0.604,1497.1
TX05758,ACC_N1435,12737.34,0.231,756.2
TX02407,ACC_N0597,18787.6,0.218,208.3
TX00020,ACC_M001,181053.11,0.98,12.0
TX09205,ACC_N1937,1263.44,0.135,999.6
TX09615,ACC_N0440,11867.58,0.233,1005.2
TX07622,ACC_N3203,11048.38,0.277,1398.8
TX08051,ACC_N0082,9669.58,0.55,684.0
TX01630,ACC_N0714,18683.53,0.354,1061.7
TX09008,ACC_N1697,15949.65,0.186,464.4
TX04464,ACC_N0696,19077.12,0.107,839.1
TX08014,ACC_N0850,3783.51,0.236,620.1
TX07744,ACC_N0105,9128.93,0.383,308.7
TX02830,ACC_N0059,-3337.59,0.594,1171.7
TX01817,ACC_N2208,9815.97,0.533,681.9
TX07153,ACC_N1458,761.75,0.282,659.5
TX03923,ACC_N0294,6209.85,0.187,1183.1
TX01203,ACC_N2978,16747.48,0.479,773.7
TX03883,ACC_N3483,10858.42,0.472,799.2
TX01162,ACC_N0786,15466.23,0.517,1279.2
TX07764,ACC_N0152,14134.57,0.315,716.0
TX00978,ACC_A0182,31161.8,0.578,1412.2
TX00380,ACC_A0351,50035.74,0.36,894.0
TX04391,ACC_N2717,10779.39,0.141,1141.0
TX02173,ACC_N2044,12987.42,0.428,734.8
TX07699,ACC_N2561,16071.55,0.544,585.8
TX09275,ACC_N1437,834.46,0.312,932.4
TX07125,ACC_N0733,9379.6,0.543,446.1
TX09313,ACC_N0517,610.43,0.382,1120.2
TX00576,ACC_A0385,58138.22,0.498,379.6
TX08731,ACC_N1659,13412.37,0.387,543.5
TX08261,ACC_N1944,6478.68,0.417,160.3
TX08912,ACC_N2269,2418.52,0.155,1193.1
TX01951,ACC_N1623,17210.81,0.158,693.7
TX06947,ACC_N1927,13470.09,0.454,576.3
TX07708,ACC_N2903,15166.4,0.381,1041.8
TX05223,ACC_N1209,3035.51,0.117,952.4
TX05818,ACC_N1516,3311.27,0.299,1418.9
TX02372,ACC_N2604,6798.3,0.5,246.8
TX02392,ACC_N0606,15833.47,0.369,207.9
TX07900,ACC_N0101,19400.48,0.193,983.7
TX09426,ACC_N1824,18568.7,0.493,1384.9
TX08001,ACC_N1824,5712.93,0.513,896.4
TX00214,ACC_A0040,58789.97,0.609,1335.7
TX08352,ACC_N0164,12163.75,0.539,661.0
TX08925,ACC_N1212,1386.56,0.15,1175.2
TX05489,ACC_N1491,2601.95,0.518,1013.4
TX07206,ACC_N0450,5837.34,0.134,808.0
TX03963,ACC_N0540,14262.3,0.239,1214.9
TX01703,ACC_N0949,1923.57,0.18,1399.9
TX09142,ACC_N1957,8143.14,0.279,550.4
TX00049,ACC_M018,296019.63,0.994,17.5
TX08576,ACC_N2958,17182.47,0.248,139.9
TX00560,ACC_A0094,37385.92,0.693,1931.0
TX06128,ACC_N1945,7003.49,0.368,1072.4
TX01586,ACC_N0880,15809.13,0.333,213.1
TX06890,ACC_N0902,5068.95,0.141,1067.8
TX07331,ACC_N2919,9237.47,0.268,803.4
TX09664,ACC_N1543,6040.65,0.49,959.1
TX00326,ACC_A0286,21247.11,0.541,1156.8
TX04133,ACC_N2809,15246.56,0.411,231.6
TX01745,ACC_N0069,10982.9,0.309,201.2
TX04908,ACC_N0622,4585.93,0.325,505.5
TX03776,ACC_N1931,2445.39,0.246,1394.9
TX08043,ACC_N1668,14994.33,0.301,1166.9
TX03841,ACC_N0938,9826.53,0.235,1168.9
TX07503,ACC_N0789,19211.67,0.26,563.8
TX00918,ACC_A0163,41764.95,0.475,897.4
TX09379,ACC_N1045,8314.59,0.421,784.0
TX00829,ACC_A0017,53439.44,0.636,1360.6
TX09307,ACC_N1404,16994.4,0.587,1176.1
TX06874,ACC_N2244,11806.52,0.553,1270.6
TX00124,ACC_M049,99523.37,0.996,22.8
TX08329,ACC_N3119,15173.2,0.307,548.6
TX08996,ACC_N0488,19175.23,0.215,949.2
TX09137,ACC_N1068,7277.39,0.125,1231.2
TX02379,ACC_N0512,-2575.03,0.459,967.9
TX04802,ACC_N0835,18164.08,0.52,566.4
TX01077,ACC_A0087,52207.75,0.613,480.1
TX05096,ACC_N2006,11559.01,0.198,376.9
TX09585,ACC_N2567,14559.91,0.272,1430.9
TX03053,ACC_N2312,1994.14,0.444,1159.7
TX08127,ACC_N2783,18092.79,0.296,682.5
TX01965,ACC_N1601,6853.58,0.561,306.4
TX02020,ACC_N1554,10380.37,0.325,790.1
TX07727,ACC_N2472,19548.27,0.385,694.5
TX04661,ACC_N3019,9507.54,0.363,1378.6
TX03291,ACC_N2967,13539.08,0.142,696.8
TX08652,ACC_N0177,15243.4,0.329,739.3
TX03121,ACC_N2095,4456.03,0.373,1008.5
TX00449,ACC_A0076,56073.73,0.494,
TX03293,ACC_N0425,13810.69,0.484,1005.5
TX01340,ACC_N1409,19072.1,0.294,202.3
TX03666,ACC_N1491,984.76,0.297,261.4
TX09807,ACC_N3474,17891.43,0.512,890.9
TX08841,ACC_N3105,3514.0,0.324,1328.1
TX09868,ACC_N1239,3359.3,0.276,175.7
TX04209,ACC_N2036,14060.51,0.264,346.9
TX04318,ACC_N1933,3662.33,0.161,1236.8
TX03852,ACC_N1632,2572.43,0.119,1430.0
TX06069,ACC_N1873,4173.18,0.385,120.0
TX02516,ACC_N3136,3103.92,0.252,307.6
TX07491,ACC_N2003,-17362.74,0.292,133.7
TX01881,ACC_N2284,-12187.77,0.53,1269.3
TX02114,ACC_N1575,5795.23,0.244,886.2
TX09606,ACC_N2602,19552.26,0.444,825.2
TX09945,ACC_N0565,18462.59,0.441,1413.7
TX02609,ACC_N2426,6039.14,0.408,
TX01665,ACC_N1383,8236.72,0.274,388.5
TX03180,ACC_N1511,2544.3,0.501,373.5
TX05725,ACC_N2990,14864.71,0.416,1003.1
TX09834,ACC_N2294,16657.82,0.568,1109.3
TX02869,ACC_N3498,3414.01,0.251,1129.6
TX09486,ACC_N2613,7163.34,0.235,149.8
TX02384,ACC_N1602,18996.15,0.328,828.0
TX02846,ACC_N2141,1586.7,0.153,1255.8
TX09921,ACC_N0401,2838.83,0.514,599.7
TX05724,ACC_N1240,8643.96,0.39,789.9
TX02796,ACC_N1674,1170.86,0.121,1253.1
TX09289,ACC_N1520,13008.49,0.306,464.8
TX09365,ACC_N0767,10994.91,0.542,330.1
TX08393,ACC_N3041,13842.46,0.427,907.8
TX02170,ACC_N1633,8400.4,0.11,1128.3
TX05677,ACC_N1167,14485.78,0.53,870.3
TX00897,ACC_A0050,36706.04,0.657,1671.5
TX02866,ACC_N2555,12923.17,0.305,1255.1
TX08937,ACC_N0924,17528.26,0.158,202.4
TX04857,ACC_N1443,5867.1,0.199,1063.7
TX02964,ACC_N3097,6807.14,0.397,859.5
TX01771,ACC_N1418,2813.88,0.378,1362.1
TX03006,ACC_N2533,1367.93,0.382,661.7
TX04685,ACC_N0554,1566.35,0.598,451.6
TX07881,ACC_N2876,10944.49,0.102,273.8
TX09177,ACC_N2749,12616.13,0.588,1281.4
TX00575,ACC_A0111,30924.21,0.555,1189.1
TX00826,ACC_A0141,36084.27,0.689,334.2
TX08595,ACC_N2496,11883.21,0.257,1104.1
TX07658,ACC_N2260,4880.46,0.1,763.3
TX01165,ACC_N1992,16031.92,0.175,1232.4
TX07113,ACC_N0251,17167.55,0.424,240.5
TX03247,ACC_N3132,10423.26,0.549,734.2
TX01509,ACC_N0320,784.88,0.569,563.2
TX01755,ACC_N0423,10972.31,0.437,1330.5
TX05587,ACC_N3466,11855.97,0.256,1053.2
TX03041,ACC_N2032,13946.87,0.109,671.5
TX08955,ACC_N2334,1164.87,0.427,1031.3
TX09132,ACC_N3455,526.68,0.252,261.4
TX05069,ACC_N2300,19110.74,0.362,416.3
TX02124,ACC_N1849,4576.22,0.5,239.1
TX00268,ACC_A0318,41288.98,0.347,1936.8
TX08831,ACC_N0450,12238.76,0.255,290.2
TX02650,ACC_N2558,18462.31,0.419,266.8
TX03355,ACC_N0572,8822.41,0.546,120.3
TX05195,ACC_N1845,587.84,0.319,357.3
TX06080,ACC_N1095,12665.83,0.334,1038.6
TX04701,ACC_N1016,11495.41,0.333,1368.9
TX06980,ACC_N3387,12679.65,0.25,1033.1
TX02982,ACC_N3054,10657.2,0.471,318.4
TX08295,ACC_N1523,16614.78,0.372,900.5
TX03773,ACC_N2109,16573.23,0.504,307.8
TX00397,ACC_A0305,41929.92,0.672,2616.0
TX01442,ACC_N3298,11985.89,0.223,336.1
TX06434,ACC_N1770,16788.48,0.261,339.4
TX00924,ACC_A0288,43138.71,0.414,1869.7
TX03274,ACC_N0342,12221.28,0.584,689.4
TX01537,ACC_N3066,7453.14,0.465,1286.2
TX03708,ACC_N1223,12966.26,0.102,1312.7
TX03480,ACC_N1468,17166.16,0.513,516.3
TX05969,ACC_N3001,17116.88,0.561,1333.2
TX00680,ACC_A0159,19126.47,0.442,1481.7
TX06552,ACC_N2924,10459.42,0.142,149.6
TX06703,ACC_N1217,12628.27,0.277,1182.8
TX09768,ACC_N2214,15012.32,0.392,496.8
TX06922,ACC_N1678,14602.97,0.465,553.7
TX04727,ACC_N2930,11754.85,0.307,769.3
TX08944,ACC_N0023,16246.3,0.523,417.5
TX00322,ACC_A0375,39701.49,0.411,1287.1
TX07812,ACC_N2701,13701.49,0.118,591.2
TX03043,ACC_N2417,6162.06,0.215,1090.5
TX08622,ACC_N0155,3786.15,0.425,130.5
TX05697,ACC_N2861,16224.85,0.522,1242.3
TX07703,ACC_N2592,3329.66,0.26,782.2
TX05619,ACC_N0951,2685.92,0.191,1033.2
TX02851,ACC_N0437,3048.12,0.5,869.8
TX02115,ACC_N1387,6666.19,0.555,569.2
TX09056,ACC_N1370,12866.71,0.382,1049.8
TX00417,ACC_A0218,16036.02,0.314,2439.8
TX09179,ACC_N3309,17307.91,0.106,1292.1
TX02203,ACC_N0062,16049.19,0.155,448.3
TX00599,ACC_A0163,36340.68,0.474,1742.2
TX00551,ACC_A0267,55525.75,0.495,2244.9
TX03305,ACC_N1963,13463.95,0.123,393.8
TX04796,ACC_N1948,2947.72,0.376,1085.4
TX03485,ACC_N2326,14875.77,0.174,891.9
TX06266,ACC_N0142,15928.34,0.323,813.0
TX09336,ACC_N2872,17064.82,0.327,892.4
TX05192,ACC_N1605,-19521.29,0.511,1224.0
TX09488,ACC_N1771,17976.43,0.531,552.2
TX01099,ACC_A0043,28359.12,0.314,2451.2
TX09439,ACC_N0575,13716.33,0.331,618.6
TX07967,ACC_N2864,11157.19,0.127,1030.0
TX08493,ACC_N1670,11742.06,0.131,780.5
TX05733,ACC_N1592,5590.06,0.211,556.1
TX04457,ACC_N0260,14020.95,0.411,476.3
TX01146,ACC_A0008,38951.71,0.696,595.2
TX06990,ACC_N2810,1168.69,0.255,631.3
TX05245,ACC_N0945,3996.28,0.526,179.6
TX07426,ACC_N0772,9488.96,0.319,607.8
TX03218,ACC_N2987,6891.07,0.182,689.0
TX01048,ACC_A0314,26440.11,0.698,478.9
TX00718,ACC_A0212,43340.01,0.659,2596.3
TX00134,ACC_M033,201926.83,0.955,5.4
TX05416,ACC_N0814,17981.22,0.339,775.0
TX08939,ACC_N1796,16910.0,0.508,988.5
TX08148,ACC_N3269,11596.81,0.382,1185.0
TX08369,ACC_N1306,1540.31,0.527,842.4
TX04253,ACC_N1157,19021.67,0.174,1193.3
TX03198,ACC_N1927,10272.67,0.337,1248.7
TX03740,ACC_N3460,16232.17,0.338,690.1
TX06630,ACC_N0274,2802.06,0.313,1201.8
TX07364,ACC_N1575,12710.5,0.263,878.4
TX08693,ACC_N0469,11456.09,0.322,645.9
TX04869,ACC_N1214,9833.57,0.345,234.1
TX09064,ACC_N0596,1470.91,0.345,1388.3
TX01344,ACC_N2312,9751.48,0.256,940.6
TX06028,ACC_N3101,14965.74,0.221,844.9
TX05031,ACC_N0062,692.01,0.136,1241.7
TX02625,ACC_N0686,10500.29,0.261,986.0
TX08751,ACC_N2763,14775.92,0.232,320.1
TX01644,ACC_N2908,17318.68,0.259,380.8
TX01323,ACC_N0100,9827.54,0.425,918.0
TX08699,ACC_N2511,18131.29,0.356,129.5
TX03426,ACC_N3444,13976.56,0.371,1182.4
TX04146,ACC_N1747,19638.23,0.58,587.4
TX05836,ACC_N0265,14468.91,0.168,290.4
TX04907,ACC_N1125,13132.53,0.138,699.5
TX07897,ACC_N2804,6285.99,0.386,937.7
TX03425,ACC_N3390,19646.99,0.268,865.6
TX05939,ACC_N1372,5673.61,0.237,130.5
TX07633,ACC_N2552,1860.26,0.194,691.2
TX07235,ACC_N2042,16356.3,0.139,675.8
TX07204,ACC_N0150,829.97,0.218,1002.1
TX09332,ACC_N1066,16325.17,0.205,532.3
TX09297,ACC_N2480,3007.44,0.359,1008.0
TX01535,ACC_N2873,4584.39,0.256,552.6
TX09499,ACC_N1233,8371.75,0.531,443.7
TX08076,ACC_N0476,9602.81,0.446,727.7
TX03282,ACC_N2906,11457.99,0.289,1177.6
TX06604,ACC_N2171,16159.6,0.157,1387.6
TX05332,ACC_N3442,19373.32,0.536,313.9
TX04466,ACC_N3163,10373.84,0.433,1109.3
TX05547,ACC_N0082,6597.31,0.239,635.0
TX06748,ACC_N3101,8917.19,0.32,667.3
TX04523,ACC_N0938,5044.37,0.233,1106.9
TX05605,ACC_N2059,7483.82,0.293,1167.8
TX07092,ACC_N3213,16827.94,0.558,1341.7
TX01005,ACC_A0162,32849.69,0.311,1925.5
TX08940,ACC_N2074,8906.1,0.333,628.0
TX09897,ACC_N0280,15926.73,0.311,1399.7
TX01274,ACC_N2989,7515.98,0.421,725.2
TX05662,ACC_N2498,1731.63,0.135,901.0
TX06427,ACC_N1763,9240.45,0.262,609.1
TX05693,ACC_N1183,4667.94,0.464,1165.7
TX02275,ACC_N1112,15811.2,0.45,806.7
TX09113,ACC_N0719,15685.39,0.396,1292.9
TX09362,ACC_N1239,14873.21,0.212,1228.8
TX06575,ACC_N1758,17254.19,0.447,476.3
TX05574,ACC_N1994,3518.91,0.249,1000.8
TX01383,ACC_N2079,11802.57,0.372,297.9
TX02835,ACC_N1278,3968.74,0.299,888.1
TX00899,ACC_A0005,30570.75,0.316,2417.1
TX09230,ACC_N0208,9206.32,0.391,523.1
TX09758,ACC_N0731,12213.01,0.18,1362.9
TX00245,ACC_A0095,17805.36,0.464,409.1
TX01467,ACC_N1721,-4063.65,0.567,147.0
TX00015,ACC_M020,131821.24,0.955,37.8
TX05360,ACC_N2073,1758.45,0.47,494.9
TX06181,ACC_N1994,6703.97,0.469,1156.8
TX08658,ACC_N1178,17362.96,0.283,1037.7
TX05338,ACC_N0959,12350.34,0.521,462.1
TX02293,ACC_N1071,14735.03,0.515,1436.5
TX07035,ACC_N2656,16458.85,0.254,785.6
TX06974,ACC_N0413,1552.41,0.574,315.0
TX05202,ACC_N1623,18230.03,0.109,517.6
TX05170,ACC_N0032,15535.25,0.317,162.0
TX00123,ACC_M047,193101.56,0.993,5.0
TX08399,ACC_N2627,19277.6,0.481,278.0
TX05870,ACC_N3487,10863.98,0.342,965.7
TX03953,ACC_N1104,16194.24,0.342,835.3
TX08030,ACC_N0230,13198.25,0.237,1274.6
TX06031,ACC_N0920,16581.28,0.447,1211.4
TX03980,ACC_N0242,910.63,0.191,1314.5
TX03795,ACC_N3266,-6153.53,0.102,908.2
TX02296,ACC_N0703,1949.52,0.401,1055.2
TX01408,ACC_N1881,10052.47,0.419,286.7
TX08660,ACC_N0030,1376.24,0.39,542.7
TX03130,ACC_N1015,-1702.65,0.116,1167.7
TX00249,ACC_A0072,52999.83,0.42,2043.7
TX04150,ACC_N0193,9820.99,0.485,1250.9
TX09837,ACC_N3290,11358.06,0.33,237.1
TX06589,ACC_N1403,8047.81,0.481,1418.8
TX04581,ACC_N1852,12951.6,0.537,1164.0
TX00422,ACC_A0269,18479.45,0.688,2758.5
TX04950,ACC_N2244,-9914.8,0.207,320.4
TX01479,ACC_N1353,14431.07,0.116,687.6
TX07196,ACC_N2822,7964.49,0.183,901.7
TX04794,ACC_N0931,8151.45,0.186,471.3
TX04013,ACC_N0211,16008.11,0.365,516.3
TX06927,ACC_N0634,15513.7,0.387,554.4
TX06633,ACC_N2374,11788.87,0.175,1093.3
TX04942,ACC_N1549,8510.78,0.161,513.3
TX05417,ACC_N0659,12906.27,0.316,344.2
TX08099,ACC_N2737,18832.38,0.479,1268.4
TX03001,ACC_N1552,6741.11,0.143,288.4
TX03862,ACC_N0220,2750.36,0.518,827.6
TX05369,ACC_N2799,7449.15,0.353,535.6
TX05881,ACC_N1796,3310.03,0.346,631.1
TX01969,ACC_N1882,4536.38,0.4,885.6
TX07320,ACC_N1449,6688.4,0.487,127.1
TX09096,ACC_N3202,12817.07,0.133,660.5
TX06872,ACC_N2896,18250.3,0.486,246.7
TX01346,ACC_N3118,1003.28,0.402,146.1
TX07296,ACC_N2153,12462.19,0.548,934.1
TX05804,ACC_N1137,15775.07,0.191,986.4
TX07390,ACC_N0513,6211.66,0.31,787.7
TX03611,ACC_N3489,5630.06,0.197,1173.3
TX05382,ACC_N2865,6704.66,0.132,1365.2
TX05825,ACC_N3330,9357.44,0.198,917.8
TX03712,ACC_N0410,8960.82,0.248,1167.0
TX03739,ACC_N2539,12266.38,0.521,1254.5
TX07777,ACC_N2574,7449.46,0.287,874.3
TX04762,ACC_N0821,17188.55,0.208,872.2
TX08951,ACC_N2749,19372.1,0.525,1192.2
TX00416,ACC_A0214,50553.81,0.342,336.6
TX04845,ACC_N2039,8611.8,0.289,658.1
TX00223,ACC_A0038,31019.62,0.633,2320.2
TX09374,ACC_N0751,2847.8,0.496,1273.4
TX02705,ACC_N1406,8904.18,0.524,145.3
TX04233,ACC_N3035,9235.1,0.225,324.9
TX05608,ACC_N1638,11159.2,0.102,928.6
TX01256,ACC_N0993,10834.42,0.336,1292.1
TX06712,ACC_N2621,13571.23,0.208,487.1
TX02196,ACC_N1534,16015.37,0.414,853.3
TX02773,ACC_N1346,8669.12,0.358,
TX00687,ACC_A0103,53376.98,0.603,1462.8
TX04998,ACC_N1974,15980.97,0.387,1134.3
TX04698,ACC_N3189,8010.67,0.212,899.3
TX05819,ACC_N1587,18445.31,0.571,363.5
TX00839,ACC_A0284,16408.6,0.327,1696.7
TX05755,ACC_N1223,7159.76,0.203,1368.2
TX06467,ACC_N2157,19035.42,0.13,201.1
TX04288,ACC_N3044,8352.09,0.209,1037.9
TX06593,ACC_N2627,5054.07,0.414,668.4
TX08408,ACC_N2437,19215.61,0.283,1426.4
TX07838,ACC_N2867,19810.18,0.305,531.7
TX06813,ACC_N0899,12647.97,0.377,885.6
TX01461,ACC_N0111,3044.84,0.377,404.5
TX03054,ACC_N1753,13448.64,0.278,1088.5
TX01552,ACC_N1182,1562.09,0.346,763.8
TX07750,ACC_N0954,13551.96,0.28,290.9
TX02000,ACC_N3103,14294.81,0.456,883.1
TX01974,ACC_N0142,5845.35,0.355,408.4
TX05429,ACC_N2733,12955.16,0.307,1340.0
TX05248,ACC_N0215,-14597.15,0.287,167.0
TX01892,ACC_N0837,4723.29,0.154,362.5
TX07359,ACC_N1996,19005.06,0.524,709.0
TX08374,ACC_N0364,16984.08,0.291,646.2
TX09551,ACC_N2915,12873.73,0.393,859.7
TX02051,ACC_N1467,16645.54,0.268,1009.2
TX08991,ACC_N1853,13519.64,0.47,1180.6
TX09854,ACC_N1576,3246.26,0.445,773.5
TX03508,ACC_N1456,7059.68,0.172,465.1
TX06023,ACC_N0667,14367.03,0.578,1150.4
TX02183,ACC_N0302,6188.02,0.323,455.9
TX05746,ACC_N2298,16333.64,0.331,345.1
TX00647,ACC_A0145,44004.6,0.59,599.8
TX06635,ACC_N1558,11765.85,0.471,786.8
TX09487,ACC_N1509,9558.12,0.308,404.9
TX01464,ACC_N2419,18283.21,0.282,703.9
TX09544,ACC_N1597,2367.47,0.157,440.2
TX05873,ACC_N2706,2675.86,0.413,
TX05027,ACC_N3228,8952.54,0.551,903.2
TX02787,ACC_N1194,1732.07,0.205,874.4
TX03699,ACC_N3490,3522.67,0.53,1226.9
TX02399,ACC_N1828,10095.79,0.385,1346.0
TX06668,ACC_N1046,13601.89,0.144,972.5
TX03018,ACC_N1751,10820.72,0.195,409.1
TX03194,ACC_N1829,7421.16,0.185,1216.2
TX01549,ACC_N0158,3451.74,0.311,1249.8
TX07817,ACC_N1068,17217.89,0.253,1254.1
TX08210,ACC_N0144,4949.47,0.121,892.6
TX08712,ACC_N1523,17904.58,0.559,1152.9
TX05128,ACC_N0510,14578.55,0.589,208.1
TX09221,ACC_N2995,6792.03,0.326,786.5
TX08696,ACC_N2443,10185.21,0.17,1152.7
TX00353,ACC_A0182,41473.8,0.462,1669.3
TX08202,ACC_N0830,9523.82,0.108,152.9
TX07408,ACC_N2894,7201.12,0.185,982.8
TX01339,ACC_N2715,17168.71,0.103,1069.5
TX02497,ACC_N3061,8924.21,0.376,904.2
TX03253,ACC_N2936,10941.57,0.258,923.1
TX03782,ACC_N1493,10941.68,0.172,560.2
TX02185,ACC_N2555,4992.54,0.364,907.7
TX06127,ACC_N2877,18699.55,0.352,843.7
TX08931,ACC_N1635,11157.06,0.473,250.3
TX08874,ACC_N0671,2486.87,0.24,559.3
TX06335,ACC_N1956,9142.01,0.173,1102.9
TX08723,ACC_N2012,2150.23,0.296,1048.3
TX08100,ACC_N1503,7955.36,0.434,1232.4
TX06019,ACC_N1289,19944.82,0.144,1239.7
TX08082,ACC_N0157,8363.58,0.234,522.1
TX05280,ACC_N1270,18632.24,0.176,1414.7
TX00934,ACC_A0144,22379.98,0.366,1263.0
TX01534,ACC_N3464,980.05,0.338,994.5
TX05623,ACC_N2369,8198.61,0.34,850.3
TX09965,ACC_N2069,11655.47,0.344,233.9
TX03962,ACC_N0571,9384.7,0.116,868.3
TX08112,ACC_N1773,3619.28,0.589,908.8
TX03171,ACC_N2944,18569.98,0.116,1412.0
TX02979,ACC_N1707,4527.42,0.245,1351.8
TX03858,ACC_N0395,16780.54,0.452,679.7
TX08779,ACC_N1137,11390.22,0.192,352.9
TX04302,ACC_N0192,18478.76,0.162,274.9
TX01140,ACC_A0111,23755.12,0.558,2731.3
TX01222,ACC_N1517,2573.58,0.109,952.4
TX00872,ACC_A0146,26139.3,0.682,1432.9
TX01116,ACC_A0326,39406.36,0.482,1268.6
TX01505,ACC_N2378,14599.9,0.467,1170.6
TX01781,ACC_N2546,10298.08,0.369,509.4
TX01463,ACC_N1212,6687.46,0.199,661.4
TX04083,ACC_N0270,710.57,0.255,947.6
TX05255,ACC_N1081,9219.63,0.515,725.3
TX06557,ACC_N1919,4880.88,0.192,524.3
TX08105,ACC_N0671,15828.96,0.442,1280.3
TX03004,ACC_N1303,8009.57,0.202,1374.1
TX06052,ACC_N0841,17153.32,0.483,1203.9
TX06522,ACC_N1889,5864.99,0.254,818.0
TX05199,ACC_N3050,2665.18,0.466,1395.4
TX02212,ACC_N3134,14488.57,0.451,1242.3
TX07513,ACC_N0532,10144.5,0.425,1209.6
TX03995,ACC_N2888,683.69,0.543,1093.2
TX09218,ACC_N0619,7807.64,0.329,493.5
TX00366,ACC_A0392,25306.14,0.572,1660.3
TX03087,ACC_N1282,2646.44,0.478,296.8
TX03256,ACC_N0421,15019.64,0.157,610.2
TX00271,ACC_A0206,41394.09,0.452,2516.1
TX01115,ACC_A0285,37520.04,0.658,2063.3
TX07233,ACC_N0233,1552.99,0.35,829.8
TX01132,ACC_A0218,34388.79,0.388,2601.1
TX05752,ACC_N2054,2782.38,0.145,334.6
TX08486,ACC_N0367,14320.07,0.437,1434.3
TX01659,ACC_N1880,3765.47,0.431,1250.6
TX04189,ACC_N3281,19375.41,0.541,1261.4
TX03365,ACC_N2270,9087.3,0.176,
TX02311,ACC_N1712,15869.92,0.422,1213.5
TX03027,ACC_N1549,18723.53,0.245,158.8
TX02970,ACC_N1499,2133.92,0.351,995.7
TX01073,ACC_A0206,50797.97,0.7,1929.6
TX02257,ACC_N1457,15434.43,0.38,160.4
TX05828,ACC_N1372,15786.43,0.519,688.3
TX04520,ACC_N0833,5477.03,0.534,337.3
TX02388,ACC_N0371,10524.6,0.511,126.3
TX00088,ACC_M027,336900.86,0.951,8.8
TX07686,ACC_N0826,6917.01,0.202,1225.7
TX09348,ACC_N0207,5565.14,0.483,1285.9
TX01952,ACC_N1681,18804.94,0.151,
TX05206,ACC_N2404,6897.36,0.578,1408.5
TX00261,ACC_A0246,39090.1,0.403,2878.6
TX09007,ACC_N2535,9432.61,0.135,353.5
TX02914,ACC_N1033,17233.71,0.555,1102.1
TX03888,ACC_N2953,17084.98,0.459,1332.7
TX00330,ACC_A0221,42274.58,0.377,1956.0
TX00093,ACC_M053,392353.27,0.996,17.4
TX02060,ACC_N1446,11176.6,0.471,372.3
TX03933,ACC_N1300,17083.38,0.556,704.8
TX05470,ACC_N1181,13971.64,0.335,318.2
TX00183,ACC_A0128,43648.99,0.569,844.7
TX03417,ACC_N3115,2346.28,0.416,919.7
TX05335,ACC_N2601,1725.72,0.231,540.3
TX04552,ACC_N0810,4830.6,0.463,1025.8
TX06013,ACC_N2260,8930.94,0.417,1081.2
TX09508,ACC_N0107,12705.05,0.578,919.5
TX06287,ACC_N3323,10228.02,0.316,1047.9
TX08796,ACC_N1173,15845.73,0.386,323.7
TX09697,ACC_N3415,11412.49,0.591,1301.8
TX00345,ACC_A0202,48772.59,0.392,2718.4
TX05741,ACC_N2806,7113.71,0.45,558.6
TX00053,ACC_M014,472774.52,0.958,30.0
TX09091,ACC_N2137,4915.65,0.171,1003.3
TX02241,ACC_N2366,686.1,0.229,645.9
TX05056,ACC_N1042,7765.8,0.586,1342.2
TX06093,ACC_N1093,13940.6,0.476,160.9
TX01336,ACC_N3163,5261.15,0.219,516.0
TX03545,ACC_N1710,10309.35,0.33,831.4
TX08803,ACC_N0774,16951.22,0.416,1135.8
TX05157,ACC_N2872,14056.33,0.192,
TX04989,ACC_N0804,9361.24,0.38,181.5
TX05405,ACC_N1448,1900.38,0.249,1087.0
TX02547,ACC_N3226,2391.86,0.328,1403.7
TX03626,ACC_N0142,7500.51,0.153,545.6
TX04246,ACC_N2095,1483.88,0.426,863.7
TX08310,ACC_N0214,10123.03,0.307,131.1
TX03632,ACC_N3444,18686.47,0.244,578.1
TX08917,ACC_N1089,884.78,0.167,128.1
TX07270,ACC_N1494,14412.51,0.518,367.2
TX07263,ACC_N1768,3510.05,0.375,426.1
TX07013,ACC_N2600,996.22,0.481,
TX00890,ACC_A0116,55851.84,0.688,2099.0
TX05592,ACC_N2053,7236.49,0.256,404.4
TX07671,ACC_N2449,16739.11,0.32,1079.2
TX09951,ACC_N2591,7432.94,0.135,780.5
TX06312,ACC_N3394,17657.11,0.315,552.6
TX04928,ACC_N0136,19647.15,0.479,710.8
TX05586,ACC_N1828,16968.17,0.151,519.4
TX08263,ACC_N2415,6521.44,0.158,628.2
TX07591,ACC_N2400,6415.71,0.5,832.0
TX01635,ACC_N2909,18482.74,0.12,1348.2
TX05039,ACC_N3215,6958.56,0.549,1205.6
TX07010,ACC_N0394,9651.15,0.286,706.2
TX01147,ACC_A0029,41141.94,0.38,322.5
TX00761,ACC_A0256,53902.18,0.695,1160.7
TX08553,ACC_N2056,17329.56,0.254,137.3
TX03569,ACC_N2624,10642.63,0.183,
TX03613,ACC_N2307,4196.33,0.41,910.5
TX02332,ACC_N1438,3099.87,0.383,281.1
TX08906,ACC_N2027,5915.45,0.232,549.2
TX01158,ACC_N2053,19896.34,0.284,904.4
TX05912,ACC_N3117,16594.87,0.393,359.5
TX05835,ACC_N0762,12929.15,0.148,842.0
TX04105,ACC_N0198,15597.9,0.36,200.5
TX02865,ACC_N2313,18730.41,0.397,364.4
TX03226,ACC_N2661,9723.32,0.135,697.8
TX05653,ACC_N0040,6533.93,0.576,376.8
TX00065,ACC_M012,176420.53,0.986,42.4
TX03341,ACC_N2540,14502.98,0.198,1309.8
TX00698,ACC_A0098,26654.22,0.521,2722.8
TX02055,ACC_N2298,15942.74,0.49,387.9
TX04686,ACC_N0740,8443.95,0.466,1426.3
TX07373,ACC_N0138,1318.42,0.121,512.0
TX04628,ACC_N2540,6330.75,0.336,810.9
TX04002,ACC_N0015,19937.75,0.308,832.7
TX03132,ACC_N0265,4492.03,0.515,919.4
TX04440,ACC_N1699,14127.26,0.287,291.2
TX03404,ACC_N3331,17546.29,0.587,1069.2
TX06613,ACC_N1684,19749.77,0.433,209.6
TX07832,ACC_N1527,4498.57,0.329,148.4
TX01646,ACC_N2500,14056.16,0.311,1406.6
TX05999,ACC_N1561,923.91,0.16,376.9
TX02800,ACC_N1067,8110.76,0.566,555.5
TX00571,ACC_A0385,52714.81,0.607,2373.1
TX00917,ACC_A0384,55329.96,0.485,2852.2
TX09051,ACC_N1461,1550.31,0.515,1221.5
TX05598,ACC_N2710,11079.68,0.35,608.5
TX01995,ACC_N1769,15941.88,0.306,1064.4
TX08026,ACC_N1973,5406.18,0.591,709.5
TX00833,ACC_A0292,52797.62,0.551,1408.4
TX09319,ACC_N0443,19123.05,0.333,
TX01069,ACC_A0149,52389.47,0.632,1235.1
TX08676,ACC_N2438,809.92,0.284,875.2
TX07515,ACC_N1620,7948.68,0.384,460.2
TX02251,ACC_N1401,7361.75,0.285,215.1
TX06499,ACC_N0559,4901.05,0.383,1347.8
TX02450,ACC_N2228,17109.91,0.505,774.9
TX01029,ACC_A0194,16538.45,0.689,2779.8
TX00781,ACC_A0266,55891.56,0.622,1351.7
TX01401,ACC_N2596,12741.04,0.46,1263.6
TX04256,ACC_N2302,19256.37,0.306,922.4
TX04356,ACC_N0880,2061.75,0.529,1195.3
TX08632,ACC_N2529,14068.15,0.181,633.6
TX07268,ACC_N1594,7675.71,0.363,346.8
TX01392,ACC_N0968,3805.33,0.401,367.0
TX08856,ACC_N2984,7325.76,0.465,968.6
TX06897,ACC_N2991,19640.79,0.267,889.0
TX04434,ACC_N3301,14114.39,0.106,165.2
TX01953,ACC_N3194,10101.06,0.477,1190.6
TX05652,ACC_N0942,13146.28,0.447,865.7
TX07840,ACC_N0588,14921.94,0.264,478.8
TX06777,ACC_N3328,1125.22,0.362,1075.7
TX05013,ACC_N2889,9696.37,0.41,449.3
TX00838,ACC_A0292,58345.65,0.348,1065.7
TX09358,ACC_N0737,14889.25,0.332,841.9
TX08634,ACC_N1682,2002.12,0.588,146.3
TX06288,ACC_N0868,19789.12,0.445,1316.2
TX06466,ACC_N0511,2353.41,0.228,544.6
TX05035,ACC_N3453,5197.12,0.41,391.2
TX04474,ACC_N0729,11448.82,0.149,384.9
TX04180,ACC_N1061,15741.89,0.38,296.8
TX07477,ACC_N3221,3759.08,0.391,1281.9
TX04460,ACC_N3052,4648.18,0.593,501.5
TX00602,ACC_A0239,33575.71,0.552,1678.5
TX08520,ACC_N3337,10729.42,0.199,754.5
TX01569,ACC_N0475,16003.63,0.409,241.1
TX07461,ACC_N1777,10434.91,0.181,363.6
TX00612,ACC_A0006,29156.85,0.669,2568.7
TX04595,ACC_N2691,11749.22,0.563,1366.3
TX03100,ACC_N0537,12600.86,0.521,
TX03749,ACC_N2037,5851.03,0.197,1368.1
TX04443,ACC_N3358,11111.57,0.532,526.1
TX09092,ACC_N0968,11795.72,0.462,1205.3
TX04353,ACC_N1881,972.02,0.419,365.9
TX06359,ACC_N0639,12858.47,0.563,316.6
TX08356,ACC_N0582,12470.97,0.176,404.7
TX07445,ACC_N0091,14826.81,0.132,210.8
TX06085,ACC_N3452,5386.34,0.253,855.9
TX05749,ACC_N2463,8999.04,0.355,
TX05970,ACC_N1322,11404.12,0.218,882.8
TX05250,ACC_N1343,16038.54,0.57,1334.3
TX04978,ACC_N1559,8277.02,0.59,1169.4
TX00699,ACC_A0171,41484.94,0.338,317.2
TX01473,ACC_N1896,6714.45,0.496,1379.3
TX05113,ACC_N2194,15734.51,0.268,1216.9
TX08212,ACC_N2805,19273.73,0.159,1276.2
TX03416,ACC_N2880,1467.07,0.259,1247.6
TX05874,ACC_N1670,3381.05,0.106,1044.5
TX04372,ACC_N2487,10165.97,0.262,1356.0
TX03789,ACC_N1903,15080.16,0.363,430.4
TX01571,ACC_N2605,15421.28,0.453,435.0
TX05485,ACC_N0910,3674.13,0.224,962.7
TX07467,ACC_N2601,1785.61,0.518,854.5
TX06195,ACC_N3068,2846.64,0.287,645.0
TX09101,ACC_N1855,4980.33,0.265,1378.4
TX03826,ACC_N3461,4909.96,0.216,307.3
TX05994,ACC_N0850,2939.03,0.178,866.3
TX00842,ACC_A0175,53581.2,0.527,2189.6
TX03358,ACC_N0102,12858.2,0.556,981.8
TX02894,ACC_N1556,8547.23,0.568,663.2
TX04921,ACC_N2015,18318.42,0.516,628.8
TX05552,ACC_N1954,15631.55,0.475,1088.8
TX06666,ACC_N0080,4393.87,0.222,669.6
TX06265,ACC_N1624,1014.48,0.109,588.6
TX02832,ACC_N2317,5749.2,0.133,550.2
TX04225,ACC_N2802,15820.55,0.45,700.4
TX07542,ACC_N0122,13229.86,0.517,989.0
TX07707,ACC_N1191,1367.31,0.548,415.5
TX00968,ACC_A0195,38129.81,0.356,2522.7
TX01772,ACC_N2076,3851.59,0.462,404.2
TX03982,ACC_N2251,18099.57,0.353,133.4
TX09942,ACC_N0418,12836.86,0.595,527.9
TX07286,ACC_N2007,16110.04,0.496,812.1
TX06662,ACC_N2110,10698.14,0.433,996.7
TX01972,ACC_N1324,7443.82,0.241,819.0
TX03035,ACC_N2257,15576.77,0.437,413.2
TX07329,ACC_N1618,7970.07,0.506,679.8
TX05855,ACC_N1798,4101.92,0.415,529.3
TX08896,ACC_N0834,14995.89,0.553,1161.4
TX04021,ACC_N2281,17812.84,0.128,
TX01337,ACC_N3100,12161.18,0.159,884.5
TX07999,ACC_N1666,-2169.77,0.562,1063.4
TX05718,ACC_N2360,15657.26,0.173,996.3
TX05010,ACC_N1834,15010.47,0.41,
TX06987,ACC_N3266,18758.77,0.195,1194.8
TX00627,ACC_A0273,44099.92,0.641,782.2
TX07947,ACC_N0110,11441.83,0.461,352.3
TX04699,ACC_N1490,7160.61,0.403,1052.6
TX02746,ACC_N2639,19606.17,0.196,521.2
TX06377,ACC_N2946,1526.52,0.313,143.0
TX07730,ACC_N0240,5580.09,0.253,700.3
TX01152,ACC_N0531,13499.03,0.283,1381.5
TX01448,ACC_N0665,6642.7,0.119,1235.8
TX09284,ACC_N0815,18186.0,0.532,456.8
TX05123,ACC_N0943,2960.8,0.511,753.4
TX05506,ACC_N1855,16430.67,0.392,1352.3
TX08155,ACC_N0390,15016.09,0.13,496.4
TX01531,ACC_N1845,3183.78,0.463,433.8
TX09143,ACC_N2527,10511.18,0.518,1409.0
TX09425,ACC_N3117,19416.26,0.122,1211.8
TX01398,ACC_N2671,6973.74,0.324,293.8
TX06387,ACC_N2237,12513.8,0.356,375.6
TX02876,ACC_N1315,17136.0,0.439,364.1
TX04382,ACC_N1660,6327.83,0.382,403.5
TX08160,ACC_N1517,4179.11,0.525,408.1
TX08498,ACC_N1470,15770.42,0.15,732.8
TX07303,ACC_N3098,15720.15,0.444,604.8
TX01563,ACC_N3231,8266.47,0.328,973.1
TX06741,ACC_N2639,10530.88,0.519,1407.1
TX02715,ACC_N1759,3070.23,0.151,466.3
TX05119,ACC_N3146,2559.17,0.103,1203.3
TX03511,ACC_N2924,14079.07,0.217,497.1
TX08460,ACC_N2091,7278.88,0.138,598.5
TX06400,ACC_N1928,5629.86,0.145,449.1
TX07680,ACC_N0412,5230.26,0.231,968.4
TX05948,ACC_N0136,9384.52,0.114,588.3
TX05971,ACC_N2609,10876.59,0.37,1080.3
TX08845,ACC_N2779,2835.46,0.485,577.2
TX00714,ACC_A0378,16652.94,0.411,2015.7
TX00453,ACC_A0237,16524.56,0.363,2763.5
TX08509,ACC_N2679,9513.98,0.215,1298.0
TX02425,ACC_N2616,8657.74,0.439,1366.7
TX09649,ACC_N2422,5422.73,0.411,242.6
TX09183,ACC_N1668,13718.53,0.239,1096.5
TX06795,ACC_N1461,736.43,0.469,156.6
TX07529,ACC_N0549,10662.4,0.174,1334.3
TX09621,ACC_N1666,16976.33,0.333,1300.7
TX03523,ACC_N2665,531.22,0.189,1305.7
TX05436,ACC_N0248,939.71,0.107,673.2
TX05895,ACC_N2501,2611.64,0.365,322.5
TX01228,ACC_N0685,503.64,0.144,676.9
TX07214,ACC_N1607,16861.46,0.265,1233.3
TX07318,ACC_N0930,15420.49,0.528,1160.5
TX06907,ACC_N0768,2054.9,0.146,410.0
TX00733,ACC_A0291,53705.71,0.425,429.0
TX00238,ACC_A0337,59381.56,0.433,2640.6
TX01998,ACC_N0172,1617.55,0.433,1162.2
TX08730,ACC_N3109,9226.42,0.247,1075.1
TX07210,ACC_N2134,10443.68,0.243,1389.7
TX07700,ACC_N2161,17203.08,0.266,1242.6
TX05028,ACC_N2221,8236.19,0.12,1331.6
TX01773,ACC_N0270,9792.27,0.291,1431.6
TX05279,ACC_N3377,18942.8,0.414,692.1
TX02142,ACC_N0064,1229.24,0.182,
TX02097,ACC_N0547,15159.53,0.152,498.6
TX00192,ACC_A0223,46393.88,0.514,1716.4
TX05100,ACC_N1448,3104.09,0.505,637.1
TX05501,ACC_N3082,3944.54,0.209,169.5
TX08111,ACC_N2952,3373.38,0.179,895.1
TX04326,ACC_N2940,-5757.87,0.373,1230.6
TX05683,ACC_N3418,5540.76,0.504,859.9
TX08580,ACC_N3451,4740.51,0.43,1084.6
TX05962,ACC_N0830,15920.07,0.405,1076.8
TX01301,ACC_N3089,2978.38,0.134,1376.0
TX07370,ACC_N2329,8210.4,0.316,130.4
TX05092,ACC_N0964,5614.95,0.347,1367.1
TX05801,ACC_N1866,6521.32,0.575,1338.9
TX01466,ACC_N3345,14033.34,0.324,926.9
TX09146,ACC_N0119,17009.77,0.44,646.4
TX01597,ACC_N3446,1741.85,0.591,680.0
TX01380,ACC_N2525,15436.45,0.224,1332.1
TX03643,ACC_N2772,17552.26,0.234,1335.5
TX00554,ACC_A0090,52016.27,0.309,1635.4
TX00418,ACC_A0177,44311.52,0.503,
TX09144,ACC_N1703,16286.95,0.164,1282.7
TX09033,ACC_N0798,11449.73,0.319,744.7
TX09902,ACC_N1560,12623.49,0.364,1172.4
TX06190,ACC_N2158,9302.45,0.164,394.4
TX03044,ACC_N3178,2099.21,0.225,256.6
TX04442,ACC_N0317,3233.23,0.323,294.5
TX03583,ACC_N2951,8742.7,0.405,1426.6
TX08378,ACC_N0042,16543.9,0.56,1009.5
TX04005,ACC_N1105,5687.42,0.271,961.8
TX08335,ACC_N0237,4770.11,0.161,971.4
TX09683,ACC_N0190,10738.75,0.412,1377.1
TX00089,ACC_M054,449245.73,0.982,34.0
TX08388,ACC_N3146,9202.11,0.183,767.1
TX00171,ACC_A0383,18978.37,0.537,2100.2
TX00427,ACC_A0228,25615.77,0.52,1099.8
TX08878,ACC_N1728,17735.9,0.324,
TX01857,ACC_N2177,14643.1,0.375,847.9
TX04040,ACC_N2525,16209.36,0.248,1276.6
TX03597,ACC_N2801,11211.86,0.294,1372.0
TX00012,ACC_M050,486459.43,0.982,4.5
TX06066,ACC_N3227,10692.53,0.401,1235.9
TX08363,ACC_N0246,5749.6,0.161,818.2
TX07473,ACC_N3403,12971.46,0.556,723.1
TX00103,ACC_M018,-191460.19,0.993,23.2
TX07045,ACC_N2180,18222.07,0.378,855.4
TX02813,ACC_N0996,3868.76,0.162,362.4
TX05346,ACC_N1447,6817.6,0.505,238.2
TX00739,ACC_A0267,53348.71,0.428,2650.8
TX05974,ACC_N0530,2807.9,0.145,818.3
TX07258,ACC_N0127,11752.32,0.267,1088.7
TX05901,ACC_N2944,16040.48,0.463,961.9
TX06482,ACC_N1202,13025.02,0.477,752.8
TX09669,ACC_N2304,4439.35,0.586,149.0
TX07421,ACC_N0599,5755.46,0.515,1254.7
TX00131,ACC_M027,237834.95,0.995,7.3
TX05242,ACC_N1993,1156.17,0.261,142.0
TX05344,ACC_N1402,3631.76,0.552,1249.6
TX05464,ACC_N1768,934.31,0.347,979.7
TX02611,ACC_N0873,19347.9,0.439,382.6
TX08665,ACC_N0691,11257.28,0.442,808.5
TX08574,ACC_N1446,2210.81,0.541,996.6
TX03327,ACC_N3394,18167.37,0.246,904.0
TX04033,ACC_N1266,5224.72,0.153,447.5
TX04793,ACC_N2560,9018.77,0.476,1288.8
TX00649,ACC_A0363,31411.38,0.435,2326.0
TX07321,ACC_N0199,12641.21,0.111,418.7
TX07175,ACC_N2336,10351.92,0.13,1321.6
TX00981,ACC_A0166,52619.91,0.334,1942.8
TX03088,ACC_N0622,7976.06,0.464,363.5
TX08618,ACC_N3016,19047.35,0.12,781.6
TX04100,ACC_N1508,599.04,0.384,1022.7
TX02622,ACC_N0009,15305.16,0.579,575.2
TX02582,ACC_N2478,7362.63,0.413,
TX04711,ACC_N0443,9172.74,0.291,604.8
TX08024,ACC_N3016,7759.45,0.19,
TX00296,ACC_A0013,56282.8,0.362,2317.6
TX04241,ACC_N3427,13367.46,0.377,731.6
TX01445,ACC_N1845,5254.14,0.33,1160.4
TX00037,ACC_M047,187076.2,0.991,38.6
TX02064,ACC_N1408,8168.6,0.195,246.5
TX02782,ACC_N1820,14685.8,0.201,557.6
TX06864,ACC_N2132,17313.09,0.333,1385.4
TX05589,ACC_N0897,12910.36,0.361,1150.5
TX03726,ACC_N3361,12164.66,0.459,1308.7
TX05253,ACC_N0772,-13609.44,0.246,1251.0
TX05543,ACC_N0895,13356.9,0.454,762.6
TX00999,ACC_A0185,29046.66,0.532,860.5
TX09529,ACC_N0898,15793.57,0.48,187.3
TX03521,ACC_N1519,6061.63,0.318,785.7
TX04528,ACC_N2151,7316.91,0.404,586.6
TX06752,ACC_N1504,13118.67,0.474,509.0
TX07193,ACC_N1814,12340.97,0.319,1293.9
TX00708,ACC_A0093,52702.16,0.476,2724.3
TX04912,ACC_N2071,19841.91,0.244,714.0
TX05160,ACC_N2915,7339.38,0.448,162.6
TX04582,ACC_N2710,1486.64,0.391,352.9
TX04003,ACC_N3023,3496.84,0.167,713.9
TX07720,ACC_N3047,15173.23,0.225,1006.1
TX04740,ACC_N2645,4981.22,0.399,524.4
TX01680,ACC_N1876,13385.57,0.507,709.6
TX07128,ACC_N3061,8525.49,0.422,1373.4
TX00913,ACC_A0135,16853.26,0.32,1707.6
TX04301,ACC_N0196,15779.89,0.234,187.6
TX06426,ACC_N1731,13404.92,0.324,1147.7
TX01053,ACC_A0022,20972.16,0.312,1793.4
TX00265,ACC_A0200,30979.69,0.503,2533.8
TX06027,ACC_N2878,16330.36,0.248,464.8
TX01205,ACC_N1159,19347.68,0.237,636.8
TX03516,ACC_N2547,6687.14,0.158,350.8
TX02109,ACC_N1329,16139.75,0.136,1177.8
TX06486,ACC_N2760,10067.63,0.389,718.6
TX02954,ACC_N2700,12187.49,0.382,641.0
TX06438,ACC_N0203,3789.68,0.211,379.6
TX06598,ACC_N1011,6249.88,0.43,1436.6
TX04789,ACC_N1028,11356.28,0.356,174.2
TX05944,ACC_N0494,7764.29,0.283,673.4
TX08302,ACC_N2460,3573.42,0.366,1024.2
TX03396,ACC_N1873,14827.86,0.408,482.6
TX03833,ACC_N0677,6474.78,0.186,662.1
TX09290,ACC_N2038,1830.63,0.566,802.4
TX03323,ACC_N3347,18432.88,0.189,622.2
TX05216,ACC_N2885,16158.62,0.119,916.1
TX05311,ACC_N0263,1379.23,0.302,521.8
TX01504,ACC_N0810,3957.87,0.428,479.0
TX06775,ACC_N2248,5561.27,0.371,710.0
TX05249,ACC_N1651,16302.11,0.204,1149.6
TX04182,ACC_N2186,2594.58,0.567,613.4
TX00471,ACC_A0163,30722.41,0.403,2813.9
TX04604,ACC_N0464,11361.63,0.206,1004.3
TX03733,ACC_N1105,12409.27,0.331,397.6
TX01443,ACC_N1677,18803.96,0.426,1347.6
TX06342,ACC_N3071,13251.66,0.282,294.2
TX04627,ACC_N2405,16915.59,0.207,494.3
TX03060,ACC_N1692,18383.0,0.542,765.9
TX07346,ACC_N0424,17174.23,0.457,874.5
TX04042,ACC_N2771,18462.67,0.592,390.9
TX07993,ACC_N0815,2322.35,0.343,704.0
TX08881,ACC_N2933,2738.52,0.595,543.0
TX02901,ACC_N3483,19921.88,0.571,260.0
TX06117,ACC_N0749,12869.42,0.102,1022.8
TX08780,ACC_N2488,16420.85,0.364,471.1
TX00543,ACC_A0073,38060.59,0.461,2878.8
TX02500,ACC_N2944,2512.72,0.398,1351.8
TX02559,ACC_N3275,18320.59,0.329,146.4
TX01979,ACC_N2352,3240.67,0.227,171.1
TX08694,ACC_N0630,5657.21,0.33,527.3
TX09526,ACC_N0744,7958.78,0.222,1218.7
TX07576,ACC_N3062,17871.71,0.268,527.4
TX09378,ACC_N2419,8151.78,0.414,1139.3
TX07194,ACC_N2251,8606.82,0.461,822.1
TX06533,ACC_N1430,16943.61,0.185,
TX07581,ACC_N1134,8245.54,0.454,
TX00572,ACC_A0278,33197.17,0.593,614.8
TX06759,ACC_N0265,10017.89,0.475,283.2
TX01413,ACC_N0397,4298.08,0.519,854.3
TX05088,ACC_N1775,19706.53,0.353,125.7
TX03389,ACC_N2426,11941.59,0.217,784.9
TX07883,ACC_N2367,2089.05,0.228,607.3
TX09780,ACC_N0988,19918.99,0.593,887.1
TX02214,ACC_N0816,18808.1,0.317,566.9
TX09966,ACC_N0392,12510.14,0.156,833.8
TX04386,ACC_N0345,9155.19,0.273,698.1
TX05556,ACC_N2528,3328.14,0.437,255.5
TX09282,ACC_N0130,8288.21,0.346,1359.7
TX02981,ACC_N2510,17395.8,0.562,685.5
TX02094,ACC_N3003,4796.22,0.481,820.4
TX09175,ACC_N2866,14506.32,0.231,706.1
TX01190,ACC_N2779,3145.92,0.236,1170.4
TX03131,ACC_N1215,9276.25,0.455,200.3
TX05620,ACC_N2391,9094.93,0.397,278.9
TX09840,ACC_N0826,10775.78,0.592,729.9
TX00775,ACC_A0025,58259.19,0.596,1382.0
TX09040,ACC_N2532,18449.21,0.266,901.3
TX03369,ACC_N0640,19224.25,0.405,1025.0
TX09845,ACC_N0492,6273.85,0.588,603.5
TX01719,ACC_N3057,17610.32,0.199,598.4
TX00915,ACC_A0147,57819.75,0.638,1462.2
TX00579,ACC_A0191,49694.37,0.696,850.6
TX03990,ACC_N0541,8335.36,0.262,637.7
TX07795,ACC_N2068,19400.19,0.158,184.4
TX07140,ACC_N3097,17277.22,0.593,265.8
TX02105,ACC_N0126,17093.56,0.388,391.5
TX03605,ACC_N2031,13714.79,0.37,179.8
TX09962,ACC_N0049,1160.57,0.239,273.7
TX08594,ACC_N1383,9275.56,0.495,164.7
TX09628,ACC_N1567,8984.27,0.148,193.3
TX02917,ACC_N2579,13177.21,0.408,1040.3
TX02493,ACC_N0390,17390.58,0.327,700.3
TX05846,ACC_N0464,18697.89,0.306,766.3
TX06341,ACC_N2868,11500.48,0.44,931.8
TX03732,ACC_N3012,10642.25,0.328,1046.8
TX03957,ACC_N0215,7300.84,0.331,1352.3
TX06183,ACC_N3461,5315.78,0.278,1196.0
TX05745,ACC_N2645,7349.25,0.185,1361.7
TX06169,ACC_N2564,10488.11,0.52,
TX09483,ACC_N0931,17512.06,0.184,138.7
TX08260,ACC_N3117,5453.69,0.141,922.2
TX08251,ACC_N2402,1541.57,0.36,616.6
TX08776,ACC_N2953,6353.75,0.195,1043.3
TX01853,ACC_N1522,8541.15,0.308,266.0
TX00495,ACC_A0116,33359.3,0.545,827.5
TX01997,ACC_N0329,9904.34,0.354,1077.0
TX03572,ACC_N0167,16462.57,0.195,891.5
TX03227,ACC_N3444,-10633.86,0.342,1374.1
TX08382,ACC_N1283,11820.13,0.265,548.2
TX09129,ACC_N1778,16160.34,0.18,697.6
TX05812,ACC_N1650,10484.35,0.577,835.0
TX05907,ACC_N1545,2733.63,0.199,782.5
TX09967,ACC_N2951,15898.54,0.245,1253.1
TX00115,ACC_M005,335031.69,0.994,28.8
TX02095,ACC_N1072,10548.45,0.15,211.0
TX02290,ACC_N0769,16501.54,0.208,440.5
TX06729,ACC_N1808,14779.93,0.228,1039.8
TX08932,ACC_N0503,8732.03,0.142,192.3
TX00407,ACC_A0147,42672.76,0.653,1349.2
TX06180,ACC_N0292,12132.06,0.458,803.2
TX08390,ACC_N1606,2052.52,0.171,1212.3
TX05025,ACC_N0205,17271.43,0.386,528.2
TX03527,ACC_N0574,12353.33,0.125,1328.4
TX02452,ACC_N1086,2536.1,0.329,1000.2
TX06230,ACC_N1129,15423.98,0.33,353.5
TX08714,ACC_N0778,17793.0,0.216,
TX01474,ACC_N2909,2541.18,0.396,747.9
TX04488,ACC_N1488,19202.69,0.573,1099.7
TX08560,ACC_N1853,15298.79,0.207,396.0
TX02968,ACC_N1280,4654.19,0.277,308.9
TX00587,ACC_A0008,32849.22,0.58,1104.9
TX00428,ACC_A0247,22448.42,0.632,898.7
TX04311,ACC_N2302,2896.98,0.487,268.3
TX00909,ACC_A0298,58985.99,0.49,1536.5
TX04169,ACC_N0503,18344.13,0.126,708.0
TX05229,ACC_N2787,1177.43,0.378,1004.9
TX04324,ACC_N1804,14266.81,0.3,688.1
TX05903,ACC_N0743,13888.44,0.187,1114.3
TX07291,ACC_N2293,-1662.7,0.33,149.0
TX09929,ACC_N1097,13126.4,0.423,1217.3
TX07278,ACC_N0247,4259.65,0.21,1297.8
TX00693,ACC_A0370,19926.04,0.402,749.1
TX05426,ACC_N1410,13869.26,0.459,208.9
TX01360,ACC_N3130,11989.68,0.27,665.9
TX01899,ACC_N1924,16673.01,0.484,1172.5
TX03200,ACC_N2712,19455.55,0.206,880.3
TX03434,ACC_N3083,-18958.67,0.304,369.9
TX05834,ACC_N1392,-13991.01,0.231,527.9
TX03873,ACC_N3188,16122.7,0.327,271.9
TX08086,ACC_N2784,19152.8,0.253,401.9
TX01429,ACC_N2376,12839.65,0.214,
TX00172,ACC_A0376,-50631.8,0.617,315.7
TX07220,ACC_N1575,13492.27,0.274,1069.3
TX08254,ACC_N0364,12448.08,0.399,252.7
TX00152,ACC_A0350,47675.44,0.629,1181.8
TX03697,ACC_N2999,714.76,0.299,1321.0
TX02580,ACC_N2083,3175.93,0.508,843.5
TX00898,ACC_A0338,24465.73,0.301,1617.2
TX02805,ACC_N2564,18249.22,0.579,377.0
TX02204,ACC_N3473,10405.0,0.189,1206.6
TX04071,ACC_N3087,9977.86,0.142,543.8
TX08372,ACC_N2955,10029.77,0.531,1253.7
TX01691,ACC_N2773,11299.56,0.396,1014.9
TX09086,ACC_N1183,6344.72,0.538,534.5
TX09368,ACC_N0368,6425.14,0.397,748.7
TX01711,ACC_N2877,-15130.09,0.442,871.1
TX09391,ACC_N0747,9125.33,0.339,749.8
TX02481,ACC_N0214,6385.1,0.229,278.5
TX05314,ACC_N3142,2412.13,0.543,1391.4
TX08258,ACC_N2562,4866.8,0.428,1239.3
TX01006,ACC_A0160,25666.25,0.457,2514.0
TX03457,ACC_N3230,14266.71,0.116,493.9
TX07848,ACC_N2613,8400.55,0.218,977.8
TX09813,ACC_N2824,9830.57,0.478,571.0
TX07506,ACC_N1548,16593.38,0.551,804.1
TX08643,ACC_N2118,11785.0,0.366,1395.4
TX04952,ACC_N1621,16859.94,0.147,
TX03393,ACC_N1014,15795.91,0.278,1264.7
TX06617,ACC_N3020,19110.83,0.509,680.1
TX03910,ACC_N2255,6162.18,0.21,575.4
TX06478,ACC_N2802,6442.09,0.556,869.9
TX08629,ACC_N2413,4707.61,0.537,594.8
TX02536,ACC_N2648,922.09,0.167,915.0
TX02460,ACC_N0622,5583.82,0.439,1341.9
TX01709,ACC_N2779,2606.56,0.178,1173.0
TX09140,ACC_N2324,4079.48,0.549,593.9
TX07643,ACC_N0791,11565.97,0.481,294.3
TX07629,ACC_N0462,14386.3,0.208,162.8
TX02084,ACC_N0261,5671.57,0.443,739.7
TX01453,ACC_N1820,9724.04,0.561,206.2
TX09839,ACC_N2063,19327.59,0.403,1321.0
TX07400,ACC_N0798,13369.34,0.272,1302.4
TX04682,ACC_N3064,14057.54,0.56,438.1
TX05104,ACC_N2599,8380.89,0.41,624.2
TX00832,ACC_A0376,28426.85,0.524,1562.6
TX03326,ACC_N2343,-17045.4,0.567,162.1
TX07322,ACC_N2056,13228.82,0.363,
TX04282,ACC_N0570,12333.12,0.215,903.2
TX08308,ACC_N0708,14520.83,0.341,711.7
TX08337,ACC_N2591,1770.12,0.559,1255.3
TX03865,ACC_N2843,9890.99,0.143,206.7
TX09456,ACC_N0534,10566.5,0.496,1117.2
TX00370,ACC_A0268,47874.71,0.634,2389.4
TX00303,ACC_A0385,39076.65,0.425,2130.2
TX06286,ACC_N1963,12516.24,0.133,1339.7
TX02893,ACC_N3260,594.93,0.468,958.8
TX06167,ACC_N2178,2958.08,0.34,710.1
TX06876,ACC_N1014,857.6,0.469,1036.2
TX05916,ACC_N0241,8272.04,0.188,255.4
TX06986,ACC_N3350,15110.11,0.301,897.5
TX07221,ACC_N2035,5095.06,0.586,1311.5
TX04115,ACC_N0580,6470.82,0.583,1378.2
TX01902,ACC_N1149,11294.39,0.492,1435.2
TX08182,ACC_N3062,1523.6,0.457,1156.0
TX01954,ACC_N1532,14166.88,0.211,1023.3
TX01032,ACC_A0012,25400.89,0.513,1347.5
TX06734,ACC_N1968,5707.9,0.372,322.5
TX06859,ACC_N1441,15091.4,0.255,676.4
TX08814,ACC_N1180,18531.83,0.244,790.1
TX05575,ACC_N2235,7708.04,0.421,375.2
TX02424,ACC_N1241,17495.92,0.543,757.7
TX03751,ACC_N2431,-15677.61,0.227,1302.4
TX08936,ACC_N0552,13744.35,0.108,842.4
TX04563,ACC_N3156,5010.63,0.182,1017.5
TX05794,ACC_N2250,16917.65,0.343,1249.9
TX04514,ACC_N0440,12273.01,0.305,233.7
TX04776,ACC_N3447,8596.67,0.482,1335.3
TX05713,ACC_N2930,9874.11,0.508,1213.6
TX00764,ACC_A0281,54067.24,0.426,2518.3
TX05883,ACC_N2436,12275.54,0.195,441.6
TX04158,ACC_N1647,15272.19,0.179,245.7
TX00003,ACC_M039,379397.27,0.957,24.8
TX05353,ACC_N1418,6183.94,0.463,1098.4
TX01188,ACC_N3216,19552.12,0.572,252.6
TX00082,ACC_M050,330484.16,0.975,31.7
TX00994,ACC_A0303,41681.33,0.645,2836.9
TX01763,ACC_N1257,18358.25,0.35,639.7
TX09400,ACC_N0802,6706.8,0.488,185.5
TX09392,ACC_N0866,11350.17,0.553,841.3
TX04275,ACC_N0140,3453.42,0.377,223.0
TX05364,ACC_N0100,16240.61,0.543,
TX07662,ACC_N2981,1132.97,0.167,
TX08994,ACC_N3378,14069.82,0.445,363.7
TX05246,ACC_N0713,4902.38,0.293,436.5
TX00209,ACC_A0167,23103.03,0.436,1048.1
TX08115,ACC_N2255,16339.77,0.599,1373.1
TX05767,ACC_N0722,7110.38,0.461,327.5
TX05331,ACC_N1336,13190.65,0.101,604.8
TX04786,ACC_N3476,19088.12,0.411,497.5
TX05500,ACC_N0514,3467.4,0.478,828.3
TX02254,ACC_N0632,2930.62,0.176,223.6
TX01698,ACC_N0887,14594.3,0.487,561.5
TX05564,ACC_N2156,8352.88,0.31,1076.5
TX00067,ACC_M032,113415.9,0.966,43.3
TX08164,ACC_N1716,6385.86,0.252,1281.3
TX04647,ACC_N1718,11802.83,0.417,635.5
TX05885,ACC_N1321,2654.43,0.229,1238.3
TX01589,ACC_N2715,2401.4,0.293,957.9
TX01319,ACC_N2979,17392.7,0.35,370.8
TX00411,ACC_A0119,26520.7,0.319,1484.1
TX05609,ACC_N0964,11293.06,0.105,1217.4
TX04070,ACC_N1885,6598.45,0.573,762.5
TX00809,ACC_A0076,36310.82,0.65,2388.1
TX09203,ACC_N2170,10826.97,0.554,164.2
TX07479,ACC_N2605,15715.06,0.159,1416.4
TX08915,ACC_N2220,3549.29,0.373,745.3
TX07710,ACC_N2974,13301.19,0.232,1358.3
TX00235,ACC_A0318,54073.55,0.445,1757.7
TX07037,ACC_N1162,4247.37,0.387,1429.4
TX06350,ACC_N2144,1417.26,0.232,1341.0
TX09306,ACC_N2397,7324.95,0.237,1382.4
TX00841,ACC_A0349,55928.6,0.318,1368.6
TX07470,ACC_N3314,15447.87,0.215,816.8
TX01226,ACC_N2077,9315.69,0.123,990.5
TX09095,ACC_N0506,16015.01,0.309,501.4
TX09704,ACC_N2336,2127.7,0.193,275.8
TX05236,ACC_N1628,16402.01,0.475,1326.5
TX05548,ACC_N3376,2565.36,0.531,998.3
TX03351,ACC_N0435,10412.93,0.581,273.5
TX01412,ACC_N1406,825.18,0.29,223.3
TX00528,ACC_A0200,16540.26,0.488,2577.5
TX03587,ACC_N3389,13211.43,0.138,872.6
TX01436,ACC_N1590,2987.62,0.24,1184.6
TX06413,ACC_N2267,3126.96,0.107,793.2
TX01929,ACC_N0704,1023.92,0.525,875.7
TX07681,ACC_N2802,7386.19,0.169,248.5
TX06553,ACC_N1433,9372.8,0.332,1140.6
TX06582,ACC_N1000,6164.34,0.585,977.3
TX05181,ACC_N0024,2569.45,0.389,233.3
TX01492,ACC_N0037,6267.08,0.19,1305.4
TX07523,ACC_N3064,890.46,0.363,881.6
TX02818,ACC_N2705,14488.77,0.285,180.6
TX04278,ACC_N1844,5648.25,0.181,1011.7
TX00410,ACC_A0038,19535.76,0.477,865.3
TX09547,ACC_N2062,7935.56,0.525,132.7
TX03074,ACC_N2105,2911.97,0.437,211.0
TX01633,ACC_N3078,-9641.4,0.583,759.0
TX06736,ACC_N3316,16541.41,0.447,1245.3
TX08268,ACC_N0884,14628.54,0.587,189.1
TX05923,ACC_N1961,4677.98,0.181,521.6
TX04535,ACC_N2083,2334.17,0.474,1393.3
TX06657,ACC_N0919,13366.51,0.217,495.1
TX03070,ACC_N2299,5716.78,0.536,283.8
TX09185,ACC_N2318,6953.78,0.414,259.6
TX03754,ACC_N2395,11503.53,0.302,889.2
TX05641,ACC_N2436,10244.26,0.195,304.8
TX04855,ACC_N1499,11638.67,0.315,667.2
TX03507,ACC_N1120,11399.59,0.26,1077.9
TX06850,ACC_N0938,14425.57,0.267,791.8
TX03459,ACC_N0919,8079.16,0.171,1186.2
TX05037,ACC_N2134,14451.01,0.545,867.4
TX03964,ACC_N3119,16506.38,0.365,550.5
TX06211,ACC_N0652,9235.52,0.317,1019.5
TX05337,ACC_N0391,13940.26,0.197,651.2
TX08795,ACC_N1965,4380.84,0.222,750.3
TX01316,ACC_N1423,9185.04,0.391,1124.9
TX00526,ACC_A0345,52129.83,0.603,326.0
TX03716,ACC_N1267,2726.58,0.502,1214.6
TX05776,ACC_N0952,12304.2,0.554,966.0
TX06378,ACC_N1053,1656.52,0.188,539.1
TX06098,ACC_N3491,13745.32,0.168,
TX08680,ACC_N2255,5740.19,0.553,464.3
TX05295,ACC_N2873,2664.4,0.34,
TX03551,ACC_N2092,7124.01,0.283,182.4
TX05844,ACC_N2561,3806.49,0.188,871.0
TX01174,ACC_N3350,13212.07,0.389,848.4
TX07068,ACC_N2725,8455.89,0.392,154.6
TX02106,ACC_N0882,7244.25,0.115,770.5
TX01126,ACC_A0343,32746.44,0.419,2301.9
TX01230,ACC_N2369,12520.35,0.464,273.8
TX06867,ACC_N3119,9734.61,0.576,529.4
TX02274,ACC_N0280,18222.88,0.433,1102.7
TX07625,ACC_N2250,16734.3,0.16,495.3
TX04609,ACC_N1216,4651.44,0.39,1021.1
TX08659,ACC_N0154,17759.83,0.101,571.6
TX09370,ACC_N1225,4200.84,0.178,934.9
TX00400,ACC_A0063,41956.32,0.63,2867.1
TX02136,ACC_N0361,16852.87,0.387,1237.7
TX08904,ACC_N0473,17862.78,0.152,482.0
TX07135,ACC_N3103,9505.77,0.182,375.3
TX08941,ACC_N1136,8326.05,0.559,1439.5
TX04052,ACC_N2636,10721.02,0.29,1204.3
TX08916,ACC_N1087,13835.74,0.287,870.0
TX03855,ACC_N0150,13357.47,0.274,1060.8
TX08506,ACC_N0764,9314.56,0.465,1096.8
TX06755,ACC_N1137,2036.95,0.356,298.4
TX04606,ACC_N2263,19499.81,0.409,
TX05363,ACC_N1345,5871.43,0.346,665.5
TX08409,ACC_N2834,12844.84,0.212,389.3
TX01432,ACC_N3324,716.03,0.163,738.0
TX00489,ACC_A0066,55384.37,0.495,2482.3
TX08913,ACC_N2220,6882.61,0.556,1436.0
TX07122,ACC_N1099,7641.7,0.256,762.5
TX06776,ACC_N1013,13396.95,0.521,910.3
TX04066,ACC_N1647,6770.07,0.187,246.0
TX04579,ACC_N0876,9721.15,0.266,596.5
TX08559,ACC_N1659,16328.42,0.5,1054.6
TX08058,ACC_N0251,9676.54,0.268,1368.7
TX08843,ACC_N1875,5861.9,0.372,1192.3
TX02033,ACC_N2857,17118.14,0.29,486.3
TX01870,ACC_N2106,2674.01,0.173,524.5
TX03940,ACC_N1700,6204.04,0.507,1231.9
TX06932,ACC_N1325,12194.52,0.181,231.4
TX09369,ACC_N1425,11040.32,0.357,753.8
TX06365,ACC_N3149,8216.87,0.323,408.3
TX05315,ACC_N2341,9007.88,0.543,1324.3
TX00969,ACC_A0012,41462.63,0.346,2541.1
TX04649,ACC_N0045,14922.62,0.518,332.6
TX07375,ACC_N1992,17367.38,0.442,618.2
TX09402,ACC_N2874,7823.98,0.281,215.4
TX08823,ACC_N2239,15961.79,0.198,486.0
TX04337,ACC_N1213,6312.12,0.387,1246.2
TX03682,ACC_N1258,14254.45,0.192,193.4
TX01915,ACC_N3302,15024.09,0.397,1360.8
TX09968,ACC_N1129,16333.77,0.536,145.1
TX02647,ACC_N2929,1437.54,0.171,976.7
TX04163,ACC_N1778,9577.36,0.228,591.1
TX06832,ACC_N2140,7034.3,0.174,1232.0
TX09366,ACC_N2560,10891.04,0.269,325.3
TX03563,ACC_N2172,15497.6,0.575,889.9
TX04872,ACC_N1646,6199.91,0.586,248.9
TX03279,ACC_N2116,6670.86,0.163,1027.9
TX06436,ACC_N0891,14639.32,0.269,457.7
TX01374,ACC_N1606,2277.24,0.164,777.7
TX02586,ACC_N0301,5458.05,0.435,766.7
TX03005,ACC_N2633,8648.74,0.24,1005.3
TX00719,ACC_A0006,24734.58,0.508,517.5
TX03955,ACC_N2651,17165.07,0.134,998.8
TX03941,ACC_N0368,3765.67,0.506,742.0
TX04917,ACC_N2001,2040.12,0.133,1402.2
TX07452,ACC_N2172,16800.24,0.29,1272.2
TX07675,ACC_N3483,13357.82,0.298,486.6
TX00096,ACC_M028,272208.02,0.996,42.0
TX09727,ACC_N0087,6323.6,0.104,607.7
TX01581,ACC_N2458,12199.37,0.204,668.6
TX06062,ACC_N0343,18262.14,0.503,767.4
TX05434,ACC_N1170,19299.06,0.449,1169.6
TX07918,ACC_N2117,4149.47,0.353,1075.9
TX08341,ACC_N2126,4219.71,0.427,920.8
TX02089,ACC_N2151,3852.29,0.48,717.3
TX03771,ACC_N0221,16453.03,0.121,768.6
TX07852,ACC_N3446,13074.35,0.343,267.2
TX07040,ACC_N1334,3015.58,0.197,302.5
TX09245,ACC_N0020,13105.4,0.293,1246.4
TX03134,ACC_N1582,13166.09,0.553,611.5
TX00388,ACC_A0102,32046.97,0.457,
TX01916,ACC_N0064,9196.13,0.525,1381.2
TX00469,ACC_A0113,34205.5,0.427,2627.8
TX07822,ACC_N1242,15388.29,0.401,191.8
TX06513,ACC_N1475,9292.69,0.444,770.6
TX01075,ACC_A0396,42027.43,0.627,1962.2
TX06313,ACC_N2475,6830.89,0.169,536.2
TX07807,ACC_N1427,16081.93,0.185,366.4
TX05440,ACC_N0510,14564.53,0.533,1391.9
TX03680,ACC_N3414,745.27,0.396,224.6
TX08303,ACC_N1711,12011.08,0.172,1256.2
TX02007,ACC_N0142,4083.8,0.442,1146.3
TX08876,ACC_N3418,17203.15,0.533,835.8
TX02039,ACC_N2457,13618.74,0.413,778.6
TX09997,ACC_N1433,9773.76,0.113,839.6
TX07371,ACC_N2591,16447.02,0.545,871.3
TX09579,ACC_N0652,14269.38,0.525,305.1
TX06807,ACC_N2391,8470.45,0.1,1198.6
TX07853,ACC_N2282,5071.75,0.397,652.5
TX00792,ACC_A0332,15408.26,0.697,2329.2
TX04496,ACC_N0340,7991.13,0.161,475.6
TX06950,ACC_N2365,12360.16,0.435,1020.2
TX03998,ACC_N0657,12904.61,0.244,789.8
TX02827,ACC_N2372,4392.76,0.491,607.0
TX02176,ACC_N2359,11080.18,0.173,519.9
TX02139,ACC_N3202,671.16,0.37,412.6
TX09971,ACC_N1728,17598.24,0.294,545.4
TX00031,ACC_M006,323395.18,0.967,16.7
TX00350,ACC_A0313,43519.14,0.639,1802.1
TX00654,ACC_A0164,34846.45,0.309,2660.0
TX08921,ACC_N1292,6920.25,0.347,1314.3
TX09102,ACC_N1270,1194.3,0.464,1321.5
TX08708,ACC_N0545,6554.8,0.183,349.2
TX08608,ACC_N2133,17767.71,0.134,470.7
TX04465,ACC_N3289,8394.77,0.309,1231.5
TX06739,ACC_N1893,13785.61,0.343,1337.0
TX01743,ACC_N2920,19052.24,0.124,1192.0
TX07165,ACC_N0476,14472.8,0.104,994.7
TX02191,ACC_N1373,17378.64,0.265,795.2
TX03344,ACC_N2206,1547.09,0.373,944.2
TX08847,ACC_N0870,618.62,0.235,1412.5
TX09094,ACC_N0630,4534.61,0.456,676.0
TX08938,ACC_N0121,7770.97,0.225,652.9
TX07809,ACC_N1399,11225.76,0.573,672.7
TX00950,ACC_A0209,29954.16,0.649,2009.2
TX03184,ACC_N2751,798.56,0.283,778.5
TX09301,ACC_N0036,16701.33,0.418,560.1
TX09731,ACC_N2440,19506.45,0.106,816.3
TX01114,ACC_A0201,49170.49,0.59,2818.6
TX08122,ACC_N0714,15259.23,0.419,436.4
TX00633,ACC_A0044,59970.91,0.609,1410.8
TX08657,ACC_N2799,6070.47,0.364,983.9
TX07340,ACC_N2548,12034.44,0.21,1280.3
TX00319,ACC_A0156,31615.37,0.538,2511.4
TX05579,ACC_N2801,18106.09,0.167,
TX01986,ACC_N3449,14905.5,0.385,1301.3
TX02135,ACC_N0876,19723.17,0.445,874.4
TX07780,ACC_N0419,19002.84,0.542,1345.0
TX03936,ACC_N0083,1974.79,0.282,1355.9
TX04982,ACC_N0279,16163.64,0.459,1129.9
TX08542,ACC_N3242,18984.78,0.417,1057.7
TX06000,ACC_N1327,10651.13,0.182,283.7
TX02951,ACC_N1092,14176.59,0.356,1073.9
TX03211,ACC_N2489,3799.46,0.568,986.8
TX03190,ACC_N1009,1420.89,0.212,693.7
TX08566,ACC_N1948,3020.33,0.516,817.6
TX09441,ACC_N1759,8318.31,0.508,523.3
TX05196,ACC_N0050,6608.88,0.133,1222.6
TX03959,ACC_N3217,3612.84,0.27,1349.1
TX06139,ACC_N2727,12625.58,0.589,314.9
TX01127,ACC_A0096,39723.64,0.396,630.1
TX04901,ACC_N2922,2706.15,0.401,743.4
TX03381,ACC_N1546,17775.48,0.178,582.8
TX09171,ACC_N0767,17305.4,0.386,915.1
TX03376,ACC_N2399,4561.41,0.349,1306.0
TX06495,ACC_N3093,14723.81,0.106,153.9
TX03187,ACC_N0641,8425.16,0.139,436.9
TX01475,ACC_N1412,3007.63,0.215,1109.9
TX00742,ACC_A0393,56921.53,0.349,855.6
TX00791,ACC_A0258,31951.29,0.562,1632.4
TX06931,ACC_N2421,14883.26,0.312,381.8
TX07874,ACC_N3357,3495.56,0.26,730.4
TX00980,ACC_A0084,35961.58,0.48,1675.8
TX00039,ACC_M016,357904.86,0.976,21.9
TX03496,ACC_N0729,5035.78,0.454,201.2
TX09604,ACC_N2933,-14436.49,0.577,425.4
TX03257,ACC_N2371,19306.43,0.16,1254.6
TX02680,ACC_N2917,10657.27,0.194,1204.3
TX00684,ACC_A0071,15150.59,0.436,2115.8
TX03283,ACC_N2311,6634.0,0.535,237.8
TX06651,ACC_N3057,9515.93,0.522,672.5
TX07521,ACC_N0152,7874.8,0.189,1307.1
TX07613,ACC_N0026,9446.74,0.177,370.0
TX07586,ACC_N2215,626.65,0.583,1337.2
TX07717,ACC_N0134,6766.35,0.57,532.1
TX08549,ACC_N2946,14927.38,0.293,235.4
TX05947,ACC_N1142,15586.12,0.328,
TX09020,ACC_N1614,10439.98,0.495,996.8
TX04432,ACC_N2387,16771.37,0.121,363.8
TX07940,ACC_N0312,552.03,0.294,556.2
TX05446,ACC_N0721,10055.08,0.195,1328.3
TX01160,ACC_N2210,15716.78,0.556,1126.6
TX03979,ACC_N1635,14327.98,0.147,443.1
TX02207,ACC_N1166,10532.55,0.376,537.7
TX06381,ACC_N1124,13007.17,0.381,1078.8
TX08515,ACC_N1870,11543.08,0.343,1027.4
TX04404,ACC_N0058,1185.91,0.454,1297.1
TX09856,ACC_N0629,11452.61,0.113,1274.8
TX08599,ACC_N1729,14133.96,0.291,789.1
TX05339,ACC_N3187,10993.67,0.185,1342.3
TX06065,ACC_N0298,15545.64,0.583,1129.8
TX02323,ACC_N2748,3019.86,0.302,1294.2
TX04154,ACC_N2740,5467.97,0.255,954.8
TX09656,ACC_N0291,4938.41,0.212,972.0
TX04310,ACC_N0013,2999.61,0.55,453.0
TX07536,ACC_N0208,7196.7,0.365,1162.7
TX05998,ACC_N1399,11426.86,0.561,195.4
TX05563,ACC_N3271,7652.71,0.326,526.9
TX04061,ACC_N2631,6742.15,0.168,1308.2
TX02177,ACC_N1409,13244.94,0.546,411.6
TX01246,ACC_N1086,1242.68,0.288,1343.7
TX06113,ACC_N2132,1727.94,0.195,309.4
TX06079,ACC_N0771,1315.52,0.346,509.1
TX03853,ACC_N1406,16918.68,0.475,1118.2
TX01971,ACC_N3280,2143.16,0.205,895.0
TX07888,ACC_N1312,696.44,0.514,1290.4
TX04014,ACC_N0399,3142.14,0.291,431.9
TX09952,ACC_N0258,18045.61,0.432,1054.2
TX07783,ACC_N2085,14583.85,0.384,651.7
TX06539,ACC_N2972,13903.76,0.224,730.7
TX07736,ACC_N0664,10166.81,0.329,209.5
TX00762,ACC_A0215,48025.95,0.661,2532.2
TX07858,ACC_N0710,16934.35,0.363,308.7
TX07403,ACC_N1805,8942.87,0.552,552.2
TX06390,ACC_N3253,1091.62,0.13,403.6
TX04804,ACC_N1737,9686.13,0.285,894.1
TX08108,ACC_N2299,4486.88,0.523,201.9
TX09737,ACC_N2671,12454.27,0.479,697.5
TX08844,ACC_N2463,3199.63,0.188,511.2
TX07957,ACC_N2526,13934.64,0.337,869.5
TX02444,ACC_N2622,9161.59,0.397,1057.6
TX08545,ACC_N2045,10162.73,0.532,566.6
TX02808,ACC_N0326,1061.62,0.522,1373.8
TX03589,ACC_N0488,15459.83,0.363,254.0
TX05483,ACC_N3251,5638.39,0.115,1182.8
TX01775,ACC_N1946,3210.54,0.526,638.1
TX04038,ACC_N1127,19472.75,0.307,1148.2
TX02665,ACC_N2023,19686.65,0.383,1258.6
TX09238,ACC_N2485,19234.43,0.255,
TX00050,ACC_M047,133184.5,0.989,28.5
TX00854,ACC_A0399,36218.96,0.696,2233.4
TX08558,ACC_N2628,9851.05,0.487,1254.8
TX01280,ACC_N3193,6850.85,0.502,1030.7
TX06527,ACC_N0302,11852.52,0.142,258.5
TX07225,ACC_N2142,5785.73,0.598,816.8
TX09988,ACC_N1412,11419.2,0.512,812.1
TX09922,ACC_N2364,14654.93,0.544,340.2
TX09220,ACC_N2789,14026.83,0.581,732.1
TX02009,ACC_N1794,10000.63,0.548,565.2
TX02319,ACC_N2878,5115.95,0.218,299.8
TX04110,ACC_N1723,12667.21,0.153,978.3
TX09298,ACC_N3138,2282.58,0.52,300.5
TX03713,ACC_N0646,15078.14,0.385,1048.2
TX09729,ACC_N2168,8950.43,0.247,1150.5
TX06115,ACC_N3290,15797.86,0.397,240.2
TX07716,ACC_N0048,14591.62,0.49,876.7
TX04884,ACC_N2379,13049.74,0.389,379.8
TX04281,ACC_N0967,-19466.22,0.418,1319.2
TX04467,ACC_N0198,19444.57,0.353,1075.1
TX01603,ACC_N0110,5094.65,0.221,1004.4
TX02711,ACC_N2131,633.39,0.207,1197.3
TX09397,ACC_N0150,1728.83,0.105,1361.0
TX01404,ACC_N2602,6835.99,0.474,133.5
TX05024,ACC_N0572,6891.54,0.51,1280.5
TX02912,ACC_N1371,-5742.71,0.587,1378.6
TX00497,ACC_A0372,26424.99,0.361,1062.9
TX00034,ACC_M045,476998.49,0.994,6.1
TX04272,ACC_N0633,14421.07,0.128,661.1
TX08324,ACC_N0119,6741.08,0.366,711.8
TX08792,ACC_N0134,5223.6,0.233,1283.4
TX00448,ACC_A0184,16478.1,0.346,2608.2
TX08892,ACC_N1971,6808.83,0.104,1319.6
TX03454,ACC_N1563,3691.68,0.278,1194.4
TX01406,ACC_N0844,19251.51,0.572,1063.1
TX05385,ACC_N1810,7876.34,0.198,1193.7
TX06509,ACC_N2435,3608.11,0.142,1005.1
TX09923,ACC_N1583,11609.53,0.103,1044.1
TX02417,ACC_N2701,5787.27,0.161,540.8
TX01927,ACC_N0844,12130.46,0.332,964.4
TX08312,ACC_N2618,9039.65,0.485,194.2
TX08859,ACC_N2324,16016.13,0.539,722.5
TX06888,ACC_N1753,10676.56,0.576,1166.8
TX08688,ACC_N3438,1668.57,0.365,1032.2
TX08273,ACC_N0579,19759.59,0.448,352.1
TX09706,ACC_N3011,1081.1,0.407,720.6
TX07935,ACC_N1861,3239.7,0.416,980.1
TX05399,ACC_N2212,10195.45,0.23,545.4
TX09788,ACC_N1541,6183.06,0.456,1295.5
TX09446,ACC_N0548,8065.74,0.412,173.0
TX03307,ACC_N3151,13604.39,0.38,371.1
TX01575,ACC_N1413,998.61,0.397,973.3
TX05036,ACC_N1596,3033.03,0.497,713.5
TX03924,ACC_N1574,7814.44,0.256,1022.1
TX07410,ACC_N0107,5670.55,0.463,259.8
TX06154,ACC_N2515,19692.69,0.376,777.0
TX01825,ACC_N2092,16605.85,0.568,730.9
TX05161,ACC_N0814,15275.83,0.191,1295.6
TX01206,ACC_N1315,12748.33,0.226,576.8
TX01608,ACC_N2887,16163.28,0.444,901.1
TX00196,ACC_A0184,49601.3,0.382,1373.6
TX09334,ACC_N2061,15417.55,0.328,664.4
TX08157,ACC_N1244,7356.88,0.6,833.5
TX00920,ACC_A0189,42582.49,0.459,410.5
TX08464,ACC_N3288,9442.8,0.102,370.8
TX03898,ACC_N2946,3599.03,0.466,528.0
TX01198,ACC_N1026,18860.75,0.541,1325.6
TX05411,ACC_N2602,5595.9,0.233,433.1
TX06641,ACC_N0469,3245.18,0.429,1092.0
TX01064,ACC_A0195,44773.46,0.584,1489.8
TX08747,ACC_N2083,19518.23,0.322,1313.8
TX05705,ACC_N0288,6107.29,0.536,1004.6
TX04360,ACC_N2832,14909.1,0.591,1086.9
TX02811,ACC_N1938,9268.7,0.235,714.4
TX04758,ACC_N0520,12269.83,0.338,561.4
TX08275,ACC_N2163,16147.81,0.556,860.8
TX02181,ACC_N2394,3100.22,0.25,479.6
TX00704,ACC_A0390,59513.32,0.449,1918.9
TX02548,ACC_N2511,1752.65,0.274,1369.4
TX05138,ACC_N2021,5186.09,0.195,1414.9
TX01897,ACC_N0735,5604.15,0.228,978.7
TX08011,ACC_N2164,6567.76,0.193,695.1
TX01387,ACC_N3097,19372.15,0.585,730.5
TX08861,ACC_N1942,9480.28,0.378,946.7
TX08087,ACC_N2020,7681.27,0.529,989.5
TX07698,ACC_N2226,3333.67,0.219,835.5
TX08663,ACC_N3312,4004.02,0.102,1122.2
TX02674,ACC_N1146,4509.62,0.301,723.1
TX07788,ACC_N2699,2581.75,0.168,1338.6
TX00700,ACC_A0382,59204.87,0.437,2292.5
TX00437,ACC_A0284,24251.09,0.567,1272.6
TX03058,ACC_N3488,14593.99,0.579,393.6
TX05162,ACC_N0868,11856.82,0.146,848.3
TX00355,ACC_A0001,35337.69,0.442,1963.0
TX07344,ACC_N1331,16011.51,0.399,1059.8
TX08446,ACC_N1223,8647.33,0.543,1188.2
TX06316,ACC_N2701,11435.84,0.156,588.7
TX03642,ACC_N2750,10701.58,0.296,1075.3
TX07823,ACC_N2197,10460.44,0.515,1059.8
TX09995,ACC_N0856,13754.94,0.47,669.2
TX06251,ACC_N2544,13051.75,0.121,1167.3
TX01441,ACC_N1593,14164.15,0.386,760.2
TX04811,ACC_N3410,4955.2,0.175,484.0
TX01025,ACC_A0386,35086.59,0.532,1501.8
TX03568,ACC_N2711,4639.41,0.386,268.9
TX06351,ACC_N1521,17642.65,0.133,862.9
TX07702,ACC_N1140,15772.82,0.458,478.4
TX03620,ACC_N0151,11918.45,0.282,410.8
TX09740,ACC_N2901,4275.85,0.158,1038.5
TX03606,ACC_N2146,4921.32,0.453,1349.7
TX07146,ACC_N0149,8512.97,0.572,1369.6
TX03906,ACC_N2694,12063.16,0.374,1298.1
TX07877,ACC_N0755,16234.54,0.438,1166.3
TX07368,ACC_N1601,8288.33,0.17,748.2
TX01458,ACC_N2850,8541.86,0.505,634.2
TX03656,ACC_N0905,16159.22,0.449,1072.7
TX01330,ACC_N0328,11088.46,0.343,1334.9
TX02073,ACC_N2127,8382.71,0.268,836.8
TX02708,ACC_N2384,8783.28,0.538,640.3
TX05301,ACC_N0813,6049.62,0.253,1148.6
TX04688,ACC_N0910,2637.91,0.182,497.7
TX03846,ACC_N2364,690.7,0.192,500.4
TX00363,ACC_A0271,32616.69,0.467,1113.1
TX09512,ACC_N0110,6474.43,0.419,1235.6
TX05244,ACC_N0514,12371.56,0.382,896.1
TX02103,ACC_N3116,705.75,0.166,377.8
TX01415,ACC_N0351,5816.69,0.385,934.8
TX04407,ACC_N1208,9288.77,0.468,980.0
TX08959,ACC_N2938,8414.81,0.413,560.3
TX09660,ACC_N2187,2808.83,0.5,1257.1
TX05135,ACC_N1420,12577.29,0.294,841.3
TX01037,ACC_A0359,18985.0,0.466,344.2
TX08567,ACC_N1449,6707.15,0.118,552.6
TX04323,ACC_N0774,14476.01,0.215,802.9
TX01527,ACC_N1299,3092.1,0.494,1416.5
TX09320,ACC_N2426,10185.77,0.185,785.8
TX07793,ACC_N1714,4092.86,0.256,340.1
TX00987,ACC_A0298,31778.19,0.627,1018.4
TX05626,ACC_N0955,19488.72,0.551,1073.5
TX07157,ACC_N0240,10640.38,0.581,1192.9
TX03363,ACC_N2872,9151.09,0.576,916.5
TX04795,ACC_N2178,8401.69,0.515,642.4
TX01663,ACC_N1196,8609.3,0.57,313.5
TX00373,ACC_A0232,54538.31,0.326,2170.5
TX05497,ACC_N2568,8105.31,0.126,1116.4
TX09387,ACC_N1081,18745.92,0.374,1321.2
TX04232,ACC_N0893,1446.97,0.565,175.0
TX07020,ACC_N2079,3169.92,0.158,445.8
TX09462,ACC_N2682,12719.19,0.131,885.0
TX07215,ACC_N1041,18662.73,0.304,283.9
TX01373,ACC_N0283,18597.01,0.574,925.4
TX08149,ACC_N3103,7960.48,0.163,556.5
TX02464,ACC_N1085,11164.18,0.523,271.2
TX02825,ACC_N2339,8988.21,0.583,265.3
TX03372,ACC_N0907,960.04,0.281,488.5
TX06054,ACC_N1279,1306.8,0.469,593.1
TX08539,ACC_N3305,1217.17,0.484,707.0
TX04926,ACC_N1144,11935.96,0.359,456.6
TX08430,ACC_N1754,18662.5,0.278,860.9
TX01059,ACC_A0096,47887.33,0.367,1933.3
TX00046,ACC_M019,348135.03,0.967,28.1
TX09018,ACC_N1913,18033.33,0.167,124.0
TX03794,ACC_N2251,19262.82,0.532,363.9
TX04660,ACC_N0074,2973.46,0.284,875.5
TX01390,ACC_N0337,2737.7,0.525,858.1
TX09796,ACC_N2021,18962.04,0.239,453.9
TX00657,ACC_A0128,51178.96,0.336,2820.9
TX00025,ACC_M049,255231.49,0.982,43.0
TX05896,ACC_N2368,8707.11,0.433,408.1
TX08516,ACC_N3257,14385.06,0.48,676.9
TX00618,ACC_A0303,18901.73,0.41,1593.9
TX05169,ACC_N1560,8421.86,0.345,461.2
TX00202,ACC_A0176,41084.25,0.41,2419.3
TX05412,ACC_N1259,19706.68,0.118,476.6
TX06861,ACC_N1218,19394.0,0.556,1175.7
TX02985,ACC_N3074,5583.17,0.111,791.7
TX04693,ACC_N3194,14296.94,0.182,474.2
TX05806,ACC_N3134,6329.48,0.13,1043.1
TX03266,ACC_N2489,14212.4,0.398,984.7
TX04092,ACC_N2968,1861.09,0.261,707.5
TX08131,ACC_N3147,11816.48,0.548,966.1
TX08366,ACC_N3306,-19425.77,0.252,1201.4
TX06757,ACC_N0232,11899.24,0.133,1019.6
TX01297,ACC_N1931,7355.07,0.386,1238.5
TX03891,ACC_N2352,13295.49,0.151,864.4
TX01196,ACC_N2241,15523.72,0.196,343.2
TX06148,ACC_N1002,4033.29,0.304,166.9
TX03707,ACC_N1163,15904.5,0.29,973.5
TX07965,ACC_N1284,11968.05,0.48,1270.7
TX02523,ACC_N2874,18680.79,0.139,505.0
TX08902,ACC_N1162,10599.19,0.353,260.6
TX07978,ACC_N1953,8207.45,0.552,1022.0
TX09917,ACC_N1341,2817.36,0.515,864.5
TX08462,ACC_N1345,10049.26,0.189,
TX09913,ACC_N3361,11713.7,0.394,1242.7
TX03585,ACC_N1084,6461.19,0.495,823.7
TX08715,ACC_N3069,14446.82,0.534,1137.9
TX05271,ACC_N0785,15402.99,0.214,1058.1
TX01491,ACC_N0413,12427.11,0.503,138.2
TX07052,ACC_N1272,12551.85,0.481,1427.8
TX02546,ACC_N2323,4646.95,0.269,963.7
TX03960,ACC_N0552,17977.49,0.249,954.1
TX07313,ACC_N2143,-656.62,0.579,471.2
TX08195,ACC_N3047,8180.75,0.243,1080.0
TX00503,ACC_A0302,54935.72,0.523,2569.1
TX06298,ACC_N3318,10837.25,0.301,574.2
TX09572,ACC_N3493,12177.26,0.21,327.6
TX04911,ACC_N2292,19391.92,0.241,154.0
TX05148,ACC_N1243,4864.45,0.516,763.2
TX07355,ACC_N3477,5296.86,0.497,665.0
TX00710,ACC_A0288,52378.91,0.375,2172.4
TX04054,ACC_N1030,1240.53,0.452,414.9
TX08331,ACC_N1024,2205.26,0.241,588.0
TX03146,ACC_N2463,10401.17,0.303,172.1
TX05210,ACC_N2233,13844.41,0.501,1059.4
TX03744,ACC_N2456,11968.8,0.349,833.5
TX07343,ACC_N2006,5238.54,0.577,553.5
TX03879,ACC_N0036,13144.87,0.449,444.6
TX03755,ACC_N0272,8500.71,0.55,1231.3
TX03603,ACC_N0364,5489.51,0.369,197.4
TX06683,ACC_N0838,1934.84,0.3,976.7
TX04753,ACC_N2539,10255.81,0.506,1228.1
TX06130,ACC_N0744,10182.72,0.227,208.2
TX04787,ACC_N1659,11049.23,0.451,582.8
TX08404,ACC_N0129,18064.15,0.531,1325.2
TX00729,ACC_A0337,43032.18,0.313,2108.2
TX02923,ACC_N2282,12663.0,0.166,659.2
TX07679,ACC_N1444,18008.73,0.34,979.6
TX07598,ACC_N1954,6435.17,0.599,617.7
TX08926,ACC_N1049,3577.63,0.203,751.2
TX03531,ACC_N2223,16465.56,0.274,1088.0
TX02021,ACC_N2179,17192.02,0.361,969.6
TX05454,ACC_N2953,18717.94,0.109,1107.5
TX03759,ACC_N1091,13922.97,0.308,964.5
TX09299,ACC_N3153,3975.57,0.227,150.1
TX09506,ACC_N3049,13476.72,0.314,756.9
TX07767,ACC_N1464,10750.88,0.296,476.0
TX08101,ACC_N0093,9216.23,0.464,1080.2
TX05734,ACC_N1688,10992.32,0.404,503.3
TX09214,ACC_N1910,677.64,0.469,1335.7
TX09964,ACC_N1854,-9903.91,0.567,1184.6
TX04672,ACC_N0701,627.25,0.301,807.3
TX05361,ACC_N2285,11764.4,0.227,557.7
TX00741,ACC_A0003,29807.31,0.494,1395.9
TX09406,ACC_N1676,3022.93,0.269,363.1
TX00117,ACC_M056,411652.43,0.985,13.9
TX09398,ACC_N3054,8775.09,0.405,1188.5
TX09272,ACC_N2957,6895.02,0.108,222.2
TX00107,ACC_M025,234672.32,0.997,18.1
TX03559,ACC_N2407,9916.13,0.515,1287.5
TX01796,ACC_N0545,13267.14,0.449,1233.4
TX07862,ACC_N1431,10145.05,0.14,235.4
TX00287,ACC_A0345,51263.92,0.551,2814.4
TX08741,ACC_N1526,4307.83,0.14,899.6
TX03929,ACC_N2683,17478.09,0.55,1135.4
TX02553,ACC_N0419,15793.29,0.278,994.2
TX09204,ACC_N0772,15364.56,0.388,1154.6
TX08023,ACC_N1103,5424.94,0.196,329.9
TX03574,ACC_N0561,15747.69,0.56,1262.5
TX02758,ACC_N2120,5117.55,0.288,941.6
TX04662,ACC_N2197,16973.44,0.524,571.5
TX00164,ACC_A0086,15998.31,0.626,1023.3
TX09474,ACC_N1586,2061.8,0.203,342.5
TX05760,ACC_N1581,6808.01,0.172,900.6
TX04835,ACC_N1488,12194.24,0.523,1404.0
TX07008,ACC_N1156,6342.06,0.357,174.5
TX06010,ACC_N1961,13444.07,0.386,955.7
TX05588,ACC_N2270,19728.32,0.543,461.0
TX08116,ACC_N2359,3659.44,0.472,827.0
TX09012,ACC_N2828,19871.03,0.446,183.0
TX09068,ACC_N0012,2700.95,0.144,843.8
TX04203,ACC_N3078,-3709.27,0.455,707.6
TX02907,ACC_N1902,18538.76,0.457,1208.9
TX04553,ACC_N0299,16580.21,0.563,804.3
TX07769,ACC_N0400,12106.4,0.406,655.7
TX05167,ACC_N2122,18652.51,0.565,504.7
TX04592,ACC_N2269,3338.57,0.389,1060.4
TX05288,ACC_N2586,11099.02,0.295,936.9
TX09602,ACC_N2514,16932.55,0.223,950.3
TX08893,ACC_N0004,17204.73,0.161,594.2
TX05060,ACC_N1927,6743.63,0.484,1237.8
TX05176,ACC_N2489,19629.23,0.395,1178.5
TX05754,ACC_N1510,2714.95,0.529,423.5
TX03868,ACC_N0458,12763.03,0.433,610.0
TX06642,ACC_N2808,10508.15,0.508,568.3
TX09127,ACC_N0522,18956.8,0.482,649.1
TX07651,ACC_N1672,8060.28,0.148,1075.1
TX00871,ACC_A0272,42328.79,0.326,2707.5
TX03695,ACC_N2615,9744.99,0.226,690.3
TX00879,ACC_A0318,34496.1,0.436,2754.7
TX09277,ACC_N2936,17656.06,0.208,1024.6
TX05979,ACC_N2044,18331.92,0.191,917.9
TX09014,ACC_N0036,5020.98,0.544,446.2
TX06845,ACC_N2224,11704.2,0.101,208.4
TX05824,ACC_N1266,2542.87,0.197,1319.8
TX03938,ACC_N2054,13031.24,0.531,292.7
TX02017,ACC_N3352,5520.84,0.36,375.2
TX01934,ACC_N1497,12456.46,0.575,1136.5
TX09118,ACC_N2100,1921.88,0.206,1413.6
TX09217,ACC_N1831,4646.18,0.549,1439.3
TX03288,ACC_N1236,1996.11,0.503,1071.0
TX00959,ACC_A0106,22838.7,0.462,1697.4
TX07860,ACC_N1192,10862.14,0.159,448.5
TX06559,ACC_N1199,14303.31,0.558,206.3
TX07748,ACC_N1899,6692.14,0.328,480.9
TX04029,ACC_N0500,12859.04,0.392,657.7
TX03067,ACC_N1951,8863.25,0.317,224.9
TX05983,ACC_N2025,12173.42,0.42,935.5
TX01133,ACC_A0016,55352.14,0.594,1089.6
TX06252,ACC_N0505,12381.42,0.132,1099.5
TX05171,ACC_N3326,8987.0,0.383,1231.5
TX04821,ACC_N1545,11634.34,0.461,974.3
TX01345,ACC_N2169,643.02,0.525,1382.4
TX05477,ACC_N0028,9315.73,0.343,483.1
TX06751,ACC_N0688,13347.9,0.474,969.7
TX04538,ACC_N2075,14281.01,0.305,497.1
TX06275,ACC_N2956,-5739.66,0.311,1367.0
TX05858,ACC_N2689,17051.43,0.197,1115.8
TX01749,ACC_N0337,4866.53,0.551,1018.4
TX05842,ACC_N2029,15972.01,0.526,832.4
TX05800,ACC_N1848,13499.4,0.577,783.3
TX09123,ACC_N3295,15761.77,0.269,658.3
TX05472,ACC_N2676,2768.79,0.509,866.2
TX07348,ACC_N3464,8971.25,0.575,847.3
TX04259,ACC_N1573,13034.14,0.106,267.2
TX08129,ACC_N0738,10221.03,0.201,452.8
TX03377,ACC_N1900,4501.79,0.427,520.8
TX09427,ACC_N1765,-16049.65,0.556,192.6
TX01485,ACC_N2913,10143.16,0.394,882.4
TX00979,ACC_A0030,32273.12,0.513,1717.3
TX06441,ACC_N2349,13087.47,0.544,771.0
TX00137,ACC_M035,283455.78,0.973,4.2
TX07882,ACC_N2470,1674.3,0.346,1084.7
TX04667,ACC_N1078,1154.14,0.165,1401.9
TX03110,ACC_N1246,15252.51,0.599,377.2
TX05019,ACC_N2462,13223.45,0.589,478.2
TX00360,ACC_A0208,34743.51,0.686,1898.9
TX07713,ACC_N3418,3906.64,0.178,903.9
TX04452,ACC_N2945,16356.42,0.545,571.9
TX05932,ACC_N1036,10866.21,0.325,165.3
TX01403,ACC_N3270,16953.22,0.382,283.7
TX08153,ACC_N3034,18418.6,0.403,1067.6
TX09438,ACC_N1219,17253.86,0.392,931.6
TX09562,ACC_N1458,9736.86,0.284,184.5
TX09351,ACC_N2724,807.6,0.333,161.9
TX04999,ACC_N2206,17551.08,0.478,722.9
TX06022,ACC_N1384,18861.85,0.555,788.7
TX07404,ACC_N2602,3310.65,0.495,545.0
TX04547,ACC_N0102,14541.98,0.518,1397.7
TX03537,ACC_N2234,9320.88,0.413,700.2
TX03930,ACC_N3197,8725.68,0.463,329.8
TX01095,ACC_A0256,54505.1,0.52,1948.7
TX02182,ACC_N3459,5229.61,0.191,418.5
TX09783,ACC_N1262,7834.92,0.192,591.7
TX00232,ACC_A0187,22064.0,0.376,2701.7
TX07559,ACC_N3416,10163.34,0.294,1371.5
TX06344,ACC_N3236,1606.04,0.275,150.7
TX06227,ACC_N2284,8975.82,0.169,1182.6
TX01074,ACC_A0198,56340.5,0.36,440.3
TX02303,ACC_N3056,7270.25,0.565,574.5
TX07424,ACC_N3207,3780.17,0.182,807.6
TX02042,ACC_N0820,5986.34,0.467,1045.6
TX08571,ACC_N2563,12899.55,0.491,1260.1
TX07960,ACC_N3269,16796.01,0.209,852.5
TX08958,ACC_N1382,14300.2,0.427,997.9
TX01712,ACC_N0425,5852.88,0.403,480.8
TX03304,ACC_N1911,18056.09,0.459,427.9
TX03653,ACC_N1610,13793.63,0.56,314.9
TX06988,ACC_N0943,12036.19,0.486,657.7
TX08294,ACC_N1157,1832.78,0.553,1096.4
TX04695,ACC_N0833,16226.67,0.235,1252.4
TX05406,ACC_N2232,15072.66,0.408,899.3
TX04862,ACC_N1419,19662.26,0.102,321.2
TX04596,ACC_N3243,1298.55,0.277,230.4
TX05226,ACC_N2715,10204.92,0.103,893.2
TX08717,ACC_N2263,8871.74,0.416,966.9
TX08984,ACC_N3317,18354.04,0.494,354.0
TX02345,ACC_N3329,4156.34,0.261,1003.6
TX09798,ACC_N1214,12694.45,0.34,753.2
TX02966,ACC_N1781,10962.25,0.457,1328.6
TX01278,ACC_N0325,6800.44,0.203,
TX06125,ACC_N0997,11360.04,0.347,771.6
TX06143,ACC_N2699,18725.71,0.389,705.3
TX04046,ACC_N1383,5527.31,0.244,1136.8
TX06803,ACC_N1049,7490.9,0.237,1070.4
TX04880,ACC_N3170,12376.06,0.477,681.6
TX05101,ACC_N2280,6556.25,0.265,1316.8
TX09173,ACC_N1182,17932.07,0.587,327.2
TX03639,ACC_N2018,16697.4,0.552,1212.6
TX02081,ACC_N2104,13860.9,0.211,705.4
TX05995,ACC_N2602,-1309.24,0.491,1337.2
TX04298,ACC_N2370,1596.81,0.496,273.4
TX04157,ACC_N0901,15269.79,0.381,502.8
TX08740,ACC_N2198,17444.79,0.567,873.0
TX08767,ACC_N2241,5917.48,0.507,1055.1
TX04951,ACC_N0034,6799.89,0.398,146.9
TX07674,ACC_N1996,2331.24,0.576,1327.0
TX07742,ACC_N3378,16223.93,0.196,427.1
TX00591,ACC_A0017,27146.01,0.672,2639.0
TX00090,ACC_M017,262496.72,0.959,36.5
TX04374,ACC_N3156,1888.01,0.474,264.9
TX04521,ACC_N0097,13675.06,0.365,587.2
TX06793,ACC_N2707,8261.13,0.32,
TX07714,ACC_N2519,10552.2,0.203,896.3
TX01573,ACC_N0009,13325.46,0.363,640.3
TX01947,ACC_N3279,7006.39,0.358,521.0
TX03149,ACC_N3225,8095.56,0.441,592.7
TX06523,ACC_N1263,10389.31,0.286,692.6
TX07665,ACC_N1012,3093.47,0.457,249.9
TX02578,ACC_N2306,10270.28,0.526,397.9
TX00712,ACC_A0146,17112.54,0.443,2207.7
TX08720,ACC_N2223,18749.49,0.198,712.8
TX07262,ACC_N2169,11111.55,0.569,1237.1
TX03918,ACC_N0448,2315.59,0.189,945.0
TX08338,ACC_N3285,8967.26,0.14,1263.0
TX06373,ACC_N2927,1558.29,0.315,779.8
TX04427,ACC_N1359,12413.71,0.523,
TX07953,ACC_N0221,11641.6,0.3,462.0
TX06656,ACC_N2655,2633.3,0.551,254.9
TX00793,ACC_A0121,51840.57,0.329,2731.7
TX04194,ACC_N2084,7191.89,0.552,253.9
TX02599,ACC_N1926,4194.15,0.436,1198.4
TX05468,ACC_N1896,18576.28,0.325,1214.8
TX02801,ACC_N1907,17874.92,0.253,964.7
TX08716,ACC_N2538,1215.34,0.181,228.5
TX09115,ACC_N0258,13959.03,0.288,337.1
TX05860,ACC_N3143,12172.0,0.552,602.2
TX03584,ACC_N2207,4417.11,0.555,1354.8
TX06727,ACC_N2065,14652.54,0.435,1164.8
TX05215,ACC_N3457,15921.57,0.169,681.5
TX02201,ACC_N1591,18712.57,0.462,538.0
TX09571,ACC_N2865,10841.49,0.281,505.3
TX06875,ACC_N0906,7716.74,0.395,1164.6
TX09889,ACC_N1579,5346.02,0.417,831.3
TX08169,ACC_N2277,19765.52,0.502,1265.7
TX07396,ACC_N1915,17844.21,0.541,1083.5
TX00864,ACC_A0148,-28237.56,0.401,1145.1
TX04481,ACC_N3304,7085.52,0.289,509.3
TX05136,ACC_N0938,13191.89,0.429,861.5
TX07389,ACC_N1114,4502.8,0.517,576.8
TX05121,ACC_N0354,10241.2,0.432,303.2
TX06817,ACC_N2947,10787.49,0.439,126.6
TX02427,ACC_N2140,6414.02,0.382,1054.6
TX08428,ACC_N1627,8152.81,0.292,742.8
TX00643,ACC_A0044,48527.9,0.55,1284.1
TX03828,ACC_N1932,16384.02,0.497,1367.8
TX05511,ACC_N3165,16409.18,0.171,540.8
TX03602,ACC_N0860,12388.94,0.265,1412.4
TX05670,ACC_N2429,15090.04,0.106,260.2
TX09393,ACC_N3088,10593.4,0.101,906.4
TX05154,ACC_N2721,6941.0,0.54,439.6
TX03489,ACC_N1283,13685.07,0.519,535.7
TX00266,ACC_A0247,44197.03,0.364,1528.0
TX03155,ACC_N0230,2304.07,0.587,754.8
TX08060,ACC_N1621,10964.26,0.155,578.7
TX06151,ACC_N1147,-19839.69,0.341,1289.5
TX01670,ACC_N3321,9625.62,0.126,289.2
TX01584,ACC_N0552,18561.0,0.25,522.8
TX05480,ACC_N2276,3396.09,0.138,219.1
TX05023,ACC_N2314,13034.09,0.14,1383.8
TX08068,ACC_N0680,7383.97,0.168,330.9
TX05756,ACC_N0013,19310.15,0.388,1235.8
TX02229,ACC_N1148,16542.71,0.569,392.5
TX08764,ACC_N2144,19945.49,0.465,1083.9
TX08739,ACC_N2803,856.23,0.499,726.8
TX07106,ACC_N3262,6115.58,0.143,328.0
TX05496,ACC_N3247,2350.7,0.234,873.2
TX06766,ACC_N3353,15635.34,0.203,567.2
TX03986,ACC_N3207,14930.35,0.537,209.0
TX08465,ACC_N1215,14091.37,0.57,560.0
TX06357,ACC_N2624,14534.04,0.194,488.5
TX00404,ACC_A0156,25230.79,0.391,580.9
TX07366,ACC_N1139,19400.36,0.459,1429.9
TX02465,ACC_N3130,14431.96,0.448,189.7
TX08432,ACC_N1713,5617.98,0.476,1124.4
TX00036,ACC_M045,413778.81,0.983,2.8
TX06374,ACC_N2797,12134.3,0.46,1190.8
TX06905,ACC_N3031,13703.47,0.295,988.6
TX04679,ACC_N2138,11846.37,0.326,385.5
TX04844,ACC_N1321,8078.33,0.353,905.1
TX01577,ACC_N1234,18113.34,0.132,425.1
TX08875,ACC_N2676,8587.91,0.247,1344.0
TX08826,ACC_N2624,16644.72,0.389,514.8
TX06233,ACC_N1855,19167.62,0.529,569.3
TX09199,ACC_N0374,1817.28,0.23,723.1
TX02501,ACC_N2108,11908.19,0.562,1388.9
TX01945,ACC_N1913,930.67,0.104,877.5
TX08073,ACC_N0240,970.18,0.519,875.9
TX07511,ACC_N2083,13346.33,0.114,1343.3
TX04822,ACC_N2378,8453.71,0.287,681.2
TX09028,ACC_N3267,2944.93,0.152,1227.4
TX02223,ACC_N0185,1093.11,0.421,449.8
TX06348,ACC_N2542,14443.99,0.113,223.3
TX03392,ACC_N2166,8051.3,0.177,757.4
TX07173,ACC_N2829,14702.88,0.227,255.0
TX01414,ACC_N3481,16304.13,0.257,484.5
TX09784,ACC_N1642,4406.25,0.521,777.9
TX00677,ACC_A0280,41134.07,0.416,476.3
TX05889,ACC_N3221,10294.36,0.215,460.4
TX07579,ACC_N0235,12085.37,0.352,235.9
TX04307,ACC_N0988,-16679.07,0.237,
TX00458,ACC_A0118,24570.64,0.45,534.1
TX03446,ACC_N3363,12782.51,0.419,1216.6
TX06049,ACC_N1281,9101.77,0.115,907.4
TX01583,ACC_N3005,11145.51,0.126,1188.1
TX08692,ACC_N1447,16531.71,0.33,307.9
TX03784,ACC_N1869,12153.46,0.331,478.0
TX04588,ACC_N1401,14725.58,0.484,523.1
TX05130,ACC_N0178,2279.41,0.415,1222.4
TX07038,ACC_N2838,2191.58,0.471,427.7
TX01804,ACC_N1797,19040.96,0.343,679.7
TX02281,ACC_N1124,11172.44,0.572,1248.2
TX01040,ACC_A0110,45969.35,0.359,1097.1
TX09703,ACC_N0900,19042.01,0.496,555.5
TX00780,ACC_A0226,25288.13,0.595,1822.8
TX06940,ACC_N0696,16937.53,0.431,958.2
TX02245,ACC_N2142,639.27,0.478,842.8
TX07663,ACC_N0387,15018.86,0.216,617.9
TX00221,ACC_A0201,39692.19,0.547,565.1
TX02786,ACC_N3093,9921.13,0.538,967.4
TX04610,ACC_N2536,15241.33,0.577,349.0
TX06956,ACC_N0391,11876.99,0.486,265.3
TX03915,ACC_N0687,15916.07,0.424,1188.4
TX04348,ACC_N1518,16906.12,0.267,392.5
TX07232,ACC_N2572,18465.8,0.473,762.1
TX03002,ACC_N0626,15381.43,0.534,1131.0
TX06050,ACC_N0744,14805.63,0.129,1162.2
TX03450,ACC_N1072,2691.53,0.263,222.6
TX00837,ACC_A0208,54062.44,0.387,2336.7
TX03439,ACC_N2192,11167.73,0.542,1386.8
TX09552,ACC_N2493,13845.52,0.456,343.0
TX07963,ACC_N2246,10597.98,0.574,394.6
TX02937,ACC_N1617,11069.53,0.508,615.1
TX02382,ACC_N2605,15072.3,0.517,1170.3
TX05481,ACC_N0641,8572.37,0.122,1095.7
TX08134,ACC_N0492,12705.69,0.113,587.2
TX04176,ACC_N0936,18099.41,0.288,891.6
TX04873,ACC_N3488,16316.2,0.176,244.9
TX02467,ACC_N2545,1028.08,0.496,182.5
TX00630,ACC_A0013,45146.29,0.525,793.9
TX06840,ACC_N0309,5601.68,0.517,1347.7
TX08510,ACC_N1630,6381.13,0.542,582.7
TX03550,ACC_N1511,9034.1,0.296,749.2
TX07174,ACC_N0222,9822.89,0.213,227.7
TX00484,ACC_A0183,19634.17,0.591,1142.0
TX01219,ACC_N0575,3738.02,0.287,903.5
TX09548,ACC_N1535,16918.19,0.534,538.0
TX05751,ACC_N1226,814.11,0.326,748.9
TX01695,ACC_N0324,15180.55,0.419,748.4
TX03997,ACC_N2453,5558.29,0.291,162.2
TX09820,ACC_N1024,7112.0,0.53,1106.7
TX09908,ACC_N2441,13792.68,0.293,891.3
TX00853,ACC_A0195,40323.76,0.436,1166.0
TX08620,ACC_N3394,8871.76,0.14,365.0
TX01332,ACC_N2812,12693.93,0.2,1073.3
TX06046,ACC_N0240,15044.35,0.51,481.7
TX02955,ACC_N0893,7162.65,0.543,1088.6
TX00683,ACC_A0264,47952.23,0.499,1955.4
TX04137,ACC_N0350,7252.19,0.302,816.0
TX00189,ACC_A0145,55971.21,0.394,356.8
TX00068,ACC_M016,410988.64,0.987,40.8
TX08664,ACC_N2692,19418.66,0.464,1194.3
TX01271,ACC_N2811,6642.7,0.335,717.4
TX08538,ACC_N0955,7643.41,0.197,754.5
TX01085,ACC_A0169,59700.16,0.641,1468.5
TX04848,ACC_N0350,10495.39,0.26,1119.8
TX01365,ACC_N3070,16031.45,0.354,430.3
TX06178,ACC_N3255,573.47,0.21,879.2
TX02352,ACC_N2145,16973.55,0.175,974.7
TX05988,ACC_N1686,10903.67,0.151,646.3
TX03319,ACC_N0324,15629.51,0.214,480.2
TX03836,ACC_N3152,8836.4,0.454,821.2
TX06228,ACC_N0969,6950.5,0.545,823.4
TX07051,ACC_N2305,829.74,0.55,626.8
TX06319,ACC_N0057,6264.24,0.277,1239.2
TX00815,ACC_A0315,35068.12,0.453,1122.0
TX08208,ACC_N1528,7195.39,0.135,364.7
TX07439,ACC_N0130,4563.04,0.143,1386.0
TX09329,ACC_N1831,2017.56,0.567,398.9
TX05721,ACC_N2058,4660.58,0.469,1386.2
TX05566,ACC_N2004,10193.24,0.103,145.5
TX03073,ACC_N2589,2909.55,0.506,626.0
TX05378,ACC_N0418,15562.01,0.426,1295.3
TX02883,ACC_N0581,7495.74,0.456,424.4
TX00868,ACC_A0164,35794.38,0.51,2738.4
TX06234,ACC_N0829,6704.18,0.512,802.5
TX08524,ACC_N2130,6679.27,0.43,1233.1
TX03904,ACC_N1426,15265.19,0.228,868.0
TX05848,ACC_N1387,18326.05,0.478,814.3
TX05797,ACC_N2750,13280.61,0.226,163.8
TX07041,ACC_N1203,10701.04,0.397,1343.7
TX06933,ACC_N1009,3962.65,0.229,655.6
TX06496,ACC_N0079,19296.9,0.358,1005.6
TX06267,ACC_N2329,5543.67,0.554,1157.8
TX00670,ACC_A0352,56966.55,0.356,1927.2
TX08198,ACC_N3122,16776.04,0.497,405.0
TX05810,ACC_N1158,2960.31,0.384,846.1
TX04651,ACC_N1687,5809.57,0.109,654.9
TX00071,ACC_M012,397510.15,0.983,5.4
TX07086,ACC_N0871,19812.3,0.481,327.3
TX00539,ACC_A0237,59341.53,0.312,952.3
TX05851,ACC_N1727,641.82,0.355,965.8
TX07469,ACC_N0762,1711.45,0.483,1288.3
TX07234,ACC_N1623,7526.26,0.123,759.2
TX04732,ACC_N1043,15864.65,0.386,732.6
TX00848,ACC_A0180,47599.02,0.54,846.7
TX02037,ACC_N2550,1730.57,0.272,263.6
TX04497,ACC_N3314,16800.74,0.328,717.7
TX01544,ACC_N0946,16173.23,0.443,1436.2
TX07930,ACC_N2823,7887.57,0.438,320.8
TX07119,ACC_N1482,10053.67,0.529,213.6
TX04086,ACC_N0883,15571.17,0.392,726.4
TX05786,ACC_N1418,12732.68,0.371,552.9
TX06047,ACC_N2778,15996.27,0.29,1239.0
TX07605,ACC_N3184,3774.11,0.502,268.0
TX08534,ACC_N0331,17816.17,0.312,1232.7
TX06105,ACC_N2851,18805.82,0.297,282.5
TX07657,ACC_N0171,3001.4,0.381,886.1
TX08504,ACC_N1930,14999.99,0.256,367.4
TX06828,ACC_N0915,13477.43,0.282,608.4
TX05958,ACC_N3493,11395.22,0.598,799.6
TX01829,ACC_N2254,-11456.34,0.256,273.8
TX07837,ACC_N0520,19986.93,0.265,405.3
TX02483,ACC_N2918,12753.94,0.488,
TX08593,ACC_N1351,9549.37,0.243,322.6
TX06957,ACC_N3077,18983.47,0.133,1107.5
TX01456,ACC_N1489,6945.94,0.292,354.8
TX05488,ACC_N3337,13396.53,0.157,880.2
TX02858,ACC_N3445,12565.57,0.563,520.4
TX04700,ACC_N2917,17554.81,0.148,1247.4
TX09800,ACC_N2413,11354.17,0.355,156.9
TX01778,ACC_N0674,4639.57,0.108,375.7
TX06235,ACC_N0052,4782.57,0.139,897.5
TX09732,ACC_N3429,5545.66,0.548,550.8
TX04364,ACC_N0750,13947.95,0.259,529.5
TX09830,ACC_N3160,17135.68,0.587,902.2
TX06379,ACC_N3113,6453.86,0.336,1360.1
TX00421,ACC_A0058,18101.47,0.697,1319.6
TX03156,ACC_N0703,2468.36,0.251,854.5
TX01976,ACC_N1498,14927.42,0.477,783.1
TX07316,ACC_N0515,4424.38,0.476,1195.3
TX06753,ACC_N0072,1144.52,0.359,444.4
TX07132,ACC_N1262,8389.81,0.404,1281.8
TX00121,ACC_M018,413348.07,0.99,35.8
TX04490,ACC_N3207,15892.9,0.291,551.4
TX05727,ACC_N1776,16217.23,0.467,804.9
TX00166,ACC_A0223,36429.48,0.511,363.2
TX05866,ACC_N1666,3583.47,0.596,619.3
TX09874,ACC_N3358,13554.67,0.255,1090.0
TX07762,ACC_N2188,5422.41,0.304,1416.0
TX05330,ACC_N0742,14226.31,0.219,831.0
TX02965,ACC_N0472,16475.07,0.134,302.4
TX07518,ACC_N0785,2982.2,0.221,306.5
TX08412,ACC_N1653,8640.75,0.318,663.8
TX08299,ACC_N1184,7126.63,0.284,1193.6
TX09999,ACC_N2971,6803.28,0.364,1244.7
TX03493,ACC_N1572,2060.36,0.563,665.0
TX08787,ACC_N1856,11939.35,0.423,1243.6
TX07719,ACC_N1580,6054.99,0.353,903.3
TX00735,ACC_A0193,32602.64,0.687,376.1
TX09491,ACC_N1596,16655.74,0.331,952.7
TX08323,ACC_N2834,19375.4,0.539,445.7
TX01620,ACC_N2105,-4293.43,0.377,936.6
TX07418,ACC_N2732,17670.69,0.24,272.1
TX06698,ACC_N3088,6614.72,0.421,1178.6
TX06107,ACC_N3160,12120.99,0.284,996.7
TX07976,ACC_N2428,5193.12,0.4,600.3
TX06061,ACC_N3431,9296.24,0.458,503.4
TX03890,ACC_N0856,11213.86,0.273,1248.4
TX06925,ACC_N0875,19564.65,0.119,1019.3
TX01768,ACC_N0439,15337.28,0.242,1153.5
TX00824,ACC_A0380,15046.33,0.351,1491.6
TX06494,ACC_N0819,7470.92,0.359,1261.5
TX09350,ACC_N1265,9308.79,0.51,1216.3
TX04454,ACC_N3485,17733.36,0.285,787.8
TX00610,ACC_A0163,15236.42,0.353,2757.4
TX06678,ACC_N1212,8724.22,0.482,483.4
TX05732,ACC_N2729,1012.81,0.218,1116.2
TX00426,ACC_A0105,20526.49,0.465,2294.6
TX02684,ACC_N1510,7045.81,0.313,1431.7
TX01011,ACC_A0076,35194.99,0.318,2199.5
TX06179,ACC_N2414,12811.86,0.56,1231.5
TX07050,ACC_N1416,8614.31,0.486,365.8
TX03400,ACC_N0816,12548.4,0.144,286.2
TX09835,ACC_N2975,8797.36,0.104,320.1
TX01389,ACC_N2445,19281.6,0.309,151.7
TX04266,ACC_N1532,12793.14,0.178,359.0
TX02942,ACC_N3287,11565.14,0.342,970.0
TX09775,ACC_N3448,15131.89,0.152,1207.1
TX08161,ACC_N1621,11596.35,0.25,153.2
TX03859,ACC_N3437,15239.78,0.439,534.0
TX08197,ACC_N1433,13323.08,0.583,1206.1
TX06063,ACC_N3284,16378.87,0.596,367.0
TX01071,ACC_A0243,49583.37,0.366,584.0
TX02892,ACC_N3343,19470.46,0.43,895.8
TX01350,ACC_N0435,4435.92,0.317,
TX05875,ACC_N3174,8848.41,0.482,219.2
TX04668,ACC_N1247,11427.78,0.447,345.2
TX02414,ACC_N1125,17615.0,0.487,641.4
TX05658,ACC_N2028,732.01,0.391,1046.9
TX07282,ACC_N0833,-11316.53,0.511,312.1
TX04675,ACC_N2988,2293.7,0.197,339.4
TX09926,ACC_N2741,19542.59,0.459,366.1
TX05419,ACC_N1084,18401.2,0.398,937.1
TX04178,ACC_N0356,1889.54,0.583,844.8
TX08501,ACC_N0852,7380.46,0.189,176.4
TX00424,ACC_A0058,52819.78,0.614,1313.4
TX04229,ACC_N3088,6872.08,0.333,888.8
TX07120,ACC_N3213,11006.07,0.178,687.0
TX07325,ACC_N0805,14959.59,0.459,330.8
TX08889,ACC_N0446,-2496.81,0.592,1190.7
TX06689,ACC_N0072,5582.35,0.115,533.0
TX01907,ACC_N2153,16027.86,0.569,506.1
TX06383,ACC_N0570,3260.27,0.575,1087.3
TX06690,ACC_N3453,3676.87,0.239,747.7
TX02259,ACC_N2035,1417.64,0.355,1230.6
TX01057,ACC_A0356,22307.19,0.491,1258.4
TX03275,ACC_N1418,17047.83,0.441,1056.0
TX07884,ACC_N1831,13038.75,0.128,561.5
TX02958,ACC_N2261,14417.27,0.223,945.6
TX05029,ACC_N0308,18792.05,0.358,133.2
TX05015,ACC_N1784,9061.31,0.185,415.1
TX02389,ACC_N2074,15697.62,0.449,643.5
TX09880,ACC_N1863,5256.68,0.352,1233.8
TX03819,ACC_N2977,12247.6,0.329,695.8
TX00502,ACC_A0366,40624.96,0.364,1061.7
TX04964,ACC_N2653,14253.48,0.365,1392.7
TX05673,ACC_N1240,13644.14,0.515,181.2
TX03604,ACC_N2047,8438.0,0.56,1115.1
TX00942,ACC_A0375,36158.22,0.587,1644.4
TX03779,ACC_N0473,16246.96,0.324,1424.9
TX09471,ACC_N2686,4884.35,0.175,716.5
TX04619,ACC_N3131,16332.23,0.131,228.1
TX08311,ACC_N1118,2750.84,0.528,907.8
TX05722,ACC_N1192,8008.49,0.328,542.5
TX02833,ACC_N1342,19653.99,0.579,662.5
TX07058,ACC_N1975,9992.74,0.1,748.1
TX06955,ACC_N1678,2053.01,0.223,304.1
TX05217,ACC_N2303,14464.9,0.168,876.3
TX08395,ACC_N1211,9255.11,0.336,334.8
TX09340,ACC_N1360,18740.22,0.445,1346.9
TX05143,ACC_N1519,3115.33,0.405,234.7
TX03482,ACC_N2006,15071.1,0.463,1334.4
TX07544,ACC_N2030,6099.07,0.333,
TX01195,ACC_N2663,14158.42,0.278,401.6
TX09472,ACC_N2490,9630.24,0.188,199.0
TX00874,ACC_A0030,25149.31,0.578,1621.7
TX03143,ACC_N0878,11647.74,0.423,380.6
TX05977,ACC_N1768,9436.52,0.527,1185.9
TX08096,ACC_N3250,17389.51,0.367,862.9
TX03949,ACC_N0278,6851.19,0.444,608.9
TX05972,ACC_N2745,8345.04,0.179,1281.0
TX01215,ACC_N0341,7239.69,0.276,620.3
TX05931,ACC_N1617,16170.89,0.114,1420.8
TX08992,ACC_N1580,1012.01,0.282,440.1
TX06282,ACC_N3462,15822.18,0.583,649.0
TX06946,ACC_N2360,11800.14,0.256,501.9
TX06470,ACC_N2537,19026.35,0.444,427.4
TX05004,ACC_N3284,10902.83,0.585,924.4
TX01779,ACC_N2294,2753.39,0.205,940.8
TX05174,ACC_N2243,17561.32,0.379,751.7
TX04389,ACC_N2189,3395.42,0.236,770.6
TX07166,ACC_N0548,12159.62,0.471,615.3
TX01262,ACC_N2694,11387.87,0.18,919.4
TX07869,ACC_N3472,10147.77,0.393,243.2
TX03418,ACC_N3276,1140.71,0.592,1077.3
TX04589,ACC_N1556,7272.11,0.184,205.3
TX08525,ACC_N3253,7042.79,0.265,815.0
TX06296,ACC_N1940,7853.68,0.56,273.3
TX05063,ACC_N3158,15090.56,0.4,435.2
TX03048,ACC_N1005,5923.19,0.293,1127.2
TX08922,ACC_N3452,2215.08,0.342,269.5
TX08165,ACC_N2058,10492.45,0.426,1138.9
TX05591,ACC_N2444,16095.37,0.201,1173.0
TX09024,ACC_N1967,837.86,0.433,1189.9
TX03761,ACC_N1723,5465.9,0.389,958.4
TX06786,ACC_N0738,14570.3,0.545,963.9
TX02119,ACC_N2415,8346.27,0.201,1184.5
TX09304,ACC_N2562,4400.32,0.531,1289.4
TX02074,ACC_N0855,19868.67,0.281,
TX03798,ACC_N2927,6802.29,0.181,1057.6
TX05097,ACC_N0153,11442.45,0.18,946.0
TX07065,ACC_N1851,10878.79,0.219,1153.7
TX07757,ACC_N3029,7848.69,0.152,847.9
TX01667,ACC_N2237,9299.7,0.452,1195.8
TX05403,ACC_N2744,14690.27,0.348,799.6
TX01170,ACC_N0228,6004.12,0.286,1374.6
TX02779,ACC_N1231,861.36,0.345,1326.4
TX04078,ACC_N2908,13923.83,0.195,857.9
TX00066,ACC_M010,294213.24,0.962,18.0
TX04102,ACC_N1279,4350.25,0.21,599.2
TX09202,ACC_N2450,12573.37,0.111,1151.6
TX02997,ACC_N2270,18105.93,0.241,886.3
TX05945,ACC_N1246,5616.95,0.288,998.8
TX05617,ACC_N2238,19234.2,0.525,691.1
TX05197,ACC_N2717,10771.81,0.572,654.2
TX05567,ACC_N1377,15179.78,0.364,419.2
TX02521,ACC_N1435,10386.49,0.316,1286.7
TX03402,ACC_N2052,7884.15,0.301,1395.9
TX07739,ACC_N1849,17830.55,0.356,
TX02377,ACC_N0489,-2830.85,0.551,187.9
TX00637,ACC_A0063,-20423.52,0.519,1218.1
TX02071,ACC_N1801,17753.75,0.559,1353.1
TX03917,ACC_N1812,18213.12,0.51,530.4
TX00818,ACC_A0072,32262.55,0.621,2438.5
TX06140,ACC_N2516,12226.51,0.437,1209.2
TX00941,ACC_A0395,29805.78,0.419,1713.9
TX01477,ACC_N3383,1687.59,0.303,1148.7
TX01223,ACC_N2324,2725.73,0.501,347.3
TX09765,ACC_N1763,5261.99,0.321,1335.4
TX08627,ACC_N2689,17890.2,0.336,691.7
TX03224,ACC_N2454,19819.6,0.379,
TX03872,ACC_N3388,5844.62,0.427,327.8
TX02977,ACC_N2629,12634.91,0.259,1403.8
TX07299,ACC_N2567,1239.8,0.404,1104.9
TX00995,ACC_A0246,41073.67,0.536,2329.7
TX04222,ACC_N2228,19651.64,0.524,662.5
TX01959,ACC_N0133,10555.69,0.113,856.7
TX06432,ACC_N3217,14570.74,0.425,171.3
TX09668,ACC_N3144,1391.24,0.485,910.3
TX08177,ACC_N0006,1249.45,0.138,557.1
TX01294,ACC_N2203,751.69,0.581,414.2
TX02161,ACC_N3476,5093.97,0.567,1414.2
TX03382,ACC_N0909,15611.11,0.137,1329.0
TX00767,ACC_A0368,22218.0,0.652,1361.3
TX02413,ACC_N2944,5452.7,0.448,541.9
TX00724,ACC_A0106,38186.16,0.445,1431.0
TX06802,ACC_N3042,15890.25,0.127,970.7
TX01139,ACC_A0058,36563.25,0.553,442.5
TX03622,ACC_N3330,3420.65,0.216,1266.5
TX06717,ACC_N2944,7159.39,0.392,932.7
TX00111,ACC_M030,180388.15,0.981,15.0
TX08450,ACC_N1778,17839.12,0.101,703.2
TX00324,ACC_A0246,45805.72,0.3,768.9
TX09497,ACC_N2070,6994.93,0.487,288.8
TX02566,ACC_N1791,1613.34,0.352,922.7
TX09624,ACC_N1098,5323.22,0.283,561.4
TX02006,ACC_N2199,14562.08,0.226,1399.4
TX00550,ACC_A0030,20952.43,0.321,1369.3
TX06854,ACC_N0218,11273.82,0.489,812.2
TX09167,ACC_N1316,3924.68,0.161,360.6
TX04081,ACC_N0255,6565.22,0.484,419.9
TX06087,ACC_N1447,8848.21,0.174,896.0
TX06619,ACC_N1351,-14132.57,0.53,1376.8
TX07650,ACC_N0883,2528.24,0.458,1005.9
TX03694,ACC_N3166,17226.4,0.35,251.6
TX02612,ACC_N1971,9094.41,0.574,644.2
TX02556,ACC_N0646,8260.23,0.543,267.5
TX09654,ACC_N2216,4673.0,0.594,1401.5
TX08025,ACC_N0107,2608.94,0.261,882.3
TX00958,ACC_A0386,52820.36,0.66,2499.7
TX01723,ACC_N3445,10931.85,0.223,226.8
TX00507,ACC_A0378,59492.8,0.411,422.9
TX01282,ACC_N1235,12265.02,0.554,1177.4
TX08484,ACC_N0584,18748.04,0.163,720.3
TX00391,ACC_A0200,37602.98,0.341,1710.9
TX07753,ACC_N3492,18000.92,0.59,1178.2
TX07163,ACC_N0159,13510.21,0.586,1431.3
TX09195,ACC_N0830,7433.1,0.414,358.9
TX08305,ACC_N2432,18379.06,0.468,822.2
TX06851,ACC_N3412,7713.91,0.577,1412.5
TX07889,ACC_N1895,9879.87,0.183,
TX03571,ACC_N0241,5538.66,0.216,538.1
TX05770,ACC_N3431,-15179.93,0.386,558.2
TX05716,ACC_N1830,15084.51,0.185,906.7
TX05783,ACC_N1642,6623.86,0.176,315.0
TX00646,ACC_A0381,38509.56,0.358,2192.4
TX01554,ACC_N1226,19321.59,0.485,1265.4
TX06562,ACC_N0743,1755.9,0.353,482.2
TX01481,ACC_N0656,2944.82,0.426,1342.8
TX03519,ACC_N1254,5544.75,0.426,475.4
TX05173,ACC_N3185,9617.98,0.595,1226.7
TX03802,ACC_N2462,2568.79,0.18,863.8
TX06917,ACC_N1800,10840.13,0.127,460.1
TX07245,ACC_N0341,11907.34,0.249,1138.3
TX05466,ACC_N1202,11305.51,0.19,1190.8
TX05048,ACC_N2800,14906.63,0.471,884.9
TX04220,ACC_N0632,8201.43,0.432,125.9
TX08348,ACC_N0965,861.69,0.529,262.3
TX07566,ACC_N3044,4607.32,0.504,1078.2
TX08521,ACC_N1694,4843.6,0.379,1170.1
TX05103,ACC_N0176,13973.55,0.205,389.2
TX03339,ACC_N2430,13710.54,0.332,977.3
TX03231,ACC_N3418,1491.64,0.309,1199.7
TX09248,ACC_N3027,13091.35,0.268,1206.5
TX07741,ACC_N3441,13524.77,0.325,1278.7
TX07076,ACC_N0374,11343.02,0.528,1190.3
TX03356,ACC_N0266,13150.34,0.308,1296.2
TX06484,ACC_N0104,4740.23,0.177,1067.0
TX04284,ACC_N2173,-6754.3,0.501,1357.1
TX01942,ACC_N2212,10463.93,0.171,477.6
TX07839,ACC_N0389,15014.57,0.532,699.6
TX04388,ACC_N3029,13236.17,0.566,356.5
TX04756,ACC_N2923,5640.31,0.552,707.3
TX02780,ACC_N0411,3300.62,0.302,1120.5
TX05194,ACC_N1142,8756.04,0.252,585.8
TX00474,ACC_A0044,31997.67,0.388,2239.6
TX04800,ACC_N0385,13406.63,0.297,362.6
TX03808,ACC_N3280,15032.21,0.427,1079.7
TX07670,ACC_N3251,7693.14,0.122,1001.2
TX04961,ACC_N1288,12734.23,0.484,781.1
TX03601,ACC_N0262,9400.06,0.191,167.6
TX00283,ACC_A0255,31441.06,0.456,1318.4
TX03781,ACC_N0416,1566.93,0.359,964.6
TX08761,ACC_N3042,15301.51,0.141,259.8
TX07060,ACC_N3465,19326.12,0.562,929.5
TX07850,ACC_N3473,12063.28,0.248,905.8
TX05694,ACC_N0524,13317.72,0.584,711.8
TX04690,ACC_N3443,18602.55,0.177,999.4
TX04735,ACC_N1979,7105.62,0.227,529.7
TX01982,ACC_N2692,15086.31,0.107,1365.0
TX07879,ACC_N0366,5451.3,0.275,600.1
TX00184,ACC_A0238,39966.7,0.624,2527.6
TX01207,ACC_N2326,18647.53,0.588,407.8
TX00542,ACC_A0197,36815.03,0.455,
TX04406,ACC_N2453,15618.97,0.509,1062.4
TX04477,ACC_N2091,10130.06,0.117,185.8
TX08009,ACC_N0340,18876.86,0.515,654.2
TX08357,ACC_N1446,6577.2,0.19,710.5
TX00744,ACC_A0076,27662.59,0.429,1834.6
TX00048,ACC_M057,284030.61,0.995,3.0
TX09311,ACC_N0856,13180.99,0.181,664.7
TX02623,ACC_N0028,12585.08,0.113,389.2
TX05377,ACC_N1460,19944.07,0.35,862.3
TX09174,ACC_N3342,15637.49,0.214,918.5
TX00568,ACC_A0052,43489.41,0.449,710.3
TX09862,ACC_N2241,17501.59,0.418,365.4
TX08563,ACC_N1664,14163.74,0.542,363.0
TX07896,ACC_N0151,1124.35,0.327,804.4
TX06274,ACC_N1811,8246.22,0.45,322.0
TX04118,ACC_N3415,5970.29,0.463,1094.6
TX09180,ACC_N1970,10088.4,0.452,933.5
TX06082,ACC_N3465,8341.56,0.231,1241.8
TX02770,ACC_N1413,5582.9,0.462,1125.7
TX00190,ACC_A0065,28408.18,0.648,1804.8
TX05594,ACC_N3364,8894.62,0.266,830.9
TX02718,ACC_N1494,4860.45,0.109,692.8
TX03128,ACC_N1722,14733.51,0.233,
TX04098,ACC_N0631,10779.37,0.578,572.1
TX05370,ACC_N1458,16733.72,0.466,870.4
TX01135,ACC_A0020,57959.7,0.672,2336.7
TX02118,ACC_N0362,13560.21,0.399,576.3
TX02837,ACC_N0515,9083.52,0.273,495.5
TX06996,ACC_N0429,10340.5,0.398,560.9
TX03104,ACC_N3282,17064.56,0.38,580.7
TX01321,ACC_N3157,8594.94,0.371,725.5
TX03608,ACC_N2832,14100.23,0.476,186.6
TX09711,ACC_N1357,10569.14,0.242,1216.3
TX03081,ACC_N0841,10124.1,0.351,1125.9
TX07690,ACC_N0357,17099.53,0.433,379.9
TX02919,ACC_N3318,1114.5,0.383,1059.8
TX05557,ACC_N0728,14867.7,0.512,
TX01021,ACC_A0066,31052.94,0.341,2708.6
TX03159,ACC_N1700,542.59,0.194,1425.7
TX07308,ACC_N2906,9381.69,0.516,1396.4
TX03689,ACC_N2420,-1185.56,0.43,1124.2
TX03763,ACC_N1087,4164.56,0.42,586.4
TX02829,ACC_N0604,15055.19,0.412,1177.3
TX04261,ACC_N2538,17967.96,0.525,490.2
TX00301,ACC_A0205,51938.77,0.53,2650.6
TX06152,ACC_N0787,4924.28,0.53,1259.9
TX01879,ACC_N3095,14712.96,0.288,868.5
TX02068,ACC_N0423,13248.84,0.159,1252.5
TX05152,ACC_N2676,4491.92,0.371,872.7
TX00242,ACC_A0188,49197.99,0.554,2715.7
TX01430,ACC_N1908,15493.94,0.149,526.1
TX08948,ACC_N0480,11670.75,0.271,125.7
TX08178,ACC_N2346,5863.56,0.259,727.8
TX06692,ACC_N3139,11316.63,0.394,542.8
TX07347,ACC_N0150,13334.17,0.537,817.3
TX02721,ACC_N1578,9242.76,0.355,981.0
TX07239,ACC_N0522,10187.02,0.52,1061.1
TX01092,ACC_A0372,56655.37,0.483,1473.6
TX01662,ACC_N2972,2876.82,0.166,202.9
TX09712,ACC_N1441,2348.03,0.536,1122.0
TX04541,ACC_N2354,4863.68,0.223,965.7
TX02346,ACC_N1217,15136.67,0.388,522.1
TX01255,ACC_N1893,6261.62,0.331,1369.6
TX08449,ACC_N1958,11072.99,0.336,281.5
TX06747,ACC_N0028,1304.38,0.262,135.2
TX05816,ACC_N1318,10748.8,0.358,174.2
TX09088,ACC_N3363,3508.15,0.586,439.1
TX04319,ACC_N0418,19705.84,0.379,199.4
TX09514,ACC_N0750,882.83,0.316,821.1
TX01890,ACC_N3186,6623.85,0.232,194.6
TX09641,ACC_N1123,14563.5,0.373,863.5
TX07673,ACC_N0921,-14692.77,0.589,434.0
TX04525,ACC_N1501,16519.94,0.176,452.2
TX01184,ACC_N1701,8283.75,0.353,844.6
TX09661,ACC_N1215,5387.79,0.544,1006.6
TX00665,ACC_A0220,35787.43,0.52,1640.8
TX03170,ACC_N2277,15461.94,0.186,547.8
TX03440,ACC_N3040,13174.07,0.591,451.4
TX04285,ACC_N1984,17419.01,0.369,248.4
TX02515,ACC_N1042,18038.54,0.423,1323.9
TX02698,ACC_N0594,7635.04,0.42,1266.7
TX02393,ACC_N0110,8399.61,0.471,
TX05759,ACC_N3193,7449.54,0.281,1307.2
TX07229,ACC_N2849,18561.06,0.373,788.0
TX09989,ACC_N2393,12812.1,0.271,879.7
TX06518,ACC_N3455,6544.61,0.132,1180.6
TX06395,ACC_N2618,5829.91,0.575,500.0
TX05384,ACC_N2207,15044.9,0.595,969.9
TX00228,ACC_A0048,19153.08,0.537,1504.8
TX01843,ACC_N2561,10758.61,0.46,1199.4
TX01813,ACC_N2046,10321.93,0.27,1172.4
TX05352,ACC_N1598,14210.33,0.159,1382.8
TX07735,ACC_N1215,19992.89,0.182,350.3
TX02657,ACC_N2565,11691.62,0.239,1354.4
TX07712,ACC_N1931,16721.82,0.386,577.6
TX07589,ACC_N0276,963.65,0.323,731.8
TX05089,ACC_N0574,1062.31,0.364,1162.2
TX05471,ACC_N0230,15845.89,0.541,580.7
TX04710,ACC_N1469,7859.06,0.404,457.9
TX05232,ACC_N3110,12293.63,0.179,1331.4
TX02990,ACC_N0806,15409.08,0.2,587.5
TX07749,ACC_N1373,7534.58,0.312,1309.2
TX02508,ACC_N1101,3017.18,0.105,144.7
TX03429,ACC_N0023,9991.65,0.239,1378.1
TX03621,ACC_N1505,10662.89,0.424,834.5
TX04226,ACC_N1748,6852.7,0.38,1107.5
TX06007,ACC_N3426,8879.87,0.228,352.1
TX00820,ACC_A0191,51968.08,0.307,1645.7
TX07694,ACC_N2534,19627.68,0.125,765.3
TX05064,ACC_N2096,2712.51,0.581,1052.8
TX00991,ACC_A0361,34672.44,0.462,2304.1
TX00293,ACC_A0084,59876.5,0.627,411.0
TX05463,ACC_N1939,3216.29,0.384,1307.9
TX05095,ACC_N2018,10643.57,0.531,389.5
TX09690,ACC_N0803,10393.63,0.298,1373.3
TX08360,ACC_N1087,12865.51,0.178,1277.3
TX04704,ACC_N2956,11806.77,0.413,1303.4
TX04820,ACC_N1909,3137.2,0.404,587.1
TX08481,ACC_N0304,7873.96,0.569,679.8
TX01439,ACC_N0100,6405.18,0.274,775.0
TX08672,ACC_N0618,12090.98,0.462,676.8
TX01391,ACC_N2984,10062.97,0.566,332.6
TX05569,ACC_N3462,17648.24,0.498,517.2
TX00348,ACC_A0384,23388.22,0.37,454.1
TX08342,ACC_N1577,17718.02,0.193,743.6
TX04975,ACC_N0355,1601.43,0.151,1017.1
TX01645,ACC_N0380,5044.92,0.596,167.0
TX00081,ACC_M058,438396.54,0.99,6.2
TX03718,ACC_N0062,11953.28,0.142,663.6
TX08459,ACC_N2632,-3164.16,0.462,484.8
TX04714,ACC_N1359,18467.68,0.246,776.1
TX04221,ACC_N0805,5453.6,0.315,1019.7
TX05838,ACC_N3287,2419.48,0.318,1304.6
TX09239,ACC_N0858,1297.3,0.129,1052.9
TX00789,ACC_A0382,40192.99,0.573,2684.0
TX03573,ACC_N1776,18042.21,0.214,479.3
TX04175,ACC_N1500,18899.29,0.51,203.1
TX03423,ACC_N1710,4992.7,0.317,
TX00126,ACC_M021,242198.5,0.975,25.2
TX06723,ACC_N0852,1862.89,0.298,1389.2
TX03663,ACC_N1834,12395.85,0.477,775.1
TX04300,ACC_N0095,19859.03,0.443,470.8
TX02292,ACC_N2732,9227.26,0.36,1364.0
TX09539,ACC_N2994,10322.79,0.206,144.5
TX04953,ACC_N1594,6304.64,0.201,1124.0
TX06221,ACC_N1487,15269.34,0.261,1131.1
TX01097,ACC_A0206,54100.53,0.572,2574.6
TX05996,ACC_N3424,5989.44,0.481,172.4
TX02222,ACC_N1959,2667.44,0.245,1261.4
TX06537,ACC_N3373,3539.67,0.408,1234.0
TX01331,ACC_N1352,7789.26,0.205,722.7
TX00094,ACC_M020,302574.74,0.969,35.2
TX01529,ACC_N2947,6734.99,0.203,830.3
TX06756,ACC_N1421,15378.48,0.114,814.1
TX09335,ACC_N1625,19111.98,0.385,205.3
TX05146,ACC_N2957,6246.94,0.517,1290.1
TX00784,ACC_A0085,49048.61,0.312,841.9
TX05115,ACC_N2775,5211.25,0.381,423.0
TX04369,ACC_N2651,10336.28,0.281,1026.2
TX08923,ACC_N2121,14246.92,0.275,295.7
TX08221,ACC_N3463,11619.64,0.542,610.7
TX07979,ACC_N0442,9592.91,0.556,223.3
TX06631,ACC_N0618,1597.36,0.6,624.9
TX00548,ACC_A0188,44027.44,0.39,686.0
TX00694,ACC_A0197,32623.36,0.679,602.0
TX00672,ACC_A0194,15426.84,0.386,2079.6
TX07961,ACC_N2861,15224.07,0.395,689.1
TX06781,ACC_N2072,15415.28,0.264,866.2
TX06887,ACC_N3055,899.3,0.495,697.8
TX00175,ACC_A0031,33924.11,0.444,2058.9
TX01798,ACC_N2832,13435.57,0.367,822.7
TX05047,ACC_N0034,15664.77,0.242,1009.5
TX05432,ACC_N1249,6522.52,0.392,1327.9
TX07305,ACC_N2652,8347.68,0.362,1274.6
TX09781,ACC_N1014,3982.85,0.553,1011.6
TX09083,ACC_N0496,8778.94,0.489,330.8
TX06415,ACC_N0557,15957.21,0.376,600.5
TX06937,ACC_N0404,16716.17,0.352,530.2
TX02461,ACC_N2588,10606.45,0.394,426.6
TX00038,ACC_M021,93952.45,0.978,32.0
TX00813,ACC_A0246,59556.68,0.452,1000.5
TX09674,ACC_N0462,12392.93,0.455,207.7
TX01118,ACC_A0278,53122.53,0.541,2582.2
TX03745,ACC_N2375,3196.52,0.284,836.4
TX07923,ACC_N1969,8450.93,0.364,1213.0
TX07327,ACC_N0327,1622.65,0.447,785.4
TX02250,ACC_N2550,5467.6,0.159,1379.9
TX02842,ACC_N3405,1068.81,0.176,490.0
TX01770,ACC_N1534,17360.72,0.373,455.5
TX04215,ACC_N2258,6787.77,0.397,700.9
TX04870,ACC_N2019,1370.89,0.177,521.3
TX05342,ACC_N3482,5908.26,0.575,639.7
TX04837,ACC_N2370,15108.58,0.216,594.6
TX00697,ACC_A0060,50909.52,0.523,849.8
TX08551,ACC_N1550,5262.49,0.34,460.0
TX07743,ACC_N0754,3700.88,0.561,891.2
TX09182,ACC_N1956,596.96,0.584,726.1
TX01273,ACC_N1260,18357.87,0.232,1388.9
TX04361,ACC_N2551,16345.95,0.287,775.8
TX05347,ACC_N0444,11949.09,0.527,1246.4
TX05237,ACC_N0345,10147.71,0.211,891.7
TX08304,ACC_N1608,14988.54,0.513,668.7
TX07546,ACC_N0251,7887.53,0.598,171.8
TX06862,ACC_N0801,11678.9,0.325,344.2
TX01490,ACC_N3269,16263.7,0.216,
TX03839,ACC_N2331,6907.78,0.369,1165.8
TX02298,ACC_N0465,-17458.79,0.283,1095.5
TX01893,ACC_N0525,17516.2,0.449,422.2
TX03240,ACC_N1089,19251.45,0.212,1207.9
TX09976,ACC_N0352,4708.82,0.212,1255.6
TX02163,ACC_N0222,8282.96,0.417,278.7
TX02370,ACC_N1669,13957.4,0.25,246.9
TX06852,ACC_N3067,5939.84,0.134,1030.8
TX07779,ACC_N1082,5464.88,0.345,1150.6
TX05396,ACC_N3424,14398.7,0.318,148.8
TX05665,ACC_N2136,9460.17,0.284,1361.2
TX09364,ACC_N1818,5581.66,0.19,873.1
TX01885,ACC_N2188,574.82,0.294,1033.6
TX02070,ACC_N1215,12535.78,0.137,936.7
TX06507,ACC_N1854,6160.74,0.368,773.2
TX07574,ACC_N3292,6473.72,0.13,1180.8
TX02992,ACC_N2501,9226.31,0.307,687.2
TX02215,ACC_N2151,6251.44,0.303,380.0
TX03196,ACC_N2430,10118.98,0.386,207.6
TX00122,ACC_M032,453241.08,0.991,35.7
TX09644,ACC_N2043,3757.28,0.409,773.9
TX09039,ACC_N3001,9795.88,0.106,1089.5
TX03546,ACC_N0295,13411.18,0.12,126.0
TX09686,ACC_N0816,12453.77,0.454,1197.7
TX09950,ACC_N1751,1995.11,0.409,1033.7
TX04754,ACC_N0405,13738.57,0.53,282.8
TX08733,ACC_N1088,17914.08,0.228,1215.0
TX01343,ACC_N0859,4286.18,0.225,1256.9
TX07236,ACC_N2653,12425.74,0.494,1075.3
TX06780,ACC_N0707,17617.19,0.403,438.4
TX01381,ACC_N1872,8566.73,0.442,1327.5
TX07689,ACC_N0139,5722.98,0.442,1178.0
TX03333,ACC_N3248,10318.51,0.196,801.9
TX09610,ACC_N2776,5198.71,0.216,537.7
TX08065,ACC_N1431,19860.84,0.168,901.0
TX03239,ACC_N1685,16793.03,0.277,1335.1
TX04043,ACC_N2484,17551.13,0.121,1218.7
TX05402,ACC_N0131,7009.39,0.317,662.1
TX09582,ACC_N1335,16615.09,0.525,1179.6
TX07847,ACC_N3117,11338.89,0.187,426.6
TX08411,ACC_N3274,14254.45,0.557,536.2
TX02487,ACC_N2259,15413.14,0.106,
TX06194,ACC_N0138,5493.72,0.342,1179.1
TX01169,ACC_N3110,10709.49,0.17,710.5
TX09026,ACC_N1882,4642.09,0.329,165.7
TX00658,ACC_A0398,39228.07,0.574,566.1
TX04223,ACC_N0920,19668.89,0.489,1119.3
TX05373,ACC_N3357,1796.23,0.416,1119.2
TX09148,ACC_N2157,12275.02,0.499,1022.9
TX07057,ACC_N2036,7286.59,0.328,197.1
TX06846,ACC_N1795,16534.36,0.556,329.5
TX09085,ACC_N0130,17613.96,0.147,1213.6
TX00531,ACC_A0192,49822.55,0.454,1100.0
TX09843,ACC_N2775,12679.41,0.217,391.1
TX04333,ACC_N2266,10536.06,0.352,673.8
TX04671,ACC_N2218,-7134.22,0.137,595.8
TX01270,ACC_N2969,4415.03,0.151,1364.6
TX07594,ACC_N0147,10030.26,0.491,1290.2
TX01093,ACC_A0343,34717.76,0.315,2069.1
TX08445,ACC_N1417,2745.7,0.32,593.9
TX03728,ACC_N1413,1757.76,0.385,1361.6
TX08204,ACC_N0275,13583.7,0.285,285.9
TX01701,ACC_N0112,6500.2,0.303,
TX00765,ACC_A0237,26037.85,0.402,390.3
TX08633,ACC_N1742,-19046.69,0.446,818.4
TX04712,ACC_N0331,1405.46,0.594,1418.7
TX09389,ACC_N1481,5669.28,0.276,237.0
TX06696,ACC_N0557,5731.5,0.524,1168.1
TX01641,ACC_N3483,6859.1,0.161,1018.8
TX00844,ACC_A0101,49204.23,0.63,613.5
TX05668,ACC_N3460,15795.96,0.291,170.7
TX08184,ACC_N0276,18670.6,0.154,350.0
TX00336,ACC_A0094,56982.21,0.472,2043.0
TX04498,ACC_N1245,-3398.35,0.167,1139.0
TX01417,ACC_N3043,7756.34,0.439,1322.0
TX03397,ACC_N0814,5416.81,0.288,822.5
TX05099,ACC_N0729,15916.76,0.413,132.6
TX03204,ACC_N1079,8118.52,0.385,550.7
TX04357,ACC_N2475,4071.81,0.13,482.2
TX05042,ACC_N2033,14743.12,0.59,1005.2
TX06477,ACC_N2011,3267.7,0.348,664.5
TX05051,ACC_N2828,10844.23,0.284,517.4
TX02641,ACC_N3169,19101.77,0.357,1291.5
TX08152,ACC_N3185,10941.44,0.208,211.4
TX07891,ACC_N3340,2580.92,0.221,221.6
TX07621,ACC_N2099,4025.96,0.336,438.0
TX06595,ACC_N2352,19153.13,0.334,1379.1
TX03290,ACC_N0983,9125.54,0.563,549.6
TX07485,ACC_N3337,18854.53,0.211,968.9
TX05863,ACC_N0259,18873.56,0.462,132.5
TX00786,ACC_A0173,23690.98,0.343,2139.4
TX01026,ACC_A0159,53889.73,0.524,1773.6
TX07642,ACC_N2949,14253.03,0.359,1146.6
TX05555,ACC_N0884,6538.8,0.343,337.5
TX08227,ACC_N1373,11144.26,0.159,1144.8
TX02927,ACC_N1628,3216.4,0.164,695.1
TX06490,ACC_N0578,7585.78,0.253,1245.7
TX08047,ACC_N3322,9116.04,0.546,1381.7
TX03599,ACC_N3241,18983.34,0.195,484.8
TX04392,ACC_N2679,14817.44,0.362,227.2
TX04394,ACC_N1565,17813.52,0.376,481.5
TX04940,ACC_N2196,18339.73,0.314,1126.9
TX02594,ACC_N0993,11859.41,0.309,260.8
TX02776,ACC_N1329,-18168.97,0.251,1295.0
TX03024,ACC_N0672,1580.94,0.375,757.5
TX05613,ACC_N2156,11977.43,0.417,1014.6
TX06939,ACC_N3191,15126.8,0.187,573.0
TX02691,ACC_N2918,-14806.04,0.172,1228.7
TX01272,ACC_N2542,15932.49,0.365,780.1
TX06254,ACC_N0989,12716.47,0.592,139.1
TX02872,ACC_N2737,4041.81,0.513,1030.0
TX04476,ACC_N0684,4875.2,0.513,884.3
TX00116,ACC_M055,442157.27,0.987,20.7
TX06903,ACC_N0570,-2113.33,0.218,1365.8
TX08957,ACC_N3479,16835.91,0.556,291.9
TX06959,ACC_N2415,18169.13,0.279,981.3
TX03026,ACC_N0171,11964.1,0.571,1326.8
TX00466,ACC_A0005,28481.82,0.305,1780.5
TX00195,ACC_A0181,52894.11,0.392,853.7
TX03509,ACC_N2236,10620.92,0.376,1353.9
TX09676,ACC_N3457,6672.3,0.25,696.7
TX02533,ACC_N2904,4848.69,0.514,1101.4
TX02707,ACC_N0922,3241.54,0.566,1141.5
TX03553,ACC_N1808,6096.24,0.579,1126.6
TX06003,ACC_N1709,14197.14,0.488,1341.1
TX06508,ACC_N0070,15837.6,0.448,
TX03874,ACC_N1862,7854.99,0.544,689.2
TX05973,ACC_N2759,3651.16,0.348,1316.0
TX05690,ACC_N0077,16727.73,0.139,682.9
TX04053,ACC_N1450,6018.51,0.383,734.8
TX01878,ACC_N1269,17593.97,0.171,1026.2
TX03436,ACC_N1958,4783.8,0.435,702.5
TX04397,ACC_N3128,4076.4,0.458,1010.5
TX05553,ACC_N1451,16052.08,0.474,897.8
TX00170,ACC_A0344,58558.82,0.506,1788.8
TX09080,ACC_N1246,5111.24,0.586,440.8
TX04019,ACC_N0334,5819.48,0.345,1394.8
TX08851,ACC_N3192,19189.78,0.291,
TX09878,ACC_N0846,8344.32,0.122,724.5
TX01733,ACC_N1104,5707.96,0.287,523.3
TX05486,ACC_N1312,10038.11,0.284,1136.2
TX01363,ACC_N1706,18770.09,0.161,1251.9
TX04317,ACC_N1756,763.59,0.234,488.9
TX07428,ACC_N0384,827.74,0.589,
TX02909,ACC_N1827,2520.92,0.194,1154.4
TX08069,ACC_N2939,19401.69,0.399,465.1
TX00317,ACC_A0269,29428.9,0.611,867.1
TX07341,ACC_N1257,12843.49,0.307,1032.7
TX01718,ACC_N0807,16393.91,0.554,1257.3
TX00332,ACC_A0094,19801.47,0.494,1765.7
TX03825,ACC_N2304,7720.71,0.569,753.1
TX09738,ACC_N0520,16500.95,0.433,832.4
TX05380,ACC_N0545,19127.23,0.502,165.3
TX00321,ACC_A0272,39687.14,0.65,497.1
TX00054,ACC_M015,452672.31,0.995,8.2
TX09013,ACC_N1937,13736.24,0.509,524.7
TX08640,ACC_N3352,8612.99,0.175,273.3
TX03467,ACC_N0593,19676.05,0.435,971.8
TX04941,ACC_N0574,7364.32,0.139,448.4
TX07310,ACC_N2924,19513.84,0.382,1431.7
TX00179,ACC_A0096,55641.8,0.402,1533.9
TX01837,ACC_N0095,8806.95,0.531,1037.2
TX02656,ACC_N2885,17953.99,0.427,1398.5
TX00256,ACC_A0220,48183.23,0.595,2044.4
TX02405,ACC_N2663,8639.14,0.516,391.0
TX09597,ACC_N2023,11474.51,0.169,667.9
TX02692,ACC_N2964,16880.37,0.184,432.0
TX01243,ACC_N2591,6298.55,0.297,471.2
TX04746,ACC_N0706,12833.21,0.214,700.7
TX06430,ACC_N0028,5544.29,0.482,1167.5
TX09904,ACC_N2498,10838.77,0.245,980.6
TX06435,ACC_N0108,6678.48,0.499,
TX02980,ACC_N1781,14833.01,0.216,1428.9
TX04381,ACC_N2913,17347.12,0.287,269.8
TX02066,ACC_N1020,17285.58,0.451,1146.1
TX05475,ACC_N0321,18497.14,0.121,1353.2
TX08497,ACC_N0364,2828.31,0.28,945.6
TX04035,ACC_N3497,10673.99,0.41,1137.9
TX03720,ACC_N0248,19276.39,0.368,847.6
TX04283,ACC_N3170,2838.48,0.309,724.1
TX01847,ACC_N1228,9690.51,0.379,1123.5
TX08674,ACC_N3118,5489.72,0.594,498.0
TX03148,ACC_N0398,2647.77,0.464,145.7
TX01858,ACC_N1404,7527.68,0.44,359.8
TX08088,ACC_N1142,13101.92,0.402,1343.6
TX04322,ACC_N0817,3933.61,0.232,1160.0
TX02636,ACC_N1635,19030.99,0.464,1231.4
TX01501,ACC_N1984,11998.24,0.536,341.6
TX03742,ACC_N1575,792.94,0.268,142.9
TX03774,ACC_N1127,11514.41,0.28,1193.4
TX00834,ACC_A0008,49777.03,0.513,2210.8
TX07183,ACC_N0618,3743.08,0.236,787.2
TX00207,ACC_A0271,33013.52,0.59,905.4
TX01968,ACC_N0451,11886.43,0.306,597.4
TX05379,ACC_N1105,15344.87,0.428,624.8
TX04518,ACC_N2957,17183.98,0.269,493.5
TX00631,ACC_A0391,16987.44,0.438,1362.1
TX01794,ACC_N2966,9220.42,0.543,861.9
TX07118,ACC_N2748,10144.66,0.142,919.8
TX06951,ACC_N2186,4789.99,0.229,1308.8
TX09054,ACC_N3187,5424.81,0.592,724.4
TX09580,ACC_N2533,19734.08,0.224,1040.4
TX06853,ACC_N1292,4017.56,0.42,951.1
TX00105,ACC_M005,458404.91,0.958,15.1
TX00529,ACC_A0203,52379.45,0.501,433.9
TX00438,ACC_A0385,50450.54,0.304,1724.1
TX03113,ACC_N0228,8370.7,0.498,891.3
TX02041,ACC_N1460,4002.2,0.582,534.4
TX03787,ACC_N1534,18676.52,0.301,949.7
TX02794,ACC_N3093,11853.63,0.158,1056.3
TX09210,ACC_N0954,17658.16,0.488,349.7
TX09821,ACC_N1544,11529.83,0.481,315.4
TX01084,ACC_A0044,53989.74,0.359,1795.7
TX07774,ACC_N0182,11017.9,0.286,902.1
TX00163,ACC_A0282,27090.26,0.335,2165.7
TX00062,ACC_M023,172107.06,0.985,29.3
TX07289,ACC_N1741,15837.7,0.465,491.1
TX01208,ACC_N0176,13684.05,0.531,483.0
TX08007,ACC_N1336,5554.9,0.122,465.0
TX04564,ACC_N3132,14829.59,0.273,1119.0
TX02441,ACC_N0125,4903.87,0.162,989.4
TX09053,ACC_N2567,9090.17,0.113,215.9
TX01682,ACC_N0919,6575.65,0.215,1220.3
TX01121,ACC_A0089,19901.33,0.491,857.9
TX01594,ACC_N2969,5009.96,0.196,1219.5
TX03810,ACC_N0820,6954.34,0.393,702.1
TX01822,ACC_N3318,9280.51,0.545,813.1
TX09920,ACC_N0638,2851.01,0.419,905.6
TX04859,ACC_N3396,14301.79,0.138,996.7
TX06621,ACC_N2175,7780.88,0.302,848.1
TX01031,ACC_A0015,20533.69,0.691,2490.9
TX06574,ACC_N0456,3475.2,0.265,727.4
TX09330,ACC_N3282,10198.93,0.276,1175.7
TX06572,ACC_N3088,940.79,0.452,984.4
TX06528,ACC_N1454,5351.92,0.502,715.8
TX09791,ACC_N1260,6704.37,0.217,451.3
TX09633,ACC_N1451,3606.5,0.57,1123.1
TX04546,ACC_N3330,7736.57,0.492,993.6
TX07821,ACC_N3153,2540.44,0.191,1217.0
TX03419,ACC_N0347,10233.81,0.538,422.1
TX04303,ACC_N2704,4303.57,0.291,1377.4
TX00085,ACC_M037,189942.04,0.96,33.3
TX03448,ACC_N2508,8413.34,0.556,1174.0
TX03281,ACC_N0467,4292.04,0.476,
TX06884,ACC_N1408,18199.8,0.199,609.8
TX05112,ACC_N3047,6455.94,0.579,1278.5
TX05183,ACC_N2944,19583.75,0.219,843.9
TX09363,ACC_N2686,572.46,0.332,1363.7
TX03411,ACC_N2583,19989.62,0.446,1434.8
TX09475,ACC_N2941,8363.0,0.586,951.3
TX03757,ACC_N0396,2936.65,0.432,859.6
TX08611,ACC_N0697,7965.87,0.166,1104.9
TX06170,ACC_N1504,8385.11,0.473,906.5
TX04072,ACC_N1032,13449.96,0.206,583.9
TX02645,ACC_N2705,4745.71,0.459,1199.2
TX05114,ACC_N0926,7635.43,0.206,455.1
TX09675,ACC_N0635,8431.12,0.21,149.4
TX09595,ACC_N2724,6094.62,0.191,1372.0
TX07328,ACC_N1714,15660.19,0.325,145.9
TX05362,ACC_N0461,7477.36,0.449,281.1
TX02295,ACC_N3494,1746.07,0.598,875.4
TX03954,ACC_N0793,7695.26,0.476,921.8
TX00886,ACC_A0329,47484.94,0.571,872.5
TX09636,ACC_N3050,12257.48,0.586,1103.0
TX04258,ACC_N1174,1752.93,0.322,875.0
TX07972,ACC_N2223,17458.96,0.389,303.4
TX04026,ACC_N2146,795.9,0.331,837.9
TX08070,ACC_N1933,6714.17,0.499,866.0
TX05537,ACC_N2246,3906.82,0.133,998.7
TX00663,ACC_A0187,54449.94,0.517,1802.0
TX07365,ACC_N0185,6092.52,0.413,146.4
TX09882,ACC_N0071,7829.72,0.446,473.0
TX00327,ACC_A0359,15121.99,0.446,1181.9
TX00193,ACC_A0313,50841.23,0.371,865.7
TX03008,ACC_N1774,9300.06,0.341,987.2
TX02567,ACC_N0424,7189.51,0.419,417.9
TX01167,ACC_N1985,4907.65,0.383,729.1
TX09899,ACC_N1467,1940.47,0.452,493.7
TX06676,ACC_N3119,4749.14,0.463,858.1
TX05871,ACC_N0065,17501.39,0.302,1009.6
TX02967,ACC_N2338,17268.84,0.452,742.3
TX05744,ACC_N3139,15545.98,0.322,313.4
TX05327,ACC_N2565,7554.52,0.168,132.1
TX09031,ACC_N3067,13647.51,0.367,689.7
TX02604,ACC_N1848,10746.18,0.22,641.1
TX05645,ACC_N0927,18135.83,0.495,267.2
TX07695,ACC_N1517,11280.19,0.529,457.0
TX09050,ACC_N1398,16247.33,0.518,172.7
TX02694,ACC_N1713,2192.27,0.165,1047.3
TX03655,ACC_N0653,16079.5,0.244,146.7
TX00009,ACC_M003,320501.76,0.962,36.0
TX06497,ACC_N1848,3535.67,0.15,914.2
TX08124,ACC_N2715,19203.05,0.479,987.6
TX09099,ACC_N3131,17635.63,0.104,1345.0
TX04614,ACC_N0161,13866.09,0.346,574.4
TX02128,ACC_N1258,9280.4,0.447,536.6
TX04643,ACC_N1703,6185.97,0.571,991.4
TX07028,ACC_N1017,12366.43,0.469,1396.3
TX06511,ACC_N2903,8182.76,0.23,651.2
TX07025,ACC_N2154,10970.0,0.315,712.8
TX04007,ACC_N0705,10362.57,0.396,494.7
TX05657,ACC_N1655,15918.71,0.165,206.4
TX04654,ACC_N2530,14520.32,0.297,1435.0
TX06325,ACC_N0930,4178.1,0.207,502.6
TX09946,ACC_N3454,3848.76,0.538,1114.5
TX09098,ACC_N3432,5027.6,0.258,999.1
TX03772,ACC_N1753,19179.29,0.585,912.7
TX05952,ACC_N2627,16796.57,0.378,1430.6
TX09671,ACC_N2139,14984.14,0.22,422.0
TX05520,ACC_N1445,19860.2,0.349,1348.2
TX08935,ACC_N1335,5298.93,0.241,1337.9
TX05533,ACC_N0018,6634.34,0.593,1388.1
TX07618,ACC_N2459,17947.61,0.266,661.1
TX08630,ACC_N0024,1350.1,0.475,340.0
TX03458,ACC_N0526,5145.08,0.176,1088.4
TX05814,ACC_N2191,13225.96,0.332,982.7
TX00393,ACC_A0227,36886.09,0.677,1483.2
TX04057,ACC_N3294,15242.08,0.268,1196.5
TX09556,ACC_N0238,10048.06,0.183,616.0
TX00889,ACC_A0070,57869.19,0.615,2186.8
TX09268,ACC_N0264,6135.62,0.117,999.9
TX09824,ACC_N1780,13246.81,0.326,1004.9
TX06160,ACC_N1712,4517.46,0.558,1285.6
TX07339,ACC_N2995,3058.7,0.48,794.8
TX00776,ACC_A0334,35946.15,0.377,1590.2
TX08167,ACC_N0320,16479.87,0.494,1421.5
TX03272,ACC_N0274,763.52,0.303,559.7
TX09288,ACC_N0015,659.91,0.274,1012.0
TX03245,ACC_N0914,11053.47,0.471,1319.8
TX03842,ACC_N2668,4022.42,0.478,921.9
TX03977,ACC_N2482,3751.9,0.32,827.8
TX06779,ACC_N0494,6221.22,0.115,457.8
TX01366,ACC_N0291,15256.78,0.258,857.6
TX01767,ACC_N3342,904.78,0.537,453.8
TX01357,ACC_N0068,10735.55,0.105,450.8
TX04966,ACC_N1187,6418.18,0.245,1071.7
TX05915,ACC_N0724,5921.95,0.377,
TX03353,ACC_N2844,5689.11,0.497,685.9
TX03141,ACC_N3456,695.2,0.257,378.7
TX07391,ACC_N1923,7249.16,0.311,365.4
TX01197,ACC_N2429,7077.41,0.528,598.3
TX01251,ACC_N2101,7591.08,0.439,1107.5
TX07551,ACC_N0896,3640.4,0.282,300.5
TX01980,ACC_N2705,6086.24,0.266,1171.0
TX06232,ACC_N0239,11548.0,0.282,885.8
TX03770,ACC_N0277,15873.79,0.201,1103.8
TX03349,ACC_N0619,17895.15,0.599,900.0
TX04866,ACC_N1005,6828.81,0.224,275.7
TX04012,ACC_N3276,15807.63,0.162,731.5
TX02704,ACC_N1962,3857.85,0.167,1093.8
TX00023,ACC_M028,181465.09,0.976,30.0
TX03468,ACC_N0713,16901.59,0.169,1267.3
TX02848,ACC_N1566,14190.61,0.387,136.7
TX05243,ACC_N1581,3251.64,0.265,1286.2
TX09515,ACC_N3408,14804.39,0.537,1016.1
TX02148,ACC_N1516,19550.83,0.195,
TX01105,ACC_A0083,32118.89,0.497,2112.8
TX09507,ACC_N0044,12526.39,0.155,806.1
TX08824,ACC_N1811,5823.73,0.117,436.9
TX05913,ACC_N1249,19748.11,0.559,748.9
TX05512,ACC_N3174,16150.01,0.319,377.1
TX06002,ACC_N1402,11753.88,0.558,607.6
TX05735,ACC_N3162,18198.52,0.509,477.4
TX02526,ACC_N3151,9016.78,0.463,759.4
TX04725,ACC_N2817,783.42,0.544,1430.7
TX00992,ACC_A0374,19382.7,0.331,2419.9
TX07102,ACC_N0469,-16633.99,0.211,272.1
TX05085,ACC_N0185,15980.92,0.585,1259.9
TX06409,ACC_N0385,19457.25,0.355,1041.3
TX03631,ACC_N1071,1920.48,0.364,898.4
TX01302,ACC_N3486,4191.03,0.311,478.6
TX01279,ACC_N1080,19761.12,0.372,984.7
TX00801,ACC_A0187,48916.45,0.463,1443.7
TX03899,ACC_N3020,1542.44,0.297,249.2
TX03692,ACC_N2608,837.12,0.341,364.4
TX08809,ACC_N3219,10771.58,0.413,1192.5
TX05391,ACC_N1239,5732.63,0.281,1332.7
TX01838,ACC_N0540,19370.99,0.299,614.9
TX02309,ACC_N0601,12398.82,0.454,278.8
TX08581,ACC_N1252,18611.68,0.466,941.2
TX05120,ACC_N2716,14277.72,0.118,1193.5
TX02269,ACC_N1076,11584.42,0.485,1376.0
TX07691,ACC_N2260,3728.05,0.236,214.4
TX08437,ACC_N0505,3511.09,0.352,1288.8
TX06137,ACC_N0493,1090.72,0.224,1030.0
TX04024,ACC_N0828,8377.54,0.222,356.5
TX06726,ACC_N1773,537.67,0.475,758.7
TX02263,ACC_N3358,18748.61,0.586,1128.5
TX04638,ACC_N2172,19498.95,0.237,1107.4
TX05450,ACC_N1059,1193.85,0.232,1419.1
TX07982,ACC_N2181,4272.78,0.157,1022.3
TX03812,ACC_N2702,6542.38,0.161,1422.1
TX04125,ACC_N0234,14872.74,0.528,1201.2
TX03056,ACC_N1957,10040.95,0.211,330.0
TX00512,ACC_A0112,21348.68,0.597,1630.4
TX07872,ACC_N1256,13127.92,0.256,866.7
TX00285,ACC_A0190,53286.79,0.459,624.4
TX07018,ACC_N1396,9582.52,0.347,413.8
TX09673,ACC_N3102,1474.66,0.147,934.8
TX03669,ACC_N0442,8424.92,0.314,676.0
TX07005,ACC_N0900,10624.92,0.305,822.2
TX02363,ACC_N2544,5618.46,0.188,777.7
TX06091,ACC_N1547,14523.97,0.178,581.8
TX03660,ACC_N0940,9904.68,0.286,407.3
TX03335,ACC_N2397,18360.73,0.517,223.4
TX06201,ACC_N1724,3504.2,0.556,351.0
TX00205,ACC_A0399,35705.36,0.477,1657.8
TX08485,ACC_N3189,8362.97,0.272,511.2
TX04833,ACC_N1390,19696.62,0.304,
TX02867,ACC_N2694,18024.02,0.346,1367.2
TX05597,ACC_N0954,17944.66,0.537,1138.1
TX07927,ACC_N0590,15011.33,0.448,605.0
TX06204,ACC_N2398,2966.37,0.295,427.7
TX05757,ACC_N2054,10429.84,0.174,701.0
TX00042,ACC_M011,272829.61,0.995,21.8
TX08173,ACC_N2883,2837.92,0.587,265.5
TX02395,ACC_N0773,17073.96,0.216,604.1
TX04396,ACC_N3137,4714.46,0.554,313.2
TX08679,ACC_N0582,7986.81,0.247,1058.8
TX08864,ACC_N0745,16448.59,0.523,811.5
TX07537,ACC_N1586,9467.1,0.165,1194.5
TX02355,ACC_N1866,13259.76,0.333,1157.2
TX05710,ACC_N2088,1100.12,0.52,375.5
TX06671,ACC_N1541,19333.86,0.378,442.1
TX02326,ACC_N2872,1651.48,0.579,424.5
TX03557,ACC_N2337,14054.84,0.39,612.9
TX07033,ACC_N1647,14986.72,0.318,1400.1
TX07948,ACC_N0082,6354.4,0.501,549.7
TX05774,ACC_N3354,3529.19,0.122,1394.2
TX07706,ACC_N2980,12420.69,0.226,1436.2
TX08690,ACC_N2486,19491.74,0.442,314.7
TX09918,ACC_N0349,6581.86,0.481,599.6
TX08259,ACC_N2267,17136.33,0.523,848.7
TX00077,ACC_M028,397071.66,0.999,38.2
TX02775,ACC_N1787,14324.8,0.321,208.4
TX03835,ACC_N0595,5647.52,0.443,206.7
TX04792,ACC_N1786,4092.29,0.578,555.9
TX02561,ACC_N2343,13405.31,0.593,843.8
TX06819,ACC_N0343,16850.77,0.368,600.3
TX06150,ACC_N0010,9459.92,0.118,335.8
TX07198,ACC_N3315,13129.55,0.332,414.3
TX05706,ACC_N0399,3626.25,0.225,959.3
TX05622,ACC_N3395,17991.38,0.364,1081.7
TX02491,ACC_N2850,16563.05,0.148,186.8
TX03075,ACC_N1004,11873.89,0.221,812.5
TX00745,ACC_A0087,26369.21,0.699,1260.3
TX01068,ACC_A0187,25986.63,0.394,2448.7
TX01103,ACC_A0355,42442.43,0.337,544.9
TX06416,ACC_N3135,17807.47,0.506,154.5
TX01284,ACC_N2487,9655.61,0.394,807.4
TX04270,ACC_N2907,1903.63,0.176,1314.7
TX01327,ACC_N0929,15860.97,0.522,603.8
TX01089,ACC_A0261,19909.93,0.537,364.4
TX05581,ACC_N1452,19632.06,0.289,371.6
TX04063,ACC_N1406,13257.48,0.568,310.6
TX01895,ACC_N0146,10004.0,0.563,170.5
TX03325,ACC_N2249,4576.63,0.16,1183.8
TX09291,ACC_N1210,5815.59,0.251,597.4
TX01303,ACC_N1790,9456.96,0.297,1266.6
TX07915,ACC_N2491,7326.39,0.209,463.9
TX05715,ACC_N0247,14303.67,0.524,811.9
TX07836,ACC_N2107,14675.6,0.443,1198.9
TX03094,ACC_N2341,11968.46,0.173,541.1
TX05577,ACC_N2040,8759.04,0.28,789.4
TX08771,ACC_N3153,10784.34,0.11,295.2
TX09762,ACC_N1643,5872.41,0.177,1218.4
TX09956,ACC_N1047,11092.61,0.198,1238.3
TX07746,ACC_N0927,6586.33,0.418,292.4
TX03322,ACC_N2107,19122.95,0.598,1239.5
TX03837,ACC_N3325,14790.35,0.216,299.7
TX03465,ACC_N0841,19277.68,0.325,311.3
TX03991,ACC_N2535,1987.9,0.31,795.8
TX08927,ACC_N2276,3175.69,0.101,311.7
TX06176,ACC_N1853,11319.9,0.222,741.9
TX09209,ACC_N1625,3101.23,0.158,621.1
TX00148,ACC_M038,276205.56,0.961,34.1
TX01267,ACC_N2779,6722.91,0.25,235.0
TX07667,ACC_N1625,1471.25,0.469,122.5
TX03637,ACC_N2740,17529.56,0.454,513.5
TX05964,ACC_N0285,11474.85,0.539,1105.3
TX05087,ACC_N2617,13743.59,0.154,819.0
TX06273,ACC_N0318,17673.04,0.54,482.7
TX07958,ACC_N0959,3911.45,0.493,1025.8
TX09442,ACC_N2358,8900.94,0.297,1009.5
TX04134,ACC_N1736,5880.6,0.119,1246.8
TX02123,ACC_N3142,7773.5,0.462,857.5
TX00349,ACC_A0180,25606.13,0.562,2032.8
TX09719,ACC_N3482,14672.96,0.293,327.8
TX07259,ACC_N0335,7403.38,0.105,1174.4
TX05946,ACC_N2021,15314.57,0.472,192.1
TX05963,ACC_N1134,7791.59,0.413,921.7
TX02364,ACC_N3258,11833.7,0.357,578.3
TX01674,ACC_N0227,17138.23,0.117,1396.7
TX02670,ACC_N0601,5549.75,0.385,122.6
TX08119,ACC_N1587,5172.1,0.153,1296.2
TX02462,ACC_N0986,14583.21,0.46,819.7
TX02791,ACC_N0662,-15180.53,0.126,984.3
TX06826,ACC_N2095,7646.62,0.146,1005.7
TX01067,ACC_A0123,15788.22,0.571,2748.9
TX02264,ACC_N0985,9412.66,0.333,269.7
TX08441,ACC_N1016,8439.26,0.36,417.5
TX02601,ACC_N1063,18982.02,0.556,712.3
TX01177,ACC_N2011,9746.2,0.177,441.4
TX08491,ACC_N3285,7065.14,0.383,1164.1
TX01217,ACC_N2774,9601.2,0.512,671.8
TX05918,ACC_N2143,15356.8,0.162,176.7
TX07387,ACC_N1536,9855.54,0.243,503.3
TX08901,ACC_N2897,15547.47,0.11,1286.4
TX06472,ACC_N2329,995.7,0.574,
TX09622,ACC_N2909,18522.23,0.171,757.3
TX00491,ACC_A0387,51033.74,0.437,2268.8
TX01963,ACC_N1020,16921.08,0.168,662.2
TX01229,ACC_N3316,12472.6,0.34,1129.7
TX07843,ACC_N1614,8399.49,0.221,400.1
TX01658,ACC_N3085,3846.13,0.562,769.0
TX04831,ACC_N0291,4067.24,0.328,1271.0
TX03174,ACC_N0081,15884.43,0.175,348.3
TX03244,ACC_N2734,17064.66,0.456,401.8
TX02092,ACC_N3129,1745.66,0.404,250.9
TX09327,ACC_N0621,5414.11,0.232,278.1
TX05603,ACC_N3011,10345.06,0.505,330.1
TX00555,ACC_A0205,38834.78,0.429,993.6
TX01349,ACC_N3240,19894.35,0.204,582.6
TX01289,ACC_N3486,3408.25,0.495,1045.1
TX08836,ACC_N3298,9360.99,0.599,707.6
TX04653,ACC_N2170,-12605.97,0.336,862.3
TX09076,ACC_N0314,15578.89,0.144,290.2
TX04294,ACC_N2754,2408.21,0.225,1151.8
TX00423,ACC_A0308,19691.11,0.677,2795.0
TX04352,ACC_N0534,17949.95,0.453,1269.4
TX00465,ACC_A0152,23300.83,0.498,1296.7
TX04262,ACC_N0505,13237.15,0.589,233.6
TX01835,ACC_N1387,11262.76,0.151,1166.5
TX09564,ACC_N1735,-16132.33,0.216,239.0
TX06910,ACC_N1206,2281.4,0.335,823.4
TX02406,ACC_N2635,6538.54,0.12,1051.0
TX03560,ACC_N1462,8111.35,0.117,198.8
TX09910,ACC_N0359,2654.43,0.183,1145.9
TX08785,ACC_N2067,2302.25,0.137,741.8
TX09384,ACC_N3380,13965.5,0.159,819.6
TX05568,ACC_N0311,16553.74,0.309,1056.7
TX09631,ACC_N2277,2596.22,0.155,1298.9
TX09293,ACC_N1007,14161.97,0.353,211.6
TX02454,ACC_N2855,10863.85,0.346,745.9
TX02667,ACC_N2884,1581.18,0.584,764.2
TX04935,ACC_N0077,5063.1,0.305,1169.5
TX01550,ACC_N2916,3461.78,0.201,869.4
TX06310,ACC_N0314,5397.59,0.335,1382.2
TX02581,ACC_N3201,18784.4,0.526,246.7
TX04934,ACC_N0001,18748.4,0.455,736.0
TX06999,ACC_N0162,18754.89,0.205,420.7
TX06773,ACC_N3171,12078.14,0.302,614.2
TX04739,ACC_N3152,18512.99,0.275,1011.1
TX07319,ACC_N1638,9671.77,0.499,767.1
TX05212,ACC_N2902,13522.22,0.423,1347.3
TX07628,ACC_N2818,10493.26,0.228,1144.3
TX09831,ACC_N3117,8299.22,0.541,805.5
TX00288,ACC_A0127,17504.41,0.57,434.7
TX01913,ACC_N0302,11119.61,0.473,790.9
TX09866,ACC_N2492,4333.72,0.596,762.5
TX07876,ACC_N0145,8955.32,0.271,1416.3
TX01020,ACC_A0060,42249.22,0.538,2630.0
TX08969,ACC_N3387,2156.91,0.214,731.4
TX00052,ACC_M049,398809.77,0.954,38.7
TX01286,ACC_N0747,19914.94,0.43,495.5
TX06655,ACC_N1814,5858.41,0.258,
TX08914,ACC_N1184,3154.66,0.437,1160.5
TX04244,ACC_N0979,19855.66,0.204,1244.1
TX00859,ACC_A0064,21914.61,0.472,2548.4
TX00641,ACC_A0163,33979.32,0.631,486.0
TX06030,ACC_N3402,3971.4,0.238,482.1
TX06464,ACC_N1867,9562.13,0.436,1159.4
TX00318,ACC_A0229,41724.74,0.349,639.3
TX09090,ACC_N1567,10600.32,0.31,235.1
TX00717,ACC_A0202,51034.64,0.378,1143.8
TX03591,ACC_N0228,6073.91,0.541,183.6
TX03494,ACC_N0778,7509.56,0.209,574.0
TX03830,ACC_N1873,4412.33,0.357,1112.4
TX01241,ACC_N1582,2668.57,0.185,945.5
TX03225,ACC_N1332,17715.05,0.323,977.5
TX05993,ACC_N1364,7677.67,0.11,1014.3
TX07988,ACC_N1891,1897.75,0.411,1135.3
TX04426,ACC_N0085,16988.25,0.531,472.1
TX02592,ACC_N0690,12821.66,0.503,1206.8
TX04210,ACC_N2712,16596.44,0.451,1412.9
TX02294,ACC_N1011,7476.22,0.12,1025.2
TX04192,ACC_N3209,11154.61,0.421,421.4
TX02090,ACC_N0029,11172.83,0.425,827.0
TX07483,ACC_N0107,17295.08,0.494,667.2
TX09267,ACC_N2580,6501.96,0.122,913.2
TX09207,ACC_N1233,2353.77,0.173,812.7
TX02436,ACC_N3172,4065.86,0.505,324.9
TX00007,ACC_M019,76137.63,0.984,
TX03976,ACC_N1778,802.22,0.296,797.3
TX07053,ACC_N1288,1730.35,0.523,476.2
TX02803,ACC_N3213,14441.58,0.438,836.0
TX08257,ACC_N0423,9764.31,0.525,784.5
TX08469,ACC_N0616,17653.77,0.216,1308.9
TX02151,ACC_N0322,10018.29,0.397,764.1
TX05091,ACC_N0569,2603.14,0.513,1130.6
TX03172,ACC_N0631,9931.97,0.326,232.9
TX04315,ACC_N0394,11355.3,0.392,120.6
TX01903,ACC_N0300,6335.02,0.565,140.8
TX03064,ACC_N1078,13824.86,0.309,1413.8
TX00544,ACC_A0059,48375.91,0.65,1346.8
TX09792,ACC_N3395,3402.71,0.152,175.0
TX09954,ACC_N1596,6558.04,0.514,1180.8
TX02754,ACC_N1260,16207.17,0.223,1060.3
TX01083,ACC_A0015,29315.02,0.592,409.2
TX08292,ACC_N1706,3392.78,0.118,639.7
TX06281,ACC_N0677,10113.86,0.582,648.6
TX02127,ACC_N2537,19912.46,0.468,365.8
TX02663,ACC_N2203,3725.69,0.477,1107.0
TX05409,ACC_N3030,-5571.22,0.2,1079.5
TX00496,ACC_A0214,39827.52,0.342,
TX00985,ACC_A0381,42083.49,0.386,2430.9
TX01561,ACC_N1457,6608.7,0.413,549.4
TX03944,ACC_N1473,3083.14,0.191,1417.4
TX03928,ACC_N2949,18695.01,0.432,630.1
TX08678,ACC_N0360,11440.53,0.396,1222.7
TX06048,ACC_N0182,15081.0,0.364,683.5
TX05220,ACC_N0617,19923.73,0.408,955.2
TX07796,ACC_N1933,4393.15,0.177,663.6
TX03896,ACC_N1886,13254.51,0.156,535.2
TX00713,ACC_A0271,32284.08,0.603,853.8
TX00660,ACC_A0239,48203.51,0.692,2825.7
TX02722,ACC_N1598,10040.16,0.191,1297.9
TX03741,ACC_N1725,3559.89,0.459,
TX01530,ACC_N1641,1613.78,0.136,1198.6
TX06730,ACC_N0042,7430.41,0.332,1203.3
TX08825,ACC_N1825,12715.76,0.314,517.3
TX05030,ACC_N0450,3486.13,0.125,638.9
TX04136,ACC_N0942,16448.09,0.153,1176.4
TX06358,ACC_N2291,2337.69,0.489,217.3
TX08623,ACC_N2992,9390.53,0.54,1219.8
TX06414,ACC_N2928,3442.86,0.415,214.6
TX02957,ACC_N2255,18112.22,0.424,566.7
TX01182,ACC_N3473,10702.65,0.144,286.3
TX08910,ACC_N0759,7716.13,0.44,1098.4
TX00911,ACC_A0106,46193.73,0.515,2217.2
TX06822,ACC_N2861,9924.57,0.233,1141.1
TX04781,ACC_N1141,11939.6,0.409,1336.5
TX04428,ACC_N2489,1282.43,0.257,1383.3
TX06900,ACC_N0164,8029.66,0.323,
TX06261,ACC_N0507,12783.45,0.37,942.6
TX05281,ACC_N1202,7937.6,0.186,403.6
TX08010,ACC_N2212,9492.26,0.547,
TX04462,ACC_N0432,10320.59,0.475,422.7
TX09229,ACC_N3405,14938.84,0.599,995.5
TX03925,ACC_N0065,10424.36,0.391,810.2
TX05275,ACC_N0814,12520.99,0.135,164.7
TX08426,ACC_N1436,11356.01,0.265,358.1
TX09122,ACC_N1240,10628.88,0.182,1327.3
TX00863,ACC_A0285,50855.9,0.564,825.5
TX06044,ACC_N2381,18702.1,0.345,360.4
TX06058,ACC_N0598,-12227.51,0.149,858.1
TX08003,ACC_N1733,10833.26,0.235,856.3
TX06370,ACC_N0669,745.6,0.442,1292.7
TX01437,ACC_N1502,8477.16,0.437,125.3
TX00019,ACC_M039,244375.26,0.952,7.9
TX02366,ACC_N1062,2926.23,0.545,1226.1
TX03543,ACC_N1976,7836.47,0.432,762.2
TX05476,ACC_N3199,17739.47,0.472,1047.6
TX08104,ACC_N0181,7608.57,0.271,1089.9
TX06893,ACC_N1750,13894.28,0.533,534.5
TX02739,ACC_N3279,15931.58,0.322,542.7
TX02434,ACC_N0669,745.63,0.118,1008.3
TX09957,ACC_N2551,-16730.5,0.497,664.6
TX00153,ACC_A0056,49068.65,0.509,1932.9
TX00638,ACC_A0239,47896.07,0.351,516.5
TX02789,ACC_N3488,19682.83,0.141,971.0
TX00810,ACC_A0188,17606.42,0.3,2328.8
TX05131,ACC_N2377,880.3,0.435,677.9
TX02401,ACC_N2814,5926.22,0.369,459.7
TX06451,ACC_N1809,2105.81,0.249,547.6
TX08561,ACC_N2214,5683.09,0.231,479.1
TX08297,ACC_N3242,13932.61,0.308,559.2
TX03023,ACC_N2930,-7102.92,0.239,743.6
TX02418,ACC_N2132,15326.4,0.316,1166.3
TX03036,ACC_N3042,2572.19,0.394,1099.2
TX04680,ACC_N0828,1579.32,0.178,821.5
TX05891,ACC_N0442,615.6,0.504,765.5
TX06770,ACC_N2739,8869.22,0.317,1363.0
TX01257,ACC_N2917,13728.64,0.27,1135.4
TX03517,ACC_N2054,9932.42,0.349,1285.3
TX08325,ACC_N2319,1225.02,0.402,1105.6
TX08461,ACC_N3011,19320.24,0.399,289.5
TX08600,ACC_N2652,938.6,0.217,703.7
TX01614,ACC_N1708,12947.84,0.564,329.3
TX07003,ACC_N2158,15514.85,0.15,159.6
TX06186,ACC_N0908,10887.88,0.449,352.2
TX05879,ACC_N0196,880.69,0.383,1237.3
TX04328,ACC_N2255,8106.68,0.546,1072.0
TX03383,ACC_N0367,14837.4,0.469,636.8
TX05753,ACC_N0849,4106.06,0.125,181.6
TX06921,ACC_N1988,-6710.15,0.414,1218.7
TX07939,ACC_N1592,18492.29,0.44,1033.7
TX00045,ACC_M035,166450.99,0.967,18.5
TX01654,ACC_N2391,4819.59,0.231,1098.5
TX03989,ACC_N0786,14158.87,0.515,926.3
TX05080,ACC_N1953,6954.82,0.255,1016.5
TX04775,ACC_N0358,5164.85,0.115,189.6
TX05168,ACC_N0637,2662.94,0.377,682.8
TX05504,ACC_N2459,14815.12,0.461,410.9
TX04635,ACC_N1309,15415.14,0.161,343.8
TX04842,ACC_N1887,8996.82,0.338,1194.9
TX00047,ACC_M020,190269.98,0.986,28.9
TX01866,ACC_N0668,8246.79,0.389,727.0
TX06425,ACC_N2056,1979.11,0.249,278.2
TX01063,ACC_A0294,26488.79,0.631,2521.5
TX08350,ACC_N2720,7320.56,0.254,399.2
TX04479,ACC_N2125,-15508.02,0.475,761.6
TX02998,ACC_N1725,14086.72,0.137,725.4
TX00457,ACC_A0250,24904.37,0.338,1939.4
TX03472,ACC_N1165,11412.53,0.207,1379.6
TX07411,ACC_N0965,5480.5,0.142,1409.0
TX05260,ACC_N1132,16809.49,0.173,1384.8
TX07349,ACC_N1514,7255.44,0.116,1241.6
TX05072,ACC_N1334,8844.34,0.34,416.6
TX07975,ACC_N2868,2295.9,0.159,1376.3
TX00035,ACC_M032,484534.41,0.963,3.0
TX04025,ACC_N2656,9472.29,0.578,526.7
TX01232,ACC_N2400,8240.49,0.198,955.7
TX07575,ACC_N0757,13490.76,0.463,960.8
TX02430,ACC_N0614,5721.95,0.11,574.8
TX02621,ACC_N0973,6463.36,0.553,764.0
TX08495,ACC_N1502,4401.3,0.233,490.5
TX00757,ACC_A0175,55793.12,0.419,2288.5
TX03215,ACC_N0061,11358.35,0.149,574.0
TX04742,ACC_N1480,12795.91,0.424,383.1
TX07357,ACC_N1871,16282.19,0.424,269.8
TX01396,ACC_N1304,11960.09,0.276,294.1
TX01672,ACC_N3463,16443.66,0.399,1091.8
TX01252,ACC_N0402,2422.59,0.277,769.6
TX04641,ACC_N0053,18718.26,0.361,
TX08443,ACC_N2024,15779.34,0.245,1232.3
TX08401,ACC_N3348,17794.68,0.475,670.8
TX02853,ACC_N2504,17444.7,0.194,1439.7
TX04165,ACC_N0234,14819.04,0.598,921.8
TX08536,ACC_N3325,10650.28,0.322,1303.4
TX09869,ACC_N0537,18217.91,0.414,
TX05221,ACC_N3050,2515.87,0.328,1317.8
TX08487,ACC_N1666,10391.13,0.236,1133.3
TX01578,ACC_N3126,5714.6,0.467,1395.5
TX09816,ACC_N2641,16147.16,0.282,364.2
TX02314,ACC_N3171,13922.6,0.371,1207.1
TX06868,ACC_N0234,8519.42,0.406,755.0
TX02585,ACC_N2268,7011.1,0.483,1294.3
TX03461,ACC_N0538,17880.62,0.111,331.1
TX02445,ACC_N1044,3172.53,0.369,726.8
TX09915,ACC_N0318,12265.23,0.228,639.2
TX04274,ACC_N2256,8346.67,0.489,
TX01035,ACC_A0340,25111.55,0.384,1105.5
TX09030,ACC_N0906,1119.89,0.475,1383.8
TX02884,ACC_N2998,12806.78,0.342,1296.4
TX09337,ACC_N2537,19053.54,0.226,291.7
TX05550,ACC_N3271,16190.51,0.227,202.9
TX04335,ACC_N0756,14034.41,0.449,497.1
TX00141,ACC_M055,483101.28,0.952,4.7
TX01699,ACC_N3499,5020.91,0.586,548.3
TX02313,ACC_N3098,10915.72,0.217,1249.5
TX00346,ACC_A0364,50979.17,0.393,1856.5
TX04485,ACC_N1443,6829.87,0.102,537.7
TX06119,ACC_N0686,-12996.66,0.566,1070.8
TX02482,ACC_N0532,18044.99,0.478,446.5
TX00524,ACC_A0242,43114.26,0.603,817.4
TX04151,ACC_N1169,9691.65,0.511,410.1
TX04719,ACC_N2187,10628.25,0.308,347.9
TX08055,ACC_N1108,13928.23,0.386,956.0
TX04402,ACC_N2263,17285.81,0.59,1356.8
TX02162,ACC_N1839,-6550.99,0.155,124.3
TX03814,ACC_N1847,8324.43,0.106,667.6
TX04772,ACC_N3330,5328.53,0.443,1106.6
TX08918,ACC_N1193,2792.29,0.454,396.2
TX07249,ACC_N3254,13510.66,0.571,529.4
TX02023,ACC_N0269,16199.78,0.446,1376.4
TX05299,ACC_N3352,11542.77,0.101,635.1
TX01459,ACC_N0340,4317.23,0.592,633.9
TX04435,ACC_N1842,6182.6,0.575,1297.2
TX02045,ACC_N1504,15768.5,0.112,442.3
TX04734,ACC_N0226,13136.62,0.437,866.1
TX04214,ACC_N0662,3797.93,0.364,613.3
TX09015,ACC_N0016,2609.63,0.375,667.4
TX05593,ACC_N3406,5562.41,0.395,1036.4
TX09639,ACC_N0174,17334.42,0.117,695.3
TX06973,ACC_N2475,7686.09,0.226,1208.7
TX01447,ACC_N1828,4376.87,0.426,577.3
TX04000,ACC_N3152,17336.89,0.274,1409.4
TX08502,ACC_N0950,13083.95,0.425,460.9
TX01800,ACC_N0535,8329.2,0.242,822.0
TX06737,ACC_N3199,5791.5,0.122,1402.8
TX06512,ACC_N1082,8619.65,0.255,702.5
TX08244,ACC_N3397,15428.19,0.571,277.4
TX07875,ACC_N0103,4010.35,0.313,836.6
TX02640,ACC_N0042,1143.73,0.313,796.2
TX05184,ACC_N2356,14668.79,0.227,468.8
TX04509,ACC_N1800,15093.92,0.181,1436.5
TX07830,ACC_N1974,16426.97,0.475,1342.3
TX07336,ACC_N2568,19426.7,0.12,1315.4
TX02195,ACC_N2202,7109.42,0.321,596.1
TX01306,ACC_N2288,16789.76,0.253,880.0
TX07490,ACC_N1554,16619.52,0.356,742.5
TX03678,ACC_N2529,4756.33,0.193,
TX01622,ACC_N0147,13694.57,0.565,622.5
TX03176,ACC_N3260,17830.67,0.155,781.9
TX00158,ACC_A0049,27362.93,0.418,2387.7
TX07916,ACC_N2674,5580.84,0.134,608.8
TX05067,ACC_N0607,15378.36,0.539,960.6
TX03698,ACC_N2350,8624.4,0.417,711.2
TX05829,ACC_N0760,16571.51,0.335,1233.8
TX06983,ACC_N2551,8871.77,0.112,1023.5
TX04886,ACC_N1144,9006.77,0.203,424.4
TX00580,ACC_A0182,18071.24,0.599,2016.1
TX09460,ACC_N2775,18374.21,0.551,1282.2
TX00405,ACC_A0273,-34061.86,0.656,1942.3
TX00522,ACC_A0192,46677.58,0.304,1234.4
TX00219,ACC_A0333,30642.86,0.447,1000.6
TX09616,ACC_N2762,1855.67,0.199,1034.2
TX08475,ACC_N1260,12613.4,0.195,718.6
TX08039,ACC_N0654,9152.45,0.56,939.7
TX03420,ACC_N1082,12211.83,0.18,325.8
TX07655,ACC_N1140,19841.92,0.155,217.6
TX08973,ACC_N2660,10754.07,0.315,1308.2
TX08375,ACC_N0992,-6290.43,0.402,155.1
TX03039,ACC_N3401,9223.34,0.225,1035.6
TX05441,ACC_N1269,13703.57,0.572,1024.3
TX07012,ACC_N2732,7671.85,0.316,1094.3
TX01512,ACC_N0514,8055.3,0.485,759.0
TX08582,ACC_N2166,6486.5,0.12,161.7
TX08248,ACC_N3027,17905.72,0.267,430.2
TX02584,ACC_N0095,13597.37,0.118,138.9
TX01016,ACC_A0226,57686.25,0.452,2396.8
TX01939,ACC_N2029,12556.67,0.206,180.7
TX03324,ACC_N1795,-6568.3,0.373,498.4
TX03484,ACC_N2761,10973.13,0.491,370.0
TX04629,ACC_N0733,6673.66,0.33,621.1
TX05116,ACC_N2213,13607.91,0.369,1261.0
TX04841,ACC_N0711,801.22,0.502,1420.9
TX08056,ACC_N0996,14962.39,0.241,688.3
TX05270,ACC_N0268,11931.06,0.283,636.9
TX05742,ACC_N2699,2665.73,0.576,
TX06663,ACC_N1851,2732.87,0.124,1319.8
TX03512,ACC_N2423,13603.53,0.299,564.7
TX02026,ACC_N1595,17921.39,0.391,219.6
TX06830,ACC_N1667,14703.53,0.592,323.6
TX07924,ACC_N1386,16705.21,0.115,1393.1
TX01248,ACC_N3218,-14114.87,0.114,868.1
TX03318,ACC_N2801,3401.77,0.304,798.1
TX01917,ACC_N2638,890.45,0.104,1283.3
TX06433,ACC_N2515,6006.74,0.479,805.7
TX01192,ACC_N3323,1955.45,0.235,239.0
TX01225,ACC_N3035,17516.77,0.116,842.3
TX08972,ACC_N2210,18135.35,0.566,552.2
TX06057,ACC_N2876,2490.46,0.191,149.6
TX04267,ACC_N0404,6212.04,0.193,849.7
TX06526,ACC_N0722,16854.6,0.396,344.3
TX01410,ACC_N0505,14923.82,0.426,898.6
TX05833,ACC_N0793,9314.85,0.54,599.7
TX08205,ACC_N1935,876.71,0.382,1050.5
TX08431,ACC_N0651,13825.06,0.544,1370.1
TX04665,ACC_N3133,14369.68,0.362,1173.3
TX03889,ACC_N3439,17618.02,0.555,672.4
TX06608,ACC_N0887,2322.62,0.231,529.5
TX02509,ACC_N0119,14974.83,0.481,591.1
TX05820,ACC_N1959,9094.92,0.271,733.0
TX06625,ACC_N1039,5773.7,0.219,1256.3
TX01308,ACC_N2394,9102.44,0.298,1406.1
TX06033,ACC_N2552,18642.15,0.358,
TX00086,ACC_M041,196332.49,0.986,36.4
TX02939,ACC_N2232,3383.12,0.512,427.4
TX00974,ACC_A0305,50683.02,0.512,644.8
TX04505,ACC_N2819,6202.09,0.395,1173.6
TX06640,ACC_N2421,8787.41,0.507,1304.9
TX06457,ACC_N2918,14353.28,0.506,1324.8
TX09692,ACC_N1130,2856.39,0.469,1224.1
TX09617,ACC_N2480,1429.82,0.519,307.8
TX04805,ACC_N1704,8517.4,0.427,638.9
TX09081,ACC_N0580,7235.69,0.555,1383.2
TX05390,ACC_N1069,15774.68,0.14,882.6
TX04027,ACC_N2616,6033.04,0.115,939.8
TX09058,ACC_N1115,-6831.24,0.485,476.6
TX02571,ACC_N1984,3224.0,0.305,1276.0
TX02099,ACC_N2314,14996.99,0.375,355.8
TX04656,ACC_N2726,14897.85,0.312,1050.5
TX00142,ACC_M006,-163302.03,0.952,44.4
TX07755,ACC_N2105,10427.12,0.258,927.3
TX08354,ACC_N0382,19626.45,0.564,1199.9
TX00478,ACC_A0351,47132.66,0.372,2053.2
TX07432,ACC_N0487,3992.83,0.513,337.1
TX06172,ACC_N2822,14165.95,0.205,540.2
TX08718,ACC_N3175,15212.19,0.562,1180.5
TX02329,ACC_N1889,6260.73,0.547,158.5
TX09583,ACC_N2980,11740.58,0.206,1402.7
TX01811,ACC_N0855,2758.55,0.348,984.4
TX01568,ACC_N2287,16591.62,0.347,607.3
TX01656,ACC_N1756,5484.96,0.234,1172.9
TX06532,ACC_N2576,9064.6,0.114,264.0
TX01041,ACC_A0334,32882.05,0.495,642.2
TX03806,ACC_N1776,12031.36,0.492,1083.7
TX05515,ACC_N2003,19402.54,0.398,453.7
TX04542,ACC_N2747,18684.45,0.132,534.0
TX07597,ACC_N0630,8400.57,0.436,933.0
TX03161,ACC_N2116,3254.25,0.133,498.2
TX07564,ACC_N0290,1605.74,0.347,965.2
TX02911,ACC_N1414,6339.43,0.213,963.7
TX09241,ACC_N2197,17752.13,0.238,1348.0
TX01911,ACC_N1936,12226.99,0.2,1067.2
TX06371,ACC_N0317,2372.14,0.531,426.0
TX04916,ACC_N0865,3842.27,0.392,1011.9
TX02138,ACC_N0358,6699.14,0.396,957.0
TX01159,ACC_N2359,2303.76,0.204,592.2
TX03746,ACC_N0942,8809.39,0.541,1162.8
TX01111,ACC_A0212,41417.78,0.542,2082.0
TX02426,ACC_N2589,-9165.71,0.509,639.4
TX02850,ACC_N1806,9109.33,0.256,459.6
TX05041,ACC_N2343,11325.61,0.444,157.4
TX00661,ACC_A0324,38407.56,0.391,1733.2
TX00896,ACC_A0388,15826.54,0.463,1036.6
TX03748,ACC_N1200,12178.22,0.343,1434.0
TX00814,ACC_A0130,45422.35,0.391,898.0
TX03638,ACC_N3344,1312.06,0.131,852.8
TX09145,ACC_N2253,11296.08,0.234,1272.3
TX09345,ACC_N2813,787.12,0.256,715.4
TX06269,ACC_N3279,1749.65,0.198,550.4
TX02971,ACC_N3055,13039.69,0.423,1391.0
TX02394,ACC_N3464,552.81,0.224,468.4
TX06911,ACC_N1597,8834.46,0.163,134.2
TX03562,ACC_N2257,1067.91,0.58,539.3
TX05276,ACC_N3342,19725.49,0.313,619.7
TX09372,ACC_N2111,11743.0,0.186,1404.4
TX00084,ACC_M028,78601.26,0.975,39.6
TX01588,ACC_N3062,18280.46,0.294,1066.4
TX08598,ACC_N2938,-3329.24,0.158,417.4
TX05300,ACC_N1367,8268.81,0.567,1208.5
TX08818,ACC_N1779,19105.55,0.142,657.4
TX03724,ACC_N0459,9571.51,0.338,1259.1
TX09930,ACC_N3194,3159.13,0.302,451.0
TX02284,ACC_N0546,9708.85,0.166,130.9
TX03875,ACC_N1974,18115.05,0.447,400.0
TX01070,ACC_A0104,53907.4,0.518,2528.2
TX08930,ACC_N2290,15964.9,0.533,875.6
TX00705,ACC_A0122,48450.88,0.481,1294.9
TX01494,ACC_N0420,6884.71,0.57,424.3
TX02145,ACC_N2635,12873.85,0.345,911.8
TX03894,ACC_N0554,14578.67,0.571,1435.9
TX04864,ACC_N1143,8601.06,0.538,189.7
TX09168,ACC_N2201,13343.14,0.41,640.0
TX02429,ACC_N1476,7493.9,0.462,1346.0
TX01427,ACC_N1786,11586.77,0.474,348.6
TX06653,ACC_N0117,5500.66,0.593,1381.7
TX05055,ACC_N0406,5174.33,0.17,564.9
TX09852,ACC_N1493,2064.05,0.385,667.5
TX09276,ACC_N2523,16493.0,0.393,1064.0
TX08079,ACC_N1626,8756.79,0.24,1308.4
TX07962,ACC_N1610,15182.39,0.318,296.6
TX06912,ACC_N0443,3128.56,0.14,1219.5
TX02283,ACC_N0190,5623.06,0.275,1141.7
TX04036,ACC_N1999,761.48,0.119,667.5
TX07062,ACC_N1936,5677.23,0.42,1173.2
TX05984,ACC_N0152,6204.54,0.304,415.1
TX08083,ACC_N2247,18743.14,0.166,712.9
TX09347,ACC_N1173,2284.93,0.13,1035.4
TX03249,ACC_N2632,7986.97,0.281,137.6
TX00199,ACC_A0278,42936.26,0.553,2157.1
TX09883,ACC_N1153,10877.31,0.198,806.3
TX02376,ACC_N1530,5702.06,0.156,723.9
TX03394,ACC_N3207,10111.48,0.189,278.4
TX06367,ACC_N0510,16909.56,0.461,1341.2
TX01400,ACC_N1715,9022.5,0.501,522.4
TX09581,ACC_N1381,-10679.46,0.188,544.2
TX06135,ACC_N1224,5684.96,0.252,303.6
TX01171,ACC_N1958,6312.48,0.453,398.2
TX07386,ACC_N2095,5857.36,0.587,343.5
TX06976,ACC_N0154,14218.41,0.117,
TX00971,ACC_A0283,32798.18,0.369,2224.0
TX04350,ACC_N0923,12569.24,0.246,132.3
TX07145,ACC_N1354,9202.59,0.432,370.4
TX02065,ACC_N2367,12525.9,0.525,241.2
TX00977,ACC_A0316,27773.45,0.628,2772.9
TX02234,ACC_N0852,13191.25,0.188,420.9
TX08106,ACC_N2144,2870.24,0.504,562.6
TX05908,ACC_N3351,6630.51,0.586,976.8
TX08274,ACC_N2398,9731.98,0.456,573.2
TX06583,ACC_N0635,3720.87,0.243,418.1
TX00590,ACC_A0273,36768.97,0.579,1299.1
TX07374,ACC_N0077,-3946.76,0.425,1079.4
TX03065,ACC_N0170,4079.5,0.309,1437.4
TX01657,ACC_N2938,10787.49,0.127,395.3
TX03451,ACC_N3179,5735.85,0.483,1224.9
TX08986,ACC_N3410,14255.97,0.211,1243.3
TX02367,ACC_N0769,12192.15,0.315,1276.8
TX09806,ACC_N3408,5176.33,0.599,1177.7
TX07652,ACC_N0907,4908.93,0.135,161.2
TX01990,ACC_N0695,4260.98,0.215,141.0
TX02815,ACC_N0929,17698.52,0.186,210.3
TX06790,ACC_N1787,19609.73,0.481,1413.8
TX03491,ACC_N1121,14730.52,0.299,858.1
TX01018,ACC_A0276,31166.28,0.454,2795.5
TX06605,ACC_N2755,15938.05,0.44,411.9
TX05839,ACC_N0282,18377.73,0.166,1346.2
TX02471,ACC_N1280,2929.96,0.23,322.3
TX00286,ACC_A0308,18954.94,0.516,2201.7
TX00211,ACC_A0337,33524.75,0.541,609.5
TX07203,ACC_N1380,8671.96,0.523,380.3
TX04332,ACC_N3247,17185.05,0.162,257.5
TX09815,ACC_N1584,10092.37,0.168,1391.6
TX04824,ACC_N0241,17697.11,0.351,917.8
TX02740,ACC_N0627,13770.93,0.263,1304.1
TX06585,ACC_N1397,8749.97,0.48,553.6
TX02642,ACC_N0730,4593.4,0.391,1425.6
TX05886,ACC_N1451,17311.03,0.151,1178.7
TX05469,ACC_N1029,13469.84,0.331,1080.4
TX09525,ACC_N1279,15240.58,0.255,1348.9
TX00609,ACC_A0245,58546.47,0.39,2143.2
TX05921,ACC_N1160,1018.75,0.39,681.3
TX05274,ACC_N2402,15975.83,0.19,201.8
TX07110,ACC_N3006,1887.53,0.447,1396.4
TX03532,ACC_N0692,2775.44,0.122,1165.0
TX02385,ACC_N0735,14367.62,0.114,
TX07416,ACC_N0312,12203.55,0.3,402.1
TX04681,ACC_N2084,3319.3,0.469,1108.2
TX05227,ACC_N2941,9782.4,0.347,182.8
TX01797,ACC_N2822,8518.48,0.126,671.4
TX05422,ACC_N1184,4357.58,0.484,1300.5
TX07901,ACC_N0780,1593.56,0.379,988.2
TX05522,ACC_N0211,7454.13,0.172,952.2
TX05094,ACC_N2376,-1130.3,0.259,1300.2
TX06502,ACC_N1620,13578.71,0.488,1285.3
TX07595,ACC_N2877,11792.73,0.249,672.4
TX06506,ACC_N2736,4602.54,0.561,1228.3
TX02435,ACC_N2129,13067.46,0.289,191.2
TX03769,ACC_N1015,10940.56,0.2,1399.9
TX02972,ACC_N3140,15369.41,0.205,702.8
TX06036,ACC_N2542,5691.55,0.136,1383.9
TX00342,ACC_A0143,17164.26,0.577,693.0
TX03139,ACC_N2736,3611.03,0.152,510.3
TX05325,ACC_N0901,19994.3,0.161,303.8
TX09196,ACC_N0025,4976.95,0.499,158.1
TX04904,ACC_N1707,17832.43,0.529,796.8
TX02067,ACC_N2273,7250.84,0.143,716.3
TX05240,ACC_N2927,13159.96,0.494,349.4
TX04055,ACC_N1114,-19894.59,0.471,1221.6
TX03328,ACC_N3401,11061.14,0.539,1273.2
TX02518,ACC_N1772,16512.28,0.397,919.1
TX05292,ACC_N1138,14233.05,0.413,408.4
TX00395,ACC_A0139,49734.69,0.331,2529.0
TX09501,ACC_N0145,4270.88,0.241,456.0
TX01852,ACC_N0372,4387.24,0.168,1016.7
TX08762,ACC_N2664,1824.55,0.12,759.5
TX09536,ACC_N1297,11178.8,0.211,463.5
TX01185,ACC_N2240,12172.6,0.234,1234.9
TX07676,ACC_N1556,6676.57,0.408,1096.4
TX01754,ACC_N0635,14879.49,0.211,568.8
TX03561,ACC_N1819,18226.72,0.263,958.7
TX00138,ACC_M001,366358.53,0.977,37.2
TX08684,ACC_N1998,15477.44,0.168,339.7
TX08710,ACC_N1301,1247.0,0.334,692.9
TX07158,ACC_N0913,13759.58,0.228,518.6
TX00434,ACC_A0238,42355.25,0.613,1855.9
TX01315,ACC_N2409,9589.27,0.278,420.8
TX07990,ACC_N0236,1162.44,0.206,1177.2
TX06936,ACC_N3221,11572.65,0.584,1043.0
TX02524,ACC_N3133,17235.03,0.44,325.6
TX09554,ACC_N2847,13506.2,0.557,1139.4
TX07482,ACC_N2568,11377.15,0.107,196.1
TX08750,ACC_N1749,2346.36,0.244,762.9
TX02777,ACC_N1032,3185.81,0.593,1295.0
TX08093,ACC_N3057,18092.44,0.135,272.7
TX07030,ACC_N2842,9328.98,0.372,1193.8
TX03547,ACC_N3303,18295.69,0.54,1307.6
TX01661,ACC_N0848,1148.73,0.459,439.3
TX03555,ACC_N3457,7446.87,0.335,660.7
TX08842,ACC_N0069,17785.68,0.365,1362.5
TX02565,ACC_N0740,6485.16,0.172,556.9
TX06138,ACC_N1993,15527.53,0.236,1105.4
TX08879,ACC_N1881,12507.64,0.29,569.9
TX05038,ACC_N1960,1848.9,0.334,1064.4
TX04240,ACC_N3357,1898.77,0.453,
TX01697,ACC_N3068,17585.75,0.312,
TX00145,ACC_M005,178178.22,0.956,36.8
TX00655,ACC_A0141,33201.85,0.588,329.6
TX03195,ACC_N1998,10311.99,0.541,426.6
TX04420,ACC_N0816,2332.82,0.541,1002.8
TX01805,ACC_N3125,4593.0,0.532,
TX07281,ACC_N1836,8828.58,0.224,365.8
TX02930,ACC_N2138,2073.06,0.294,280.3
TX08526,ACC_N1366,7079.16,0.428,392.6
TX01566,ACC_N0098,18469.51,0.102,587.3
TX03617,ACC_N1775,9041.43,0.137,682.6
TX06606,ACC_N1126,4266.58,0.599,418.2
TX00843,ACC_A0076,58403.42,0.414,2574.7
TX09188,ACC_N0637,2455.59,0.17,209.5
TX05902,ACC_N1103,1726.41,0.526,1158.8
TX07617,ACC_N1229,6712.79,0.286,429.0
TX08166,ACC_N0261,12608.82,0.47,1343.2
TX00988,ACC_A0296,38067.68,0.327,1989.1
TX08207,ACC_N3107,11972.0,0.574,571.1
TX04173,ACC_N1156,15326.08,0.594,612.1
TX09909,ACC_N0109,4528.49,0.335,1193.1
TX01091,ACC_A0283,49433.59,0.441,1470.2
TX06485,ACC_N3191,5456.47,0.129,1430.2
TX04037,ACC_N0127,879.2,0.245,401.1
TX05359,ACC_N1906,3924.2,0.3,972.4
TX00073,ACC_M028,52484.95,0.955,5.2
TX04783,ACC_N0862,13239.15,0.496,
TX09893,ACC_N2012,2943.37,0.504,1317.7
TX05762,ACC_N0538,10256.51,0.539,769.2
TX07715,ACC_N1155,5599.11,0.334,
TX04286,ACC_N3421,5035.08,0.25,1162.3
TX03312,ACC_N1081,8575.56,0.381,924.7
TX08150,ACC_N1868,6853.69,0.478,337.9
TX01484,ACC_N2371,5872.96,0.414,1051.6
TX05182,ACC_N2338,13928.58,0.581,131.1
TX04447,ACC_N0204,14646.82,0.379,1077.5
TX06721,ACC_N1796,5326.37,0.327,386.7
TX06500,ACC_N2934,908.17,0.105,707.9
TX07111,ACC_N1358,17935.09,0.533,469.8
TX07007,ACC_N1343,725.66,0.536,697.3
TX00552,ACC_A0108,46104.98,0.54,353.3
TX06977,ACC_N2251,12159.26,0.302,794.1
TX05340,ACC_N0575,9641.97,0.381,1348.9
TX02616,ACC_N0011,13895.36,0.265,967.1
TX03645,ACC_N2112,5590.05,0.527,258.6
TX07148,ACC_N1635,5383.65,0.475,659.7
TX04980,ACC_N0488,8330.06,0.543,210.5
TX09752,ACC_N0796,14053.27,0.189,711.6
TX00215,ACC_A0148,42087.09,0.406,709.3
TX08347,ACC_N0843,7921.45,0.519,232.0
TX06718,ACC_N2917,15701.74,0.452,1033.6
TX03252,ACC_N2204,2498.68,0.302,924.6
TX09029,ACC_N0758,4197.11,0.117,878.6
TX07043,ACC_N3306,11776.63,0.169,1254.4
TX03785,ACC_N1698,16283.84,0.568,951.4
TX03092,ACC_N2676,14686.96,0.526,942.4
TX00963,ACC_A0019,43294.42,0.558,2139.0
TX08898,ACC_N2530,13878.43,0.204,649.6
TX04730,ACC_N1122,19660.29,0.277,266.4
TX03052,ACC_N1341,14754.7,0.517,1066.9
TX06473,ACC_N2951,1268.49,0.15,803.8
TX09924,ACC_N0368,10907.97,0.507,1224.6
TX08988,ACC_N3344,16227.97,0.314,867.7
TX02889,ACC_N1889,19307.52,0.44,658.7
TX02624,ACC_N2871,2009.53,0.595,313.5
TX03395,ACC_N2575,4027.05,0.248,1346.5
TX06161,ACC_N0521,16654.67,0.142,711.7
TX07287,ACC_N2900,5449.05,0.45,1236.3
TX05699,ACC_N1590,19559.79,0.466,1352.8
TX08888,ACC_N3335,3947.63,0.302,947.3
TX06742,ACC_N1719,5507.01,0.498,164.2
TX04313,ACC_N2129,13672.88,0.174,319.5
TX00174,ACC_A0130,36602.07,0.37,2541.9
TX02247,ACC_N1400,6920.0,0.243,691.8
TX01245,ACC_N0324,13674.62,0.524,1234.3
TX01751,ACC_N2893,9053.63,0.389,950.0
TX01874,ACC_N3030,5184.28,0.347,228.7
TX02239,ACC_N2731,19478.59,0.167,1342.1
TX04948,ACC_N1950,9220.67,0.487,1086.8
TX07179,ACC_N2747,17871.12,0.115,1119.0
TX03406,ACC_N0325,14416.22,0.424,1346.7
TX01149,ACC_A0161,47293.61,0.336,834.8
TX05061,ACC_N2628,18312.17,0.409,787.0
TX01495,ACC_N2773,-3710.1,0.268,791.1
TX09573,ACC_N2154,18748.12,0.354,845.2
TX00185,ACC_A0355,19095.09,0.607,1335.4
TX01896,ACC_N3235,13982.61,0.208,354.0
TX09435,ACC_N1703,9351.69,0.58,520.3
TX08059,ACC_N2435,4622.3,0.205,548.2
TX01538,ACC_N1103,18278.65,0.238,1064.9
TX03719,ACC_N1236,3897.11,0.122,1090.4
TX06702,ACC_N2269,10446.17,0.29,267.6
TX02952,ACC_N1101,780.27,0.565,787.9
TX02600,ACC_N2306,8322.39,0.593,1171.7
TX06943,ACC_N2677,8157.82,0.232,959.2
TX00092,ACC_M033,370960.15,0.998,19.2
TX04946,ACC_N2210,12502.07,0.241,320.6
TX03177,ACC_N0820,14004.02,0.282,332.8
TX06242,ACC_N1663,13071.11,0.197,407.7
TX09550,ACC_N0951,1901.84,0.559,321.0
TX05458,ACC_N0750,18852.14,0.207,620.8
TX03192,ACC_N1664,19140.11,0.19,1063.6
TX02189,ACC_N1948,2805.65,0.1,272.4
TX06388,ACC_N0450,7817.3,0.486,647.6
TX04773,ACC_N0425,10375.9,0.326,625.3
TX05371,ACC_N0143,17090.18,0.199,928.9
TX06623,ACC_N0669,18390.4,0.179,1077.1
TX06586,ACC_N3445,5935.74,0.565,1392.0
TX04512,ACC_N1710,5149.33,0.241,204.5
TX07200,ACC_N0035,19389.48,0.56,1172.4
TX04849,ACC_N0736,11501.8,0.33,856.8
TX06448,ACC_N0607,651.79,0.472,688.5
TX05408,ACC_N2719,11087.06,0.333,1087.3
TX00952,ACC_A0348,37197.46,0.566,1308.1
TX07880,ACC_N2201,12589.34,0.318,155.7
TX08420,ACC_N3477,13138.26,0.411,623.2
TX00681,ACC_A0201,30136.67,0.691,537.6
TX09106,ACC_N1661,-11953.49,0.424,858.8
TX03310,ACC_N2679,16592.35,0.492,231.3
TX05748,ACC_N2952,3689.32,0.265,383.6
TX06879,ACC_N3266,9695.03,0.234,1165.0
TX06132,ACC_N2483,10930.63,0.594,410.0
TX00024,ACC_M057,214862.83,0.961,13.3
TX04529,ACC_N3326,6207.09,0.287,318.8
TX08805,ACC_N0188,2405.21,0.257,1303.8
TX00307,ACC_A0328,58559.73,0.632,1152.0
TX06899,ACC_N3451,19076.98,0.162,327.5
TX04051,ACC_N3167,12007.48,0.587,556.5
TX00433,ACC_A0355,25232.8,0.66,2506.4
TX06761,ACC_N0046,17444.55,0.115,855.4
TX05917,ACC_N2662,3817.54,0.416,1086.0
TX05636,ACC_N1907,4811.04,0.45,297.0
TX02104,ACC_N0219,8184.76,0.43,334.3
TX01409,ACC_N2118,12798.99,0.131,610.6
TX08701,ACC_N1388,-5851.81,0.179,802.2
TX07726,ACC_N1889,18723.47,0.235,739.2
TX03387,ACC_N2944,3177.42,0.577,1151.8
TX08635,ACC_N3161,1055.43,0.406,199.5
TX05737,ACC_N0534,10063.71,0.566,591.4
TX02996,ACC_N0649,19236.17,0.272,1262.7
TX01604,ACC_N1566,18899.7,0.349,174.2
TX05700,ACC_N2552,5992.75,0.408,419.8
TX04748,ACC_N3450,12949.87,0.111,540.5
TX00919,ACC_A0341,42747.21,0.387,2731.8
TX04069,ACC_N1548,4228.61,0.202,887.6
TX01295,ACC_N1056,4920.47,0.193,1227.8
TX08934,ACC_N3221,9154.35,0.438,946.4
TX05892,ACC_N1438,12052.59,0.229,1163.8
TX04779,ACC_N1011,9460.29,0.474,408.8
TX02472,ACC_N3453,13223.28,0.391,882.0
TX02455,ACC_N1777,9430.28,0.549,571.3
TX08389,ACC_N2683,14048.39,0.319,220.5
TX09859,ACC_N0387,9996.8,0.528,1426.0
TX02936,ACC_N2865,4733.51,0.512,474.5
TX03685,ACC_N2174,12030.37,0.467,189.3
TX02557,ACC_N1652,18663.84,0.224,1163.0
TX01043,ACC_A0146,45868.55,0.634,313.8
TX07811,ACC_N2807,3080.45,0.591,960.9
TX01178,ACC_N2414,1800.53,0.454,701.4
TX05368,ACC_N0978,17002.6,0.268,1015.2
TX05884,ACC_N0065,14832.17,0.558,925.0
TX09292,ACC_N3489,11777.0,0.534,1199.4
TX03736,ACC_N0792,10471.11,0.237,709.7
TX02756,ACC_N2055,8567.27,0.109,699.7
TX09871,ACC_N1667,18038.82,0.2,1349.3
TX02111,ACC_N0085,10978.14,0.114,327.0
TX00652,ACC_A0355,-54824.93,0.687,1139.2
TX07510,ACC_N1492,6753.64,0.386,407.5
TX01369,ACC_N0556,1652.56,0.535,323.2
TX04923,ACC_N2168,19994.95,0.187,1029.8
TX04484,ACC_N3024,15786.61,0.19,448.1
TX09518,ACC_N2791,2736.44,0.574,202.7
TX08330,ACC_N0664,18773.22,0.489,309.4
TX04177,ACC_N2592,17507.14,0.52,1373.6
TX00685,ACC_A0364,36028.98,0.649,1263.0
TX06032,ACC_N3106,5884.31,0.313,336.9
TX01912,ACC_N0506,7114.8,0.231,911.5
TX04099,ACC_N2843,15397.28,0.473,
TX06738,ACC_N0409,4111.55,0.342,998.4
TX00231,ACC_A0196,38024.57,0.483,513.4
TX02685,ACC_N1243,11704.35,0.293,740.2
TX05813,ACC_N3180,19848.72,0.428,1061.1
TX05682,ACC_N3131,1116.59,0.12,643.7
TX02383,ACC_N2108,1434.32,0.279,752.5
TX03530,ACC_N2640,4203.69,0.152,158.3
TX09044,ACC_N2470,13586.69,0.433,723.9
TX06263,ACC_N1534,11052.65,0.26,1381.5
TX00582,ACC_A0209,34673.7,0.68,606.7
TX04080,ACC_N3335,15859.7,0.322,884.4
TX04657,ACC_N1424,3259.66,0.221,1120.6
TX02213,ACC_N3239,9149.49,0.585,
TX07538,ACC_N0460,4243.84,0.169,381.7
TX05505,ACC_N1421,13403.02,0.267,1129.0
TX08421,ACC_N1002,7603.67,0.341,622.5
TX08233,ACC_N1282,12912.34,0.488,974.7
TX07044,ACC_N3321,5555.18,0.508,1301.7
TX02804,ACC_N3446,-5351.54,0.493,1169.3
TX03895,ACC_N2814,17306.57,0.356,1085.1
TX04806,ACC_N0796,5113.07,0.388,600.6
TX06305,ACC_N2167,7205.14,0.164,446.6
TX04230,ACC_N0385,15024.87,0.335,1147.6
TX01671,ACC_N2458,8508.83,0.171,415.4
TX06555,ACC_N3286,13366.15,0.235,142.5
TX06277,ACC_N0858,14399.05,0.471,1120.8
TX08358,ACC_N2820,19816.6,0.435,539.7
TX05561,ACC_N0526,18586.58,0.49,527.9
TX06449,ACC_N0642,15183.14,0.304,286.6
TX09453,ACC_N2833,16880.17,0.241,1112.1
TX01524,ACC_N2406,869.44,0.277,708.7
TX06331,ACC_N0762,16152.24,0.11,1373.2
TX05785,ACC_N3059,5117.85,0.44,957.6
TX03297,ACC_N0244,8034.18,0.241,545.5
TX07610,ACC_N3040,6170.44,0.204,1096.1
TX08402,ACC_N3251,8811.51,0.172,463.8
TX03861,ACC_N2582,2676.9,0.173,1146.5
TX08752,ACC_N3469,14917.21,0.251,1372.3
TX05172,ACC_N0497,18963.43,0.111,506.1
TX08756,ACC_N2061,17002.39,0.129,559.2
TX02310,ACC_N1500,18876.24,0.145,214.0
TX06384,ACC_N0723,16765.45,0.53,1425.9
TX09961,ACC_N1712,3528.6,0.152,1425.7
TX05695,ACC_N3297,-8781.24,0.385,1380.1
TX01493,ACC_N2235,5487.0,0.507,665.2
TX08327,ACC_N1121,840.63,0.255,924.1
TX03071,ACC_N2061,10624.54,0.266,1187.4
TX02637,ACC_N2823,6348.8,0.255,280.4
TX03801,ACC_N3198,8110.61,0.399,1332.6
TX03120,ACC_N2054,13759.45,0.471,809.8
TX03497,ACC_N0616,2752.36,0.561,323.5
TX03911,ACC_N0500,17703.58,0.407,1099.1
TX07509,ACC_N0103,6566.85,0.51,1298.8
TX08265,ACC_N2170,7279.48,0.42,279.0
TX09375,ACC_N2812,2894.4,0.173,252.4
TX08829,ACC_N1281,11899.86,0.577,1362.1
TX07447,ACC_N0982,5420.51,0.438,1018.5
TX06896,ACC_N0917,11571.65,0.18,240.2
TX04245,ACC_N2605,13351.18,0.18,1101.7
TX03405,ACC_N1739,14304.85,0.272,239.5
TX08185,ACC_N2792,6075.45,0.381,561.1
TX03882,ACC_N0990,13610.37,0.428,1250.9
TX04145,ACC_N1752,6831.75,0.224,386.1
TX01434,ACC_N1259,11649.89,0.466,869.8
TX03593,ACC_N1380,7240.31,0.294,286.7
TX00382,ACC_A0221,24204.51,0.646,1372.4
TX02167,ACC_N3412,18411.17,0.265,869.0
TX08729,ACC_N0171,12968.78,0.554,804.4
TX06611,ACC_N0494,8618.82,0.133,1183.4
TX04330,ACC_N1333,14767.75,0.12,1438.0
TX01688,ACC_N2632,9834.74,0.243,1428.2
TX04718,ACC_N2883,17841.72,0.216,603.9
TX02206,ACC_N3131,6558.95,0.505,1430.4
TX09097,ACC_N0207,6696.33,0.257,679.5
TX06969,ACC_N1857,15147.37,0.398,450.1
TX08139,ACC_N3406,11452.79,0.27,713.5
TX10000,ACC_N1666,5577.66,0.12,475.7
TX07172,ACC_N3039,13068.98,0.467,1217.9
TX06825,ACC_N2988,8306.27,0.518,964.5
TX04777,ACC_N1595,12494.28,0.518,1132.9
TX01648,ACC_N0694,17337.95,0.585,1388.1
TX08882,ACC_N3450,1436.04,0.513,644.8
TX07484,ACC_N0885,4866.17,0.507,935.1
TX04079,ACC_N0219,3589.82,0.211,1289.1
TX06964,ACC_N3307,5379.8,0.116,371.7
TX07079,ACC_N2301,12687.88,0.257,344.2
TX07973,ACC_N0489,13679.89,0.401,727.0
TX06525,ACC_N1232,17693.59,0.528,496.8
TX07448,ACC_N0207,8586.61,0.468,1343.1
TX06375,ACC_N3147,2193.83,0.38,984.1
TX09833,ACC_N1024,10859.73,0.462,
TX02011,ACC_N0954,5351.97,0.124,669.5
TX06324,ACC_N2642,14832.95,0.283,1040.1
TX00746,ACC_A0270,15228.7,0.692,1159.2
TX07677,ACC_N2377,15120.18,0.545,444.0
TX06405,ACC_N0700,9398.0,0.12,497.8
TX00014,ACC_M058,145552.6,0.977,43.4
TX07223,ACC_N1369,4093.17,0.216,401.4
TX09607,ACC_N2801,5820.04,0.477,412.3
TX02676,ACC_N3429,4850.18,0.524,1404.0
TX04602,ACC_N0948,-2538.29,0.175,1363.7
TX09769,ACC_N2405,15418.84,0.287,585.3
TX06881,ACC_N2025,5647.24,0.193,528.6
TX01962,ACC_N2897,2609.02,0.163,179.0
TX08036,ACC_N0472,7468.84,0.413,1419.9
TX03364,ACC_N1535,18415.57,0.281,1325.3
TX02895,ACC_N0276,2458.92,0.58,184.2
TX06970,ACC_N2236,18700.82,0.497,493.5
TX07417,ACC_N2647,6039.18,0.307,1085.5
TX02723,ACC_N2429,4746.1,0.582,628.2
TX07095,ACC_N1090,8978.63,0.24,1136.4
TX05355,ACC_N2916,19146.8,0.363,794.9
TX01730,ACC_N3165,17786.8,0.367,357.9
TX09490,ACC_N2564,18352.27,0.558,841.6
TX02155,ACC_N2159,12755.79,0.325,1285.8
TX07775,ACC_N1075,15643.52,0.511,649.7
TX03123,ACC_N2931,19914.57,0.436,883.4
TX03903,ACC_N1899,7963.22,0.271,167.7
TX02058,ACC_N1586,7966.22,0.279,1264.1
TX06743,ACC_N3170,1180.17,0.176,816.0
TX02852,ACC_N3082,6174.49,0.362,955.4
TX02448,ACC_N0952,19686.17,0.32,684.1
TX09517,ACC_N0724,10744.5,0.223,424.6
TX01607,ACC_N2345,15772.7,0.431,494.0
TX09777,ACC_N1198,2461.42,0.279,201.6
TX06889,ACC_N0496,12920.37,0.558,273.5
TX06461,ACC_N2555,11885.85,0.115,917.1
TX08125,ACC_N2224,1901.57,0.214,1409.6
TX09407,ACC_N1695,10464.67,0.183,705.4
TX05110,ACC_N0801,14319.28,0.523,1378.1
TX08048,ACC_N0640,10374.24,0.16,660.3
TX05298,ACC_N1584,2970.9,0.211,1119.4
TX01007,ACC_A0089,25560.33,0.51,2322.1
TX05329,ACC_N0271,12710.39,0.476,194.9
TX09522,ACC_N1437,11834.11,0.58,432.2
TX09939,ACC_N2401,12842.18,0.255,361.5
TX08280,ACC_N0113,16846.74,0.363,1204.7
TX01179,ACC_N1644,1437.8,0.587,635.3
TX07265,ACC_N1309,14900.44,0.456,412.6
TX07129,ACC_N3118,10616.76,0.241,1431.4
TX02558,ACC_N0869,7095.5,0.518,225.0
TX09073,ACC_N1342,9033.5,0.299,1084.6
TX05740,ACC_N2481,14243.51,0.232,183.0
TX06675,ACC_N0284,3247.63,0.553,1381.1
TX09156,ACC_N0132,4184.04,0.538,1429.9
TX04234,ACC_N2817,9189.96,0.258,289.3
TX07547,ACC_N1863,17940.47,0.575,1222.6
TX05899,ACC_N3064,4517.95,0.382,541.2
TX05189,ACC_N0038,7166.38,0.518,1226.9
TX03357,ACC_N3470,-14681.74,0.492,1146.6
TX08170,ACC_N1928,657.65,0.429,1009.3
TX06543,ACC_N2610,5419.25,0.147,1304.3
TX06045,ACC_N0377,14257.05,0.167,1241.2
TX02149,ACC_N0580,4145.16,0.26,1267.7
TX04252,ACC_N3167,18589.65,0.253,340.0
TX05933,ACC_N0720,4142.23,0.426,176.3
TX04829,ACC_N1323,8344.36,0.262,351.1
TX06340,ACC_N2827,10114.07,0.205,849.6
TX01591,ACC_N2642,6899.12,0.195,271.4
TX08976,ACC_N0953,18589.03,0.48,772.6
TX00604,ACC_A0143,41922.87,0.662,1408.4
TX01425,ACC_N1202,13677.35,0.17,1392.4
TX00344,ACC_A0180,52257.34,0.553,2132.1
TX09047,ACC_N1368,11298.64,0.432,418.0
TX01051,ACC_A0036,-38951.02,0.543,2044.4
TX06424,ACC_N0746,19808.43,0.47,1104.2
TX01533,ACC_N3119,18112.86,0.451,1279.8
TX08790,ACC_N2771,16216.08,0.398,1009.0
TX07188,ACC_N1785,17564.88,0.146,1127.3
TX02920,ACC_N2645,2871.3,0.215,661.6
TX02978,ACC_N0539,18721.19,0.176,1060.1
TX00399,ACC_A0115,47228.06,0.612,653.5
TX07063,ACC_N0949,6400.55,0.422,889.9
TX01023,ACC_A0124,50180.56,0.512,2039.6
TX02871,ACC_N1975,9444.75,0.17,633.4
TX02069,ACC_N2956,7328.87,0.458,878.6
TX01836,ACC_N0898,5215.84,0.171,916.4
TX05596,ACC_N2193,5181.65,0.408,597.3
TX06338,ACC_N3266,2057.2,0.147,1215.8
TX04251,ACC_N0966,17203.94,0.443,1060.7
TX09231,ACC_N0405,1835.9,0.191,1030.3
TX00415,ACC_A0068,56343.77,0.621,333.6
TX06492,ACC_N2165,19589.13,0.21,794.1
TX06255,ACC_N1303,16006.72,0.147,222.2
TX08054,ACC_N2794,15494.53,0.361,373.3
TX02428,ACC_N2702,14473.82,0.363,212.3
TX03162,ACC_N3066,18452.25,0.334,1298.7
TX03654,ACC_N0923,4551.91,0.596,570.0
TX02218,ACC_N2182,13937.86,0.178,446.6
TX06693,ACC_N0653,11717.95,0.415,1229.2
TX02129,ACC_N1453,5424.34,0.268,169.0
TX09500,ACC_N1587,8226.29,0.459,226.9
TX07497,ACC_N3475,17142.87,0.516,1227.0
TX01757,ACC_N2871,7116.8,0.327,985.0
TX07089,ACC_N2500,796.66,0.235,1276.4
TX04784,ACC_N2567,1872.18,0.334,433.9
TX03289,ACC_N0563,8812.81,0.502,1043.2
TX02208,ACC_N0466,17208.29,0.258,1280.1
TX04545,ACC_N2213,14818.3,0.303,390.9
TX05108,ACC_N0249,1206.04,0.116,1398.0
TX07326,ACC_N1975,12188.85,0.161,459.0
TX08211,ACC_N0835,6688.76,0.424,841.9
TX05526,ACC_N3148,8678.06,0.364,1011.8
TX01981,ACC_N1580,10602.5,0.35,204.9
TX00927,ACC_A0372,36797.93,0.652,1253.3
TX05291,ACC_N3305,13614.19,0.505,570.9
TX05383,ACC_N3449,3736.75,0.271,333.6
TX07444,ACC_N0208,19192.02,0.347,553.2
TX03016,ACC_N1913,7549.0,0.135,1038.4
TX09036,ACC_N1587,1831.18,0.152,1186.5
TX06100,ACC_N1702,11941.26,0.176,1420.0
TX09164,ACC_N0220,18519.6,0.11,774.8
TX03647,ACC_N3236,15170.74,0.494,1157.3
TX04834,ACC_N1814,6306.21,0.446,1383.6
TX04073,ACC_N3303,10796.93,0.14,1010.3
TX06455,ACC_N3165,12934.45,0.475,547.8
TX04823,ACC_N3395,13398.23,0.393,1006.6
TX01547,ACC_N2724,7791.97,0.551,716.7
TX08631,ACC_N2511,6455.51,0.529,1231.5
TX03566,ACC_N0403,11238.46,0.597,245.2
TX08505,ACC_N1944,7111.95,0.389,784.1
TX07468,ACC_N2616,10870.56,0.191,1281.8
TX00063,ACC_M057,422931.88,0.983,21.2
TX04048,ACC_N2075,9471.25,0.172,967.7
TX07903,ACC_N1059,17237.03,0.549,1213.8
TX07904,ACC_N2399,9874.45,0.325,955.0
TX09061,ACC_N0105,7232.85,0.396,852.6
TX07636,ACC_N1340,5499.94,0.113,768.3
TX02449,ACC_N1882,18240.0,0.544,1414.3
TX00140,ACC_M048,487301.94,0.98,4.6
TX00244,ACC_A0270,47423.22,0.368,599.3
TX03012,ACC_N2549,11835.76,0.298,548.0
TX04127,ACC_N2223,17358.56,0.437,1185.2
TX04825,ACC_N1309,8483.09,0.198,442.7
TX05691,ACC_N0599,12656.11,0.324,430.6
TX04729,ACC_N1773,17400.48,0.229,949.4
TX01666,ACC_N3178,9743.12,0.156,497.8
TX07814,ACC_N0693,19592.52,0.233,1371.3
TX09470,ACC_N2018,18771.69,0.383,955.1
TX06419,ACC_N2852,7422.4,0.221,1177.3
TX01679,ACC_N0419,18651.07,0.342,880.5
TX02192,ACC_N0791,11755.71,0.26,478.4
TX02056,ACC_N3133,8344.99,0.222,386.6
TX06145,ACC_N2496,1432.09,0.412,518.5
TX03025,ACC_N0801,11306.66,0.157,874.1
TX04492,ACC_N1293,5843.81,0.482,368.9
TX01873,ACC_N3151,-14436.57,0.148,141.7
TX01204,ACC_N1473,6408.84,0.398,932.4
TX09858,ACC_N0593,14444.48,0.551,841.6
TX05106,ACC_N2191,8602.12,0.539,1245.7
TX07283,ACC_N1482,2066.57,0.419,1174.5
TX08078,ACC_N2912,19084.99,0.121,1208.0
TX06122,ACC_N3213,4604.0,0.278,733.9
TX06380,ACC_N0541,17983.14,0.218,297.2
TX06253,ACC_N0137,9613.47,0.571,992.3
TX05269,ACC_N2623,2931.6,0.457,1130.5
TX02165,ACC_N1514,4468.02,0.44,1381.7
TX08732,ACC_N3273,-14280.33,0.261,280.7
TX04620,ACC_N2593,16254.79,0.553,620.5
TX05251,ACC_N0604,2987.58,0.449,1388.8
TX06762,ACC_N3297,18713.71,0.284,623.3
TX02960,ACC_N3185,13512.97,0.442,201.2
TX07770,ACC_N2722,13328.74,0.284,311.0
TX03999,ACC_N3322,9357.18,0.243,1093.4
TX07112,ACC_N0083,17819.7,0.501,1031.4
TX09770,ACC_N2282,3591.84,0.542,520.1
TX08217,ACC_N1921,19670.07,0.418,428.5
TX02297,ACC_N2931,2749.57,0.589,1138.6
TX06758,ACC_N0043,1243.31,0.292,717.6
TX07398,ACC_N2721,13571.9,0.191,224.0
TX07423,ACC_N0415,11839.84,0.568,1339.0
TX04433,ACC_N1692,16743.62,0.348,328.3
TX05845,ACC_N0816,16439.54,0.179,724.7
TX02443,ACC_N3074,17391.54,0.262,695.3
TX02630,ACC_N2709,15649.43,0.529,882.8
TX04973,ACC_N2227,2300.74,0.454,427.5
TX00748,ACC_A0018,17195.26,0.352,1288.9
TX00900,ACC_A0343,49911.21,0.542,1343.8
TX01810,ACC_N2818,17132.06,0.336,1200.9
TX06558,ACC_N2847,14673.84,0.437,733.4
TX00206,ACC_A0106,41314.47,0.478,1495.0
TX05799,ACC_N2606,15709.23,0.543,782.0
TX05479,ACC_N0510,1443.72,0.17,
TX03414,ACC_N2647,6119.21,0.274,553.0
TX03499,ACC_N3465,4798.54,0.392,1198.0
TX06121,ACC_N0055,13294.17,0.584,999.4
TX02261,ACC_N2831,4181.48,0.395,403.4
TX02745,ACC_N3325,18740.78,0.257,1263.3
TX06225,ACC_N1029,5468.66,0.116,591.4
TX06945,ACC_N2495,2922.62,0.36,564.1
TX03232,ACC_N1437,17339.36,0.532,701.5
TX05381,ACC_N3058,17810.63,0.419,1079.7
TX01921,ACC_N0319,9551.98,0.545,1421.8
TX08423,ACC_N2855,9661.27,0.324,184.3
TX01180,ACC_N3140,6265.47,0.217,181.5
TX07323,ACC_N1927,15503.22,0.127,1112.3
TX07267,ACC_N2126,5945.67,0.449,555.6
TX08872,ACC_N2865,14744.71,0.278,715.1
TX02038,ACC_N1208,6829.88,0.473,150.6
TX05571,ACC_N0781,12797.41,0.568,1060.7
TX08713,ACC_N0718,1680.98,0.304,743.2
TX06020,ACC_N2653,6205.87,0.268,965.3
TX03750,ACC_N1814,8300.58,0.531,137.1
TX03066,ACC_N2084,16507.92,0.119,1288.5
TX05259,ACC_N0475,10657.04,0.566,1125.6
TX07460,ACC_N0706,6424.24,0.304,573.7
TX09890,ACC_N1100,12458.2,0.114,729.8
TX09270,ACC_N2551,19789.0,0.506,840.2
TX02059,ACC_N3068,14521.97,0.426,438.4
TX07029,ACC_N1054,14204.42,0.445,916.9
TX08189,ACC_N2653,14082.67,0.248,822.4
TX02437,ACC_N2643,5031.88,0.579,647.8
TX06701,ACC_N0277,14668.42,0.234,217.4
TX04516,ACC_N2293,11667.31,0.45,873.0
TX01193,ACC_N2046,18200.84,0.446,357.0
TX02602,ACC_N0305,8233.52,0.459,264.8
TX09823,ACC_N1273,-2786.8,0.342,167.3
TX09733,ACC_N2401,6531.21,0.556,368.5
TX07620,ACC_N2793,12200.28,0.536,1140.3
TX08999,ACC_N2609,4726.9,0.134,955.1
TX09422,ACC_N2285,2173.92,0.513,456.1
TX09263,ACC_N0291,8902.95,0.125,1048.3
TX07711,ACC_N0313,859.92,0.518,529.4
TX02358,ACC_N3405,9277.14,0.541,1163.0
TX08066,ACC_N2124,1902.95,0.32,627.3
TX06710,ACC_N2146,13357.89,0.263,338.6
TX00533,ACC_A0378,53748.06,0.612,1952.8
TX09286,ACC_N3382,19338.89,0.195,1023.2
TX00361,ACC_A0265,40986.88,0.399,2611.9
TX08370,ACC_N2717,17027.69,0.416,
TX09958,ACC_N2233,2676.11,0.452,1293.8
TX00506,ACC_A0377,51239.17,0.653,2433.0
TX04936,ACC_N0961,2145.56,0.15,1220.0
TX01424,ACC_N1766,9463.07,0.11,204.3
TX02178,ACC_N0582,5842.78,0.325,1004.7
TX04580,ACC_N1948,1262.03,0.528,1097.8
TX07116,ACC_N2388,3959.92,0.376,987.1
TX05264,ACC_N0177,4551.53,0.118,751.6
TX08277,ACC_N0237,6297.7,0.241,1270.9
TX08281,ACC_N2593,14758.67,0.377,1395.2
TX00099,ACC_M013,61438.61,0.998,34.0
TX01145,ACC_A0326,56832.26,0.617,728.3
TX02361,ACC_N1806,8080.98,0.32,243.4
TX03181,ACC_N1512,5724.88,0.477,162.5
TX04237,ACC_N0046,2904.04,0.107,1253.5
TX04418,ACC_N1087,13701.05,0.1,142.4
TX07130,ACC_N1540,1156.18,0.593,870.3
TX04342,ACC_N2051,7573.96,0.221,542.5
TX06223,ACC_N0662,19795.64,0.475,161.0
TX01759,ACC_N0938,19878.79,0.291,1042.1
TX05678,ACC_N2045,16742.17,0.571,1138.2
TX09021,ACC_N0823,8369.99,0.543,992.0
TX02890,ACC_N2692,6144.01,0.589,354.5
TX08615,ACC_N1527,5416.77,0.448,477.1
TX00931,ACC_A0316,50272.46,0.318,1278.4
TX06714,ACC_N1267,18654.88,0.24,1424.3
TX04986,ACC_N0355,5372.15,0.234,1253.7
TX01218,ACC_N0121,1996.1,0.483,1002.8
TX06929,ACC_N3299,503.61,0.541,940.8
TX06908,ACC_N2158,16821.93,0.371,352.1
TX05050,ACC_N1856,9234.9,0.288,254.5
TX05531,ACC_N0971,2044.13,0.294,1214.8
TX01960,ACC_N3451,10196.45,0.464,660.6
TX01958,ACC_N0801,18766.13,0.289,272.6
TX09715,ACC_N2840,2658.76,0.367,1154.6
TX03261,ACC_N0547,6228.99,0.213,1193.8
TX04325,ACC_N3405,5066.88,0.397,489.8
TX05607,ACC_N1728,8653.55,0.17,1181.5
TX02253,ACC_N0578,10670.24,0.229,975.4
TX07931,ACC_N1530,3884.43,0.163,601.5
TX01362,ACC_N2013,9305.53,0.416,
TX09305,ACC_N2081,19478.96,0.486,983.8
TX07182,ACC_N2372,10294.88,0.358,955.1
TX05909,ACC_N2830,16297.45,0.164,1382.5
TX00102,ACC_M006,336384.69,0.969,40.7
TX09741,ACC_N2688,4368.9,0.516,1089.2
TX01655,ACC_N2930,1595.16,0.122,292.7
TX09828,ACC_N0249,15731.78,0.237,704.7
TX06075,ACC_N2796,5679.38,0.116,923.8
TX07082,ACC_N2170,-15066.67,0.112,926.8
TX06570,ACC_N2515,7486.64,0.14,666.1
TX09410,ACC_N0674,3525.62,0.36,1216.3
TX07405,ACC_N2684,16543.63,0.217,
TX03154,ACC_N2851,5508.19,0.539,1077.4
TX07294,ACC_N0435,11239.49,0.268,750.1
TX08873,ACC_N0681,4936.54,0.121,
TX05294,ACC_N3497,18120.55,0.286,1393.2
TX02199,ACC_N2992,11913.29,0.465,646.2
TX08703,ACC_N1617,16751.13,0.135,436.4
TX02470,ACC_N1431,18628.17,0.5,122.5
TX06694,ACC_N0064,3052.09,0.458,610.8
TX02541,ACC_N2526,11014.23,0.104,1426.1
TX07199,ACC_N2830,9308.96,0.297,916.1
TX00374,ACC_A0042,37294.06,0.317,1690.1
TX03378,ACC_N0570,4195.62,0.519,908.6
TX07105,ACC_N0097,6494.93,0.34,621.7
TX04640,ACC_N2158,10495.8,0.581,1134.0
TX05082,ACC_N1694,6598.83,0.212,123.3
TX02503,ACC_N0320,10721.83,0.244,875.1
TX05572,ACC_N0581,2050.63,0.198,502.7
TX05349,ACC_N2916,16678.54,0.146,668.6
TX05951,ACC_N0542,14187.97,0.202,647.3
TX08225,ACC_N2198,1163.87,0.593,152.9
TX04957,ACC_N1321,18309.34,0.552,822.1
TX05966,ACC_N0770,1303.94,0.214,379.7
TX09089,ACC_N1839,7016.84,0.436,639.1
TX02312,ACC_N1905,968.8,0.408,717.5
TX04613,ACC_N0709,9928.68,0.189,336.2
TX06247,ACC_N1209,16593.77,0.466,1361.0
TX04340,ACC_N3060,5629.0,0.271,822.6
TX08276,ACC_N2676,14865.37,0.543,1017.3
TX00217,ACC_A0219,51980.58,0.538,2425.3
TX03892,ACC_N2665,7953.63,0.216,1055.3
TX02498,ACC_N1609,-19981.47,0.203,1117.5
TX00059,ACC_M054,70352.28,0.95,42.4
TX08569,ACC_N1493,14214.45,0.559,839.0
TX05178,ACC_N1521,18013.41,0.112,1054.2
TX03343,ACC_N0875,18981.51,0.107,324.6
TX07632,ACC_N0824,5551.26,0.407,616.6
TX00269,ACC_A0185,48157.01,0.391,2288.6
TX07466,ACC_N0104,4696.8,0.558,768.6
TX09419,ACC_N1392,15928.48,0.123,581.2
TX07434,ACC_N3437,1515.71,0.128,510.1
TX09884,ACC_N0444,18868.23,0.591,1402.5
TX06488,ACC_N2105,16728.64,0.168,1080.0
TX09640,ACC_N1099,13366.36,0.412,1226.8
TX03197,ACC_N2886,577.22,0.534,621.9
TX00294,ACC_A0383,55347.46,0.429,2020.5
TX02678,ACC_N0695,13837.52,0.401,208.9
TX04141,ACC_N1221,19256.82,0.43,799.2
TX05006,ACC_N0824,9410.31,0.498,1197.7
TX09822,ACC_N2909,6183.44,0.208,735.5
TX03033,ACC_N0939,11370.1,0.262,238.2
TX01849,ACC_N2935,7875.38,0.203,701.4
TX00737,ACC_A0368,36450.46,0.347,340.8
TX09420,ACC_N1084,11415.29,0.175,186.1
TX06136,ACC_N2538,9049.58,0.148,910.0
TX00032,ACC_M058,126735.86,0.956,34.3
TX09614,ACC_N0851,17178.51,0.307,392.2
TX05070,ACC_N1505,18257.54,0.236,607.3
TX08880,ACC_N2483,3041.4,0.16,1076.1
TX02792,ACC_N1230,10250.66,0.377,1318.0
TX05521,ACC_N3436,11478.75,0.132,746.4
TX08333,ACC_N0787,5450.68,0.391,1088.6
TX04429,ACC_N2838,18078.21,0.353,1326.2
TX02943,ACC_N2206,7851.65,0.545,325.1
TX00279,ACC_A0177,29865.68,0.365,1971.1
TX07212,ACC_N0265,15126.2,0.434,1337.4
TX00011,ACC_M013,59263.02,0.968,20.3
TX04924,ACC_N3029,5259.25,0.376,531.3
TX01824,ACC_N1228,15041.49,0.347,490.8
TX06164,ACC_N0124,10358.92,0.502,
TX02783,ACC_N2699,15836.86,0.559,1407.2
TX06704,ACC_N0670,8209.45,0.13,517.9
TX06410,ACC_N0613,778.4,0.552,1000.2
TX04612,ACC_N3464,2837.82,0.437,1091.8
TX00016,ACC_M028,132532.03,0.992,31.6
TX05544,ACC_N1522,6232.25,0.135,329.3
TX03914,ACC_N2867,19480.65,0.222,1430.1
TX08140,ACC_N3352,12065.7,0.156,1301.6
TX05465,ACC_N1133,17447.87,0.421,194.2
TX04039,ACC_N1990,4818.29,0.375,1005.1
TX05081,ACC_N2089,14935.91,0.45,1423.2
TX07016,ACC_N1729,17755.05,0.346,383.3
TX07692,ACC_N1163,14761.4,0.217,180.3
TX06458,ACC_N2967,3801.97,0.272,901.1
TX02768,ACC_N0073,15743.72,0.273,949.9
TX09160,ACC_N2442,17114.21,0.27,1035.2
TX07169,ACC_N2266,8834.39,0.59,1410.9
TX09373,ACC_N0646,13866.72,0.476,504.5
TX09700,ACC_N0689,18651.45,0.327,1430.3
TX06873,ACC_N2195,12795.16,0.163,1345.3
TX08819,ACC_N2215,18095.75,0.4,790.3
TX08820,ACC_N2536,15909.77,0.168,512.4
TX01625,ACC_N2416,11767.65,0.199,813.4
TX07154,ACC_N2276,8745.69,0.212,343.4
TX01325,ACC_N2343,16482.39,0.143,1305.6
TX00470,ACC_A0271,50990.19,0.652,2563.6
TX07548,ACC_N1323,692.28,0.399,
TX04197,ACC_N1503,15410.55,0.172,1020.9
TX08894,ACC_N0257,12075.46,0.394,1044.6
TX01812,ACC_N2840,14266.15,0.505,489.8
TX01034,ACC_A0156,43800.13,0.34,507.0
TX03618,ACC_N3366,8470.5,0.395,425.9
TX06173,ACC_N1566,18572.73,0.379,1148.1
TX03886,ACC_N0240,17387.45,0.486,934.0
TX09973,ACC_N0229,12543.58,0.239,287.9
TX04702,ACC_N0442,10570.66,0.318,1328.9
TX02714,ACC_N2200,4912.41,0.193,253.9
TX04548,ACC_N0455,13681.85,0.327,1051.0
TX03943,ACC_N1738,7394.71,0.48,1016.8
TX04375,ACC_N3411,2245.64,0.257,735.7
TX08928,ACC_N1142,11987.77,0.286,1026.6
TX09865,ACC_N1198,7101.43,0.338,689.6
TX00017,ACC_M008,-186909.01,0.966,19.0
TX00939,ACC_A0088,36567.55,0.403,1799.0
TX03169,ACC_N1824,5622.06,0.471,384.4
TX01508,ACC_N0958,11790.06,0.377,850.8
TX04411,ACC_N3161,16926.24,0.149,1237.4
TX03040,ACC_N1385,4603.96,0.386,
TX00483,ACC_A0176,49441.03,0.516,1403.0
TX03702,ACC_N3489,3968.66,0.328,1310.0
TX05158,ACC_N3246,2844.89,0.48,531.5
TX05781,ACC_N1778,2185.69,0.369,1044.3
TX04533,ACC_N1517,5858.56,0.482,1032.3
TX09934,ACC_N3003,17726.04,0.107,140.4
TX03902,ACC_N3243,11602.03,0.495,1190.0
TX03250,ACC_N1631,9166.6,0.426,698.8
TX04827,ACC_N1626,783.04,0.501,1174.7
TX02797,ACC_N1089,12881.13,0.441,509.4
TX04400,ACC_N1913,16937.52,0.416,972.6
TX08467,ACC_N2138,6816.15,0.139,579.2
TX02365,ACC_N1780,-14504.27,0.313,342.8
TX05358,ACC_N1318,15051.96,0.203,683.9
TX03020,ACC_N0621,16038.8,0.115,1055.4
TX08089,ACC_N1687,1177.63,0.184,489.5
TX06665,ACC_N2684,4531.83,0.195,1263.1
TX00005,ACC_M010,120208.39,0.999,32.9
TX01598,ACC_N1083,3953.98,0.533,1322.7
TX09804,ACC_N0322,9439.3,0.465,1337.4
TX07635,ACC_N2199,9504.67,0.305,536.7
TX02325,ACC_N0044,16977.74,0.119,960.2
TX09928,ACC_N0904,4022.23,0.403,816.8
TX09723,ACC_N3102,13513.56,0.295,
TX09978,ACC_N0234,8587.29,0.552,1007.9
TX04600,ACC_N2402,17714.24,0.29,1307.7
TX00200,ACC_A0397,30633.6,0.323,2536.7
TX00226,ACC_A0249,29854.48,0.556,2611.0
TX05306,ACC_N2033,3690.67,0.135,792.9
TX08406,ACC_N3187,2783.59,0.441,1144.3
TX08586,ACC_N1192,16473.04,0.522,460.3
TX00935,ACC_A0016,34737.32,0.456,1930.5
TX04761,ACC_N1408,3364.44,0.531,281.6
TX00224,ACC_A0211,55239.78,0.568,2144.8
TX08416,ACC_N0618,5712.25,0.36,897.7
TX01721,ACC_N1007,13595.96,0.543,1046.0
TX01889,ACC_N2175,1562.98,0.22,1236.2
TX09411,ACC_N1361,11745.13,0.26,1247.5
TX02315,ACC_N0476,15099.62,0.211,1299.2
TX02490,ACC_N1287,5410.23,0.268,866.2
TX02984,ACC_N1312,16392.8,0.482,540.3
TX05624,ACC_N1809,19089.82,0.145,1372.7
TX05228,ACC_N2458,18079.36,0.28,1075.1
TX02255,ACC_N2327,19247.58,0.543,575.3
TX00678,ACC_A0271,27225.91,0.615,1410.4
TX08642,ACC_N1193,2759.02,0.556,1046.2
TX02847,ACC_N0574,18278.69,0.582,1336.7
TX08314,ACC_N2267,12134.51,0.592,1185.4
TX03867,ACC_N2752,17247.41,0.409,557.1
TX03233,ACC_N2171,7148.48,0.155,801.5
TX00817,ACC_A0079,41747.81,0.465,500.3
TX02520,ACC_N0059,9351.56,0.231,514.0
TX08246,ACC_N1430,3373.61,0.516,547.0
TX05936,ACC_N0974,13729.18,0.357,630.0
TX08267,ACC_N2625,1258.47,0.293,957.3
TX07465,ACC_N2898,15899.7,0.395,1368.8
TX08172,ACC_N2833,5492.87,0.553,359.8
TX00936,ACC_A0302,47617.2,0.592,546.1
TX02664,ACC_N1896,545.31,0.187,1302.6
TX09810,ACC_N2381,11084.08,0.23,1016.7
TX06993,ACC_N0434,11797.9,0.433,273.7
TX02318,ACC_N0887,19138.94,0.589,510.9
TX09315,ACC_N1930,18364.91,0.432,555.2
TX04633,ACC_N2162,16797.77,0.22,
TX09464,ACC_N1285,10480.22,0.383,581.1
TX03213,ACC_N0432,705.76,0.528,326.0
TX05163,ACC_N0113,13935.5,0.226,258.4
TX04659,ACC_N0500,11856.71,0.593,248.7
TX08035,ACC_N1334,11264.63,0.187,476.0
TX04954,ACC_N1897,13365.39,0.255,613.1
TX02629,ACC_N2826,6785.33,0.289,1239.3
TX00430,ACC_A0083,52687.09,0.47,2315.9
TX09170,ACC_N2767,17506.86,0.535,237.3
TX00282,ACC_A0349,25139.98,0.527,392.7
TX02679,ACC_N1509,4209.44,0.274,341.1
TX07631,ACC_N0916,13204.04,0.415,
TX08833,ACC_N2125,14668.79,0.358,1083.3
TX04590,ACC_N1223,13780.48,0.108,240.2
TX03262,ACC_N2299,13605.02,0.118,1101.7
TX09691,ACC_N3205,14820.28,0.317,1044.9
TX06620,ACC_N0010,18474.89,0.207,697.0
TX01714,ACC_N1712,2082.7,0.129,407.8
TX09662,ACC_N1989,3224.94,0.267,122.1
TX05365,ACC_N2788,7656.37,0.216,273.8
TX08386,ACC_N2014,15369.43,0.483,1058.7
TX04578,ACC_N0991,16891.77,0.29,444.8
TX04478,ACC_N0132,19251.24,0.279,610.7
TX07569,ACC_N1602,6841.81,0.275,1104.5
TX06607,ACC_N1819,13524.53,0.433,603.2
TX02728,ACC_N2443,18839.7,0.519,156.9
TX08707,ACC_N2321,12037.33,0.485,1297.7
TX09695,ACC_N2056,4752.5,0.599,1012.6
TX04715,ACC_N1136,3008.17,0.129,780.6
TX03209,ACC_N0407,10255.67,0.344,1305.4
TX09261,ACC_N2879,14188.09,0.325,615.9
TX09994,ACC_N2648,2694.81,0.596,341.3
TX03089,ACC_N0635,16824.66,0.273,1131.3
TX00169,ACC_A0383,51737.36,0.555,1930.8
TX06285,ACC_N2897,5372.59,0.171,1347.3
TX00392,ACC_A0233,39293.73,0.563,765.2
TX02387,ACC_N3310,15395.2,0.485,450.2
TX05791,ACC_N2180,8625.55,0.395,569.5
TX01129,ACC_A0054,47197.09,0.402,1423.3
TX02317,ACC_N2810,17409.96,0.387,365.7
TX05582,ACC_N0204,15301.05,0.581,903.0
TX06322,ACC_N1383,11925.0,0.282,1171.0
TX01884,ACC_N0836,2740.67,0.454,950.7
TX07803,ACC_N1036,8265.09,0.512,251.9
TX03373,ACC_N1582,8567.79,0.568,339.3
TX04111,ACC_N2422,12708.91,0.416,563.2
TX02137,ACC_N1899,16267.13,0.188,940.9
TX09361,ACC_N0288,11916.95,0.264,883.1
TX07849,ACC_N3253,4606.29,0.388,1440.0
TX05795,ACC_N1990,11876.73,0.58,561.5
TX07253,ACC_N0228,19132.6,0.234,1115.2
TX08649,ACC_N0828,6003.46,0.189,1099.3
TX02374,ACC_N1729,3632.36,0.516,739.6
TX03797,ACC_N3178,8058.68,0.395,624.9
TX08578,ACC_N3457,16079.82,0.541,781.2
TX00951,ACC_A0225,39411.54,0.403,1195.2
TX01713,ACC_N1045,12680.95,0.28,932.8
TX07218,ACC_N1190,15963.66,0.563,765.3
TX03096,ACC_N0829,4413.9,0.328,535.1
TX08241,ACC_N1638,9007.38,0.38,211.8
TX02863,ACC_N1463,9532.39,0.576,765.6
TX06219,ACC_N0287,4717.87,0.549,514.4
TX00139,ACC_M021,213633.32,0.964,32.1
TX06260,ACC_N0711,13535.53,0.411,542.7
TX06442,ACC_N1926,8228.95,0.215,614.6
TX02205,ACC_N2918,15131.45,0.121,479.5
TX05518,ACC_N1692,1784.93,0.444,268.0
TX00472,ACC_A0105,36070.43,0.518,371.0
TX00237,ACC_A0365,41877.51,0.479,1775.3
TX06643,ACC_N1160,11949.99,0.388,279.4
TX08597,ACC_N1848,2013.11,0.326,686.0
TX09309,ACC_N0646,17361.92,0.403,779.8
TX00100,ACC_M046,98551.14,0.993,34.2
TX00800,ACC_A0018,23077.38,0.605,2685.4
TX00051,ACC_M041,486313.08,0.982,23.1
TX01966,ACC_N0711,4238.86,0.495,620.0
TX02638,ACC_N1435,873.77,0.287,758.2
TX07824,ACC_N0947,11356.99,0.4,
TX04817,ACC_N2173,5376.61,0.338,521.7
TX00255,ACC_A0120,19719.11,0.308,634.4
TX01640,ACC_N1582,-6472.87,0.451,600.5
TX06468,ACC_N2920,19618.08,0.269,1045.8
TX07075,ACC_N3475,9518.56,0.272,322.2
TX06615,ACC_N0633,10873.14,0.313,456.6
TX02476,ACC_N1830,6310.12,0.514,1083.0
TX04650,ACC_N0936,10235.24,0.389,667.0
TX07168,ACC_N2901,17096.66,0.453,1094.2
TX03576,ACC_N0701,2191.6,0.484,604.3
TX06078,ACC_N1561,5158.64,0.125,732.1
TX08080,ACC_N0894,3862.6,0.585,1317.3
TX03765,ACC_N1305,2424.36,0.301,1033.7
TX08235,ACC_N1728,10891.36,0.349,1263.9
TX03278,ACC_N1815,14704.24,0.265,135.5
TX08163,ACC_N0049,15780.95,0.545,1062.6
TX01978,ACC_N0569,-2822.58,0.516,872.3
TX00532,ACC_A0005,31324.11,0.557,2187.8
TX05610,ACC_N1568,10179.78,0.29,785.0
TX03641,ACC_N2696,12345.7,0.215,1213.8
TX00460,ACC_A0282,58899.36,0.455,448.9
TX08313,ACC_N2267,16928.32,0.221,1252.0
TX02817,ACC_N0308,4250.75,0.392,1390.7
TX03907,ACC_N2300,10984.83,0.243,311.9
TX02703,ACC_N3332,2503.98,0.53,747.5
TX02220,ACC_N3162,19937.78,0.462,1309.2
TX08365,ACC_N2098,17721.09,0.559,1208.4
TX06774,ACC_N0727,806.85,0.177,296.0
TX04339,ACC_N1467,6317.59,0.316,135.3
TX06661,ACC_N0494,18054.58,0.569,959.0
TX01435,ACC_N2302,8964.02,0.442,808.0
TX09718,ACC_N2526,16137.95,0.279,848.9
TX07083,ACC_N0442,18360.59,0.559,1242.3
TX06725,ACC_N3200,18815.57,0.385,223.0
TX07845,ACC_N2572,2087.84,0.499,665.8
TX02717,ACC_N3239,5862.98,0.53,471.1
TX08239,ACC_N1428,5293.85,0.546,298.0
TX05942,ACC_N0088,13085.27,0.552,311.6
TX04456,ACC_N2349,17245.48,0.106,770.0
TX00601,ACC_A0014,30819.31,0.582,2122.0
TX09682,ACC_N3269,1599.37,0.27,869.1
TX00970,ACC_A0195,16322.75,0.362,2168.8
TX02265,ACC_N0004,6159.97,0.563,400.1
TX02478,ACC_N2451,3689.3,0.362,1089.1
TX01216,ACC_N2745,16407.5,0.314,200.0
TX02677,ACC_N1292,11140.54,0.479,1102.0
TX05689,ACC_N1786,18880.75,0.162,243.6
TX03634,ACC_N0761,15957.51,0.245,1036.6
TX05034,ACC_N0475,4581.78,0.198,
TX04290,ACC_N1969,16361.43,0.391,803.4
TX05193,ACC_N0082,15348.45,0.37,548.9
TX06688,ACC_N1622,15691.82,0.397,
TX03268,ACC_N2692,12808.17,0.287,1405.6
TX07155,ACC_N0615,4158.41,0.574,595.7
TX04441,ACC_N0730,17150.39,0.492,353.5
TX04507,ACC_N2461,15549.77,0.522,1004.4
TX06614,ACC_N3271,6700.22,0.584,486.9
TX06295,ACC_N1291,7143.0,0.498,1203.3
TX07520,ACC_N1128,1924.51,0.339,1435.5
TX06579,ACC_N2110,19452.53,0.232,626.9
TX06158,ACC_N2335,16941.97,0.578,1376.4
TX04677,ACC_N1398,9024.85,0.152,565.3
TX04909,ACC_N0759,3329.56,0.147,325.1
TX08556,ACC_N1576,19248.62,0.262,368.8
TX08500,ACC_N2532,4875.15,0.233,1061.6
TX06785,ACC_N2838,13148.59,0.53,576.6
TX05180,ACC_N1644,7656.46,0.105,1391.1
TX04707,ACC_N1550,3102.64,0.591,270.3
TX00606,ACC_A0283,18417.0,0.612,1544.2
TX09002,ACC_N1941,15832.5,0.107,808.9
TX08236,ACC_N1632,15302.57,0.305,465.7
TX05078,ACC_N2673,852.17,0.324,137.8
TX06051,ACC_N3261,12688.02,0.438,173.4
TX02945,ACC_N2739,5834.07,0.566,876.0
TX07252,ACC_N0243,3698.6,0.4,429.1
TX03624,ACC_N3221,14723.6,0.493,1170.1
TX00133,ACC_M013,103939.42,0.969,28.2
TX09494,ACC_N2882,5097.19,0.178,1438.8
TX05345,ACC_N0456,7143.37,0.299,869.6
TX08791,ACC_N0904,3047.18,0.132,789.6
TX05671,ACC_N1579,18166.49,0.485,562.8
TX01348,ACC_N3187,10648.76,0.463,257.8
TX02082,ACC_N1272,6155.86,0.427,908.9
TX03823,ACC_N1746,19845.46,0.155,
TX03985,ACC_N1469,4949.24,0.554,724.9
TX05459,ACC_N1509,17415.8,0.444,679.1
TX08361,ACC_N3043,2971.07,0.246,449.9
TX04527,ACC_N0575,12801.6,0.247,326.8
TX04385,ACC_N2972,12516.95,0.513,1277.0
TX03433,ACC_N1708,5597.25,0.29,1145.3
TX04109,ACC_N1332,1404.86,0.573,475.7
TX04017,ACC_N0258,6402.24,0.285,560.1
TX01932,ACC_N0247,10861.46,0.161,319.5
TX01686,ACC_N2269,7840.09,0.459,403.2
TX04273,ACC_N1570,9860.36,0.316,1083.1
TX00248,ACC_A0039,45922.45,0.3,2478.2
TX01393,ACC_N2903,1494.01,0.172,695.9
TX02755,ACC_N0681,1997.52,0.476,1086.1
TX04415,ACC_N1112,4304.62,0.257,1001.9
TX08757,ACC_N2098,13568.93,0.539,472.2
TX07844,ACC_N0636,19258.88,0.332,1219.0
TX07937,ACC_N0416,8525.34,0.336,149.6
TX03670,ACC_N1950,17099.59,0.487,893.6
TX07244,ACC_N3200,16108.01,0.332,976.3
TX08998,ACC_N1310,19182.7,0.536,698.6
TX02101,ACC_N0729,17283.02,0.441,257.4
TX07516,ACC_N1292,11100.08,0.216,1384.4
TX07277,ACC_N2938,18297.67,0.398,297.7
TX03486,ACC_N0361,12732.63,0.337,379.3
TX04840,ACC_N2142,17489.66,0.192,503.6
TX01042,ACC_A0357,36595.37,0.352,1620.0
TX02238,ACC_N1913,14449.93,0.358,475.3
TX01848,ACC_N2747,9714.05,0.225,549.4
TX06361,ACC_N2087,15402.76,0.473,929.8
TX08287,ACC_N3162,758.01,0.315,1289.3
TX04032,ACC_N3430,8067.93,0.322,512.5
TX03811,ACC_N3265,16830.29,0.403,806.6
TX08677,ACC_N3436,-10969.57,0.175,951.7
TX06930,ACC_N1444,7567.41,0.312,
TX04791,ACC_N2376,18626.87,0.349,1020.0
TX05443,ACC_N0171,15748.08,0.341,527.4
TX05708,ACC_N1335,5048.41,0.349,947.2
TX06548,ACC_N1154,776.94,0.37,770.9
TX05296,ACC_N1714,3953.87,0.199,407.7
TX04358,ACC_N2052,11991.07,0.432,1425.2
TX09454,ACC_N3273,11844.72,0.253,646.3
TX00586,ACC_A0208,57718.81,0.366,1717.2
TX04993,ACC_N1051,15642.87,0.294,359.4
TX01780,ACC_N0410,16810.21,0.359,591.0
TX04576,ACC_N1092,6268.54,0.491,1315.7
TX00797,ACC_A0272,34450.84,0.386,1451.2
TX09524,ACC_N1105,6229.82,0.164,210.1
TX07696,ACC_N1360,987.8,0.125,1031.3
TX05209,ACC_N1014,9338.6,0.366,1195.1
TX01845,ACC_N1046,14396.98,0.15,998.2
TX07088,ACC_N3118,-13048.72,0.43,709.0
TX01518,ACC_N0008,11369.4,0.443,1439.4
TX06713,ACC_N2940,13027.32,0.491,1388.6
TX03010,ACC_N2925,9338.72,0.194,614.4
TX03379,ACC_N2776,2949.5,0.568,467.7
TX00308,ACC_A0219,46992.86,0.427,2637.6
TX04798,ACC_N0484,1197.44,0.459,1256.7
TX09717,ACC_N0545,16673.56,0.448,1064.1
TX06011,ACC_N0627,10051.65,0.562,867.2
TX09153,ACC_N1067,16505.26,0.596,762.1
TX09246,ACC_N1362,4711.71,0.582,505.3
TX09077,ACC_N1479,18681.91,0.585,324.3
TX07381,ACC_N0995,11299.89,0.284,1358.8
TX07701,ACC_N0283,9900.82,0.196,1056.8
TX04944,ACC_N1701,5775.17,0.134,674.5
TX02961,ACC_N1789,2948.85,0.546,1403.2
TX08000,ACC_N2636,2336.31,0.224,226.2
TX06510,ACC_N1190,1359.8,0.12,614.4
TX05017,ACC_N1739,14264.71,0.393,448.9
TX06735,ACC_N2199,9798.34,0.253,667.0
TX02900,ACC_N2456,10899.51,0.293,146.3
TX08527,ACC_N0196,2895.38,0.222,125.0
TX04116,ACC_N0300,13284.77,0.58,594.3
TX05639,ACC_N2677,1168.09,0.448,338.5
TX06094,ACC_N0582,18812.63,0.191,1244.8
TX08452,ACC_N2219,5368.77,0.507,803.3
TX04152,ACC_N0671,3927.78,0.586,1204.9
TX07805,ACC_N2820,1249.3,0.591,641.9
TX06519,ACC_N1602,18684.59,0.527,281.2
TX06439,ACC_N0777,6658.02,0.2,297.7
TX03219,ACC_N2917,2754.31,0.506,602.3
TX08206,ACC_N1447,10289.25,0.572,
TX00557,ACC_A0381,37414.08,0.36,1543.2
TX04422,ACC_N0917,19682.77,0.156,1078.2
TX09287,ACC_N1511,17759.55,0.176,
TX09894,ACC_N2922,6837.34,0.226,1172.4
TX02552,ACC_N2735,9540.63,0.316,894.5
TX08171,ACC_N2718,-9031.04,0.548,345.6
TX01426,ACC_N2979,12562.9,0.439,944.0
TX00782,ACC_A0099,15050.41,0.637,1511.4
TX04763,ACC_N2935,13777.89,0.188,405.0
TX08175,ACC_N0016,19960.26,0.197,1008.0
TX05831,ACC_N1799,16737.32,0.247,1270.0
TX09527,ACC_N2411,8517.64,0.386,147.6
TX08557,ACC_N0924,6757.19,0.202,1196.6
TX07422,ACC_N1450,3324.63,0.581,1089.3
TX02324,ACC_N3465,1625.95,0.451,723.7
TX09846,ACC_N1860,10280.78,0.483,1103.8
TX02659,ACC_N1021,16737.53,0.523,1162.4
TX00435,ACC_A0360,32068.76,0.391,2455.4
TX08293,ACC_N2576,15439.37,0.212,716.2
TX08837,ACC_N0739,9746.12,0.246,807.8
TX03118,ACC_N0254,14633.35,0.56,366.6
TX06680,ACC_N2647,9840.38,0.507,1052.1
TX08839,ACC_N0941,1148.46,0.102,784.5
TX01497,ACC_N3182,15918.48,0.429,179.1
TX04016,ACC_N3461,16673.86,0.591,1108.5
TX02300,ACC_N0917,14401.21,0.476,529.6
TX03505,ACC_N0847,12656.53,0.416,842.6
TX07556,ACC_N0218,11480.34,0.563,1293.6
TX00600,ACC_A0366,30497.27,0.675,1592.8
TX09367,ACC_N0573,12933.72,0.388,272.2
TX01173,ACC_N1661,15544.49,0.223,439.3
TX01706,ACC_N0052,5072.74,0.511,1047.4
TX01395,ACC_N0672,4551.78,0.187,482.2
TX02285,ACC_N2342,6824.41,0.163,291.3
TX08385,ACC_N2796,5696.7,0.215,1160.9
TX02514,ACC_N2201,9174.37,0.221,1238.4
TX08147,ACC_N2756,12859.4,0.251,702.8
TX03674,ACC_N3172,4932.78,0.499,925.2
TX06385,ACC_N1001,658.85,0.178,660.2
TX05241,ACC_N1132,3689.14,0.453,
TX09801,ACC_N0486,4657.68,0.184,760.4
TX04644,ACC_N2636,5704.54,0.561,880.0
TX09281,ACC_N0908,741.57,0.172,646.8
TX02078,ACC_N0548,6049.71,0.587,1353.9
TX00518,ACC_A0227,53165.76,0.51,1710.5
TX06037,ACC_N3443,10533.28,0.526,486.9
TX05322,ACC_N1419,17896.98,0.409,711.4
TX01450,ACC_N0698,1848.49,0.547,1313.7
TX08213,ACC_N1887,7287.37,0.573,964.8
TX00058,ACC_M054,138192.29,0.983,26.8
TX09353,ACC_N0894,17636.62,0.221,774.3
TX00823,ACC_A0063,26362.89,0.686,1189.5
TX01615,ACC_N2127,6489.34,0.451,1229.6
TX08489,ACC_N0459,14394.57,0.269,1248.4
TX06898,ACC_N2487,18013.81,0.114,1324.1
TX07378,ACC_N0776,1912.24,0.362,1326.1
TX08499,ACC_N1969,7327.04,0.121,922.3
TX09681,ACC_N1397,15680.62,0.147,276.1
TX05001,ACC_N1993,15655.48,0.242,1390.4
TX07000,ACC_N2555,19207.91,0.486,1240.6
TX09589,ACC_N3354,8683.25,0.28,998.2
TX00785,ACC_A0214,26640.97,0.596,1025.1
TX09181,ACC_N2493,2990.98,0.302,766.3
TX03515,ACC_N1168,15130.3,0.208,1345.0
TX02054,ACC_N0426,9591.94,0.559,1101.6
TX03635,ACC_N0356,5943.31,0.596,474.5
TX05430,ACC_N1998,19089.74,0.384,173.7
TX07117,ACC_N1409,9811.02,0.488,1152.0
TX02646,ACC_N1983,12613.92,0.32,551.1
TX01314,ACC_N1919,18739.87,0.471,764.4
TX01081,ACC_A0046,22167.94,0.617,1367.7
TX03063,ACC_N0432,16456.86,0.415,1135.9
TX09455,ACC_N1690,6806.83,0.21,751.0
TX02841,ACC_N3015,14909.14,0.449,454.4
TX02013,ACC_N2908,5952.91,0.237,455.7
TX04705,ACC_N3234,3669.06,0.42,121.0
TX07827,ACC_N0564,2762.34,0.294,604.5
TX09658,ACC_N1419,11417.78,0.51,1369.2
TX06923,ACC_N2070,16131.31,0.285,524.7
TX00804,ACC_A0262,49688.43,0.393,2215.7
TX03610,ACC_N0927,10201.82,0.33,246.4
TX09256,ACC_N1430,8381.8,0.193,703.5
TX04513,ACC_N2140,18865.42,0.554,646.3
TX01305,ACC_N1765,18158.01,0.316,214.0
TX01313,ACC_N0260,4754.4,0.177,989.3
TX08828,ACC_N0173,9849.87,0.371,450.8
TX00456,ACC_A0067,27491.42,0.539,1542.4
TX06369,ACC_N0252,6586.5,0.239,868.9
TX07181,ACC_N1829,14154.19,0.428,675.2
TX07772,ACC_N1938,3736.89,0.12,1369.8
TX09808,ACC_N3298,19437.9,0.272,995.9
TX00541,ACC_A0349,23194.82,0.373,623.4
TX07678,ACC_N2519,3156.91,0.516,1268.6
TX09489,ACC_N1962,5815.18,0.242,148.8
TX07384,ACC_N1033,13033.66,0.217,1229.2
TX00492,ACC_A0378,59051.91,0.465,2423.8
TX01883,ACC_N0778,17859.61,0.113,515.0
TX00906,ACC_A0300,52103.13,0.549,1024.7
TX09638,ACC_N1753,7910.14,0.483,628.8
TX08159,ACC_N0012,12639.9,0.353,842.9
TX07945,ACC_N1716,5429.77,0.217,881.8
TX00275,ACC_A0387,55484.13,0.63,2156.7
TX04896,ACC_N3369,14699.58,0.282,248.1
TX01288,ACC_N0813,17953.77,0.463,878.7
TX05815,ACC_N0569,1695.33,0.176,440.8
TX09354,ACC_N3307,13796.52,0.186,1358.0
TX01732,ACC_N2814,17326.99,0.595,995.9
TX02823,ACC_N1655,18937.15,0.3,386.1
TX02812,ACC_N0888,7232.66,0.242,1012.2
TX05079,ACC_N0376,9913.2,0.212,523.4
TX08852,ACC_N3120,19195.72,0.361,939.6
TX00362,ACC_A0288,30991.31,0.354,2485.8
TX03971,ACC_N3032,7249.12,0.158,894.8
TX06722,ACC_N0032,2053.29,0.105,1229.2
TX01384,ACC_N2496,933.26,0.593,1195.7
TX09667,ACC_N2346,15165.16,0.516,1201.0
TX09947,ACC_N3369,1772.76,0.126,259.2
TX08019,ACC_N0588,3076.8,0.502,1128.4
TX08168,ACC_N0186,15347.08,0.597,1103.3
TX05435,ACC_N2414,2363.7,0.173,141.7
TX09730,ACC_N0713,5894.13,0.204,1051.2
TX07991,ACC_N0989,16927.93,0.103,472.2
TX08418,ACC_N3224,10686.47,0.508,294.5
TX00112,ACC_M050,122549.58,1.0,42.8
TX06600,ACC_N0493,5873.36,0.114,972.9
TX08967,ACC_N1850,-13759.72,0.306,393.8
TX01677,ACC_N3053,5898.96,0.469,787.6
TX06171,ACC_N1756,-3658.36,0.129,851.6
TX00356,ACC_A0044,47120.21,0.51,1748.1
TX01832,ACC_N2636,12573.78,0.207,761.7
TX00594,ACC_A0145,52868.83,0.641,620.9
TX07959,ACC_N1446,12129.52,0.213,199.3
TX08136,ACC_N2151,12638.47,0.442,694.6
TX00954,ACC_A0047,33146.76,0.565,966.2
TX09809,ACC_N1290,15832.79,0.313,632.0
TX00585,ACC_A0099,42468.21,0.692,1423.1
TX05140,ACC_N3107,18239.67,0.154,168.5
TX05395,ACC_N0877,1092.4,0.475,909.9
TX04044,ACC_N1409,11636.32,0.595,351.2
TX02747,ACC_N0196,-17436.78,0.434,1173.4
TX02495,ACC_N2110,6282.48,0.193,350.5
TX09764,ACC_N2492,7809.2,0.398,1241.6
TX08695,ACC_N3383,3034.42,0.59,1030.8
TX01320,ACC_N1787,3710.25,0.216,1069.4
TX04587,ACC_N0959,2299.25,0.141,309.2
TX05118,ACC_N0647,17965.23,0.274,659.3
TX07379,ACC_N1017,6257.58,0.446,1280.9
TX04574,ACC_N0191,16212.06,0.162,508.1
TX00097,ACC_M048,285229.77,0.971,38.8
TX04696,ACC_N1413,4003.08,0.515,1104.4
TX03031,ACC_N1982,12289.2,0.223,1372.1
TX07949,ACC_N1620,8304.58,0.572,1053.8
TX05827,ACC_N3439,16793.51,0.222,468.3
TX01260,ACC_N1107,3855.68,0.37,1226.9
TX03371,ACC_N0334,10692.83,0.435,858.0
TX04524,ACC_N3002,11685.74,0.395,840.5
TX06217,ACC_N0039,14481.02,0.456,1358.2
TX02188,ACC_N3311,13442.98,0.404,229.6
TX01496,ACC_N1484,4032.85,0.365,990.8
TX03937,ACC_N2534,11752.75,0.425,268.5
TX01191,ACC_N0026,17925.89,0.59,1146.5
TX09665,ACC_N1075,14791.98,0.232,842.2
TX02391,ACC_N1843,12999.98,0.353,1100.5
TX00538,ACC_A0056,40459.95,0.371,2410.5
TX05272,ACC_N2972,19866.51,0.151,885.0
TX04010,ACC_N3018,2027.38,0.469,1431.6
TX08993,ACC_N2962,7846.41,0.25,1084.0
TX01814,ACC_N3396,16668.44,0.295,683.8
TX01738,ACC_N1950,2876.65,0.394,1026.8
TX09851,ACC_N2792,5732.36,0.459,1298.5
TX08508,ACC_N1181,1924.64,0.133,1208.3
TX04572,ACC_N0086,15545.61,0.422,361.2
TX09131,ACC_N0888,7849.45,0.341,1181.1
TX01949,ACC_N2402,3198.18,0.436,
TX03667,ACC_N1466,576.33,0.483,302.7
TX01905,ACC_N0938,6587.74,0.126,431.3
TX01855,ACC_N3099,11727.82,0.428,1022.6
TX04425,ACC_N2587,19927.79,0.498,1012.6
TX08142,ACC_N3315,5961.04,0.113,341.9
TX06784,ACC_N2318,5856.41,0.488,895.5
TX07604,ACC_N1762,15410.07,0.428,592.5
TX01382,ACC_N2333,13232.97,0.193,
TX01187,ACC_N3368,3501.43,0.541,1365.0
TX03502,ACC_N1528,10243.82,0.458,485.3
TX04414,ACC_N0587,16754.7,0.437,585.4
TX09873,ACC_N0319,11848.76,0.22,1210.8
TX09481,ACC_N1421,15767.68,0.435,509.6
TX08641,ACC_N0461,3860.08,0.433,1307.7
TX06909,ACC_N0394,2038.59,0.144,694.0
TX07639,ACC_N2351,4843.59,0.201,1363.2
TX09826,ACC_N3493,18666.36,0.301,235.2
TX00997,ACC_A0237,-19286.77,0.454,2229.4
TX09117,ACC_N0810,18504.01,0.506,1139.8
TX06794,ACC_N1130,7605.53,0.528,697.8
TX00403,ACC_A0359,30413.59,0.48,2000.5
TX09473,ACC_N3331,5385.01,0.241,763.6
TX04646,ACC_N0726,3862.7,0.149,179.0
TX07718,ACC_N2567,14629.88,0.432,693.4
TX04639,ACC_N0156,19733.4,0.303,1199.0
TX07861,ACC_N0535,6403.58,0.156,972.1
TX02649,ACC_N1160,785.62,0.486,973.7
TX00243,ACC_A0346,38906.96,0.602,2041.9
TX03337,ACC_N0963,4257.48,0.303,647.9
TX08128,ACC_N2227,732.14,0.135,819.3
TX07243,ACC_N3351,12272.67,0.294,1367.8
TX00722,ACC_A0379,38626.42,0.366,2408.5
TX01864,ACC_N1008,5016.18,0.165,414.8
TX01451,ACC_N0183,16636.23,0.569,451.7
TX02882,ACC_N2336,17175.72,0.376,376.8
TX01602,ACC_N0869,13811.73,0.24,696.1
TX08584,ACC_N1291,14141.4,0.444,576.5
TX01397,ACC_N0769,-2691.11,0.288,1367.3
TX07084,ACC_N2293,19183.39,0.294,556.5
TX08158,ACC_N3348,1726.08,0.15,544.2
TX05867,ACC_N1404,7101.27,0.528,504.4
TX01782,ACC_N1442,780.43,0.227,1119.4
TX00873,ACC_A0356,40128.57,0.31,2829.5
TX08579,ACC_N1884,7563.45,0.552,1324.3
TX00168,ACC_A0166,28849.98,0.301,1716.8
TX00783,ACC_A0011,-40028.18,0.402,373.0
TX03391,ACC_N3060,14737.54,0.411,215.5
TX00653,ACC_A0288,38861.93,0.373,2728.5
TX09742,ACC_N3258,14786.09,0.437,135.1
TX08794,ACC_N1126,17610.84,0.222,977.2
TX03124,ACC_N2628,13480.18,0.579,445.0
TX00177,ACC_A0011,43771.26,0.608,2472.6
TX02180,ACC_N3351,10039.93,0.548,579.6
TX08457,ACC_N2403,-19379.08,0.562,420.7
TX03034,ACC_N0835,19577.45,0.355,426.6
TX02249,ACC_N0614,9279.61,0.479,625.7
TX04733,ACC_N1148,16887.81,0.449,968.4
TX08145,ACC_N1103,6845.4,0.433,1016.7
TX05684,ACC_N0557,18062.99,0.44,650.7
TX02814,ACC_N3041,12628.63,0.561,648.8
TX04184,ACC_N1469,720.99,0.406,380.8
TX05688,ACC_N2816,14670.07,0.405,475.7
TX08199,ACC_N2825,11388.65,0.266,1011.4
TX02280,ACC_N0272,1484.89,0.266,1398.0
TX02807,ACC_N1303,12722.03,0.296,697.4
TX00894,ACC_A0009,19625.66,0.694,824.9
TX03212,ACC_N1655,4156.78,0.578,743.2
TX03014,ACC_N2141,4237.59,0.56,1389.0
TX04853,ACC_N0751,18926.86,0.2,842.9
TX05852,ACC_N1611,1687.79,0.454,994.3
TX04621,ACC_N2077,4202.13,0.372,351.5
TX09774,ACC_N1387,9721.82,0.494,1081.5
TX08021,ACC_N2380,9262.19,0.298,239.6
TX02579,ACC_N0585,11668.83,0.597,1095.3
TX08734,ACC_N0455,19139.3,0.404,453.7
TX07167,ACC_N1037,4630.09,0.236,206.4
TX08433,ACC_N1315,13078.11,0.239,1026.9
TX03125,ACC_N0254,10122.86,0.485,1008.8
TX01033,ACC_A0101,17326.36,0.354,335.3
TX06829,ACC_N2210,19577.35,0.578,126.1
TX05414,ACC_N0697,5218.23,0.164,902.2
TX00263,ACC_A0208,30431.71,0.646,1586.3
TX08669,ACC_N0237,13391.8,0.224,597.0
TX00041,ACC_M021,104917.21,0.955,22.6
TX03116,ACC_N3340,13616.56,0.531,210.7
TX03575,ACC_N2196,4309.5,0.451,494.0
TX00514,ACC_A0303,29579.55,0.546,417.1
TX02507,ACC_N0828,8995.61,0.385,1376.4
TX07350,ACC_N2716,875.35,0.588,
TX05784,ACC_N1148,9462.19,0.481,291.3
TX00967,ACC_A0331,39448.52,0.501,1847.4
TX03544,ACC_N0556,18548.87,0.556,1222.0
TX07108,ACC_N2908,17421.75,0.561,519.2
TX09429,ACC_N0724,15738.47,0.502,370.2
TX01984,ACC_N1889,14234.54,0.122,796.4
TX09655,ACC_N1693,14471.55,0.394,1052.5
TX06012,ACC_N1265,10589.93,0.297,551.3
TX01065,ACC_A0151,59038.41,0.371,2725.0
TX01923,ACC_N0829,9865.74,0.316,603.8
TX00021,ACC_M003,325333.8,0.984,25.2
TX05428,ACC_N3454,10887.37,0.426,225.8
TX07456,ACC_N3031,998.79,0.104,564.1
TX01792,ACC_N2221,14168.24,0.411,371.5
TX03205,ACC_N0121,13483.7,0.403,214.6
TX02347,ACC_N0627,5101.93,0.397,719.9
TX00923,ACC_A0181,57630.77,0.627,2181.4
TX03102,ACC_N0805,14138.0,0.258,417.4
TX09881,ACC_N1528,16857.5,0.338,178.9
TX07804,ACC_N0361,15553.31,0.414,256.7
TX00510,ACC_A0113,58319.22,0.563,1209.7
TX00197,ACC_A0226,17980.62,0.555,2259.8
TX06516,ACC_N0684,14226.87,0.427,1145.4
TX07001,ACC_N2313,4558.14,0.188,1339.3
TX08769,ACC_N1475,17969.16,0.493,318.4
TX08005,ACC_N1241,19384.41,0.124,969.2
TX07380,ACC_N0097,4274.1,0.122,318.8
TX08057,ACC_N2090,14822.13,0.596,541.3
TX02018,ACC_N1829,15601.18,0.46,1309.2
TX08002,ACC_N1495,12793.94,0.256,142.6
TX08203,ACC_N1295,11104.07,0.245,1348.6
TX04296,ACC_N0339,11296.72,0.331,561.5
TX00740,ACC_A0251,16594.01,0.695,1215.5
TX09352,ACC_N2623,16567.71,0.367,980.4
TX00771,ACC_A0314,19762.53,0.335,1588.5
TX02743,ACC_N2404,2363.4,0.123,798.5
TX03913,ACC_N0019,14362.44,0.448,365.8
TX03786,ACC_N0017,16102.98,0.296,152.4
TX02050,ACC_N1346,5479.39,0.537,678.4
TX06918,ACC_N3475,7395.03,0.14,779.1
TX07994,ACC_N2967,14282.98,0.575,465.7
TX04198,ACC_N0787,6051.41,0.545,1234.8
TX09377,ACC_N3259,5766.87,0.344,975.8
TX00220,ACC_A0208,16431.21,0.437,1338.3
TX00008,ACC_M039,439779.27,0.988,15.2
TX09434,ACC_N0449,15255.49,0.35,667.4
TX01803,ACC_N0271,4126.25,0.333,1432.3
TX08466,ACC_N0670,19952.19,0.515,818.5
TX02549,ACC_N3481,12057.57,0.414,425.1
TX03168,ACC_N0299,10673.38,0.126,746.5
TX08091,ACC_N0952,13011.15,0.564,309.5
TX01649,ACC_N1619,3079.61,0.592,1214.0
TX06290,ACC_N0756,1949.47,0.315,1169.5
TX04089,ACC_N1187,11886.57,0.301,172.8
TX01507,ACC_N3388,14440.54,0.302,1132.7
TX00129,ACC_M022,53128.46,0.985,16.4
TX05935,ACC_N0587,11215.05,0.234,
TX08772,ACC_N0007,3627.49,0.186,271.1
TX07455,ACC_N3279,3252.74,0.4,953.1
TX04877,ACC_N2213,14782.61,0.431,403.1
TX09594,ACC_N2793,2037.56,0.387,528.2
TX04085,ACC_N2272,2708.76,0.219,1006.8
TX08154,ACC_N0684,13871.21,0.352,315.0
TX07170,ACC_N0755,19258.56,0.12,209.7
TX00578,ACC_A0249,19065.16,0.574,666.8
TX06599,ACC_N1612,18311.55,0.497,928.4
TX00070,ACC_M038,494099.12,0.992,4.1
TX04351,ACC_N2072,6016.28,0.182,890.7
TX06913,ACC_N0747,18316.56,0.195,796.8
TX07042,ACC_N0337,12844.06,0.478,899.3
TX09120,ACC_N1923,4697.04,0.135,1056.4
TX06645,ACC_N3318,6851.29,0.121,235.3
TX05771,ACC_N2741,5998.99,0.594,1006.3
TX04539,ACC_N1932,6311.77,0.139,1269.4
TX06389,ACC_N2142,19691.77,0.21,768.9
TX06363,ACC_N0353,3016.22,0.132,1306.8
TX01150,ACC_A0131,32995.73,0.301,1926.9
TX02525,ACC_N1654,3826.72,0.304,316.8
TX07526,ACC_N1108,672.22,0.186,810.5
TX03767,ACC_N1564,12743.34,0.484,448.8
TX06175,ACC_N1948,5210.91,0.169,346.3
TX07414,ACC_N0686,1441.3,0.231,458.4
TX09133,ACC_N3186,9208.69,0.49,1123.5
TX02896,ACC_N2737,10428.58,0.584,947.3
TX01762,ACC_N1298,16964.14,0.269,1052.1
TX00352,ACC_A0137,29228.85,0.617,917.0
TX08727,ACC_N1735,16423.22,0.568,592.8
TX07966,ACC_N0199,18391.6,0.392,164.0
TX01233,ACC_N2580,9379.97,0.427,950.3
TX08970,ACC_N0940,2576.98,0.599,1425.3
TX06250,ACC_N1466,16898.01,0.174,864.3
TX08488,ACC_N2047,16178.44,0.103,1034.0
TX02537,ACC_N2693,2289.66,0.244,1310.5
TX00605,ACC_A0310,35685.67,0.664,1096.8
TX05551,ACC_N3478,3188.95,0.503,1133.2
TX02940,ACC_N2338,18847.09,0.206,800.3
TX03668,ACC_N3185,4930.55,0.569,592.6
TX00337,ACC_A0149,59591.83,0.368,1711.2
TX04268,ACC_N0236,7784.04,0.563,1314.2
TX09087,ACC_N0792,16557.29,0.116,487.6
TX05198,ACC_N2122,6822.89,0.41,184.5
TX05508,ACC_N1422,17256.99,0.348,772.0
TX07797,ACC_N2351,1667.56,0.518,1187.6
TX08583,ACC_N1010,8268.95,0.402,587.5
TX03280,ACC_N1339,7172.63,0.338,541.2
TX06072,ACC_N0930,16093.73,0.562,532.2
TX04482,ACC_N0039,11210.74,0.536,1352.6
TX09721,ACC_N3379,13584.16,0.562,603.4
TX09395,ACC_N1537,13210.1,0.5,
TX02947,ACC_N3092,19665.77,0.435,1210.4
TX04289,ACC_N1250,4552.95,0.512,1348.6
TX04930,ACC_N3426,3006.06,0.424,1364.2
TX00976,ACC_A0386,59646.0,0.697,1463.0
TX00787,ACC_A0391,18784.42,0.426,329.7
TX06491,ACC_N1082,9557.99,0.566,517.9
TX05261,ACC_N0863,16688.75,0.246,882.3
TX02451,ACC_N1433,1525.2,0.493,1190.7
TX01556,ACC_N2187,12824.37,0.465,137.9
TX05289,ACC_N2566,14377.8,0.3,527.8
TX00895,ACC_A0288,40690.7,0.408,
TX01125,ACC_A0212,36451.3,0.556,2727.2
TX06422,ACC_N2114,16591.26,0.544,470.4
TX01539,ACC_N0680,1285.63,0.457,600.0
TX05277,ACC_N3072,12979.15,0.12,1035.0
TX00203,ACC_A0018,30370.34,0.539,1731.0
TX08006,ACC_N0611,17799.79,0.43,834.9
TX01689,ACC_N1346,17310.48,0.427,877.8
TX09753,ACC_N0216,8887.31,0.412,1141.9
TX09436,ACC_N0195,4637.14,0.272,926.8
TX02063,ACC_N2732,2460.97,0.272,710.4
TX06798,ACC_N1461,12270.83,0.242,1039.2
TX01416,ACC_N1558,14765.46,0.424,975.5
TX08215,ACC_N2595,12115.77,0.111,162.8
TX07534,ACC_N1892,6545.79,0.58,243.4
TX04969,ACC_N2679,2488.07,0.516,873.1
TX06189,ACC_N1851,16543.36,0.55,1253.7
TX07104,ACC_N2440,1771.4,0.162,789.4
TX05660,ACC_N3069,615.52,0.345,550.7
TX02897,ACC_N2295,981.06,0.413,1351.6
TX07246,ACC_N2745,19941.93,0.463,655.5
TX06827,ACC_N1209,11411.71,0.128,631.6
TX09569,ACC_N0191,2967.85,0.162,599.6
TX04132,ACC_N1026,3074.69,0.516,580.7
TX08552,ACC_N2291,7034.64,0.291,1356.7
TX05401,ACC_N1559,4240.8,0.33,341.5
TX08614,ACC_N0542,6080.63,0.55,230.2
TX01801,ACC_N0014,15966.01,0.295,877.1
TX07864,ACC_N1254,19138.7,0.14,1158.0
TX03792,ACC_N1737,10593.19,0.251,1054.4
TX00701,ACC_A0173,54788.95,0.413,1913.0
TX06025,ACC_N2813,11830.41,0.16,1401.4
TX00806,ACC_A0239,22486.99,0.324,2551.4
TX04147,ACC_N0286,3127.57,0.134,315.9
TX06039,ACC_N1769,13372.32,0.232,1139.7
TX05938,ACC_N1847,8182.57,0.376,377.9
TX04399,ACC_N1120,16442.52,0.393,912.9
TX02160,ACC_N3106,1132.8,0.15,1378.3
TX06133,ACC_N1605,7295.93,0.248,933.5
TX06504,ACC_N2847,1890.8,0.35,1249.7
TX09860,ACC_N1607,8794.02,0.304,775.0
TX04436,ACC_N1203,7055.13,0.498,1113.6
TX01106,ACC_A0110,39682.49,0.421,471.6
TX01668,ACC_N1553,17448.91,0.464,1328.8
TX03768,ACC_N2415,7621.94,0.519,1029.7
TX01119,ACC_A0325,56140.64,0.537,623.1
TX04190,ACC_N2505,5476.05,0.276,824.7
TX05919,ACC_N0365,15582.74,0.346,1099.8
TX09848,ACC_N2165,15997.22,0.41,850.3
TX09355,ACC_N2173,11050.82,0.512,1310.8
TX00191,ACC_A0247,38562.1,0.489,2473.0
TX08979,ACC_N3045,17546.55,0.439,1014.3
TX02267,ACC_N1345,2682.72,0.224,673.6
TX05137,ACC_N3028,4378.39,0.479,129.1
TX04830,ACC_N1229,7805.66,0.563,1239.1
TX06835,ACC_N3240,15484.73,0.48,1360.7
TX03415,ACC_N3123,12276.45,0.516,813.4
TX05165,ACC_N0174,13830.05,0.424,1418.3
TX05546,ACC_N3115,3593.43,0.373,688.5
TX04074,ACC_N1210,19404.11,0.59,206.2
TX06541,ACC_N1700,14403.83,0.555,542.7
TX01831,ACC_N2089,18563.01,0.259,1240.3
TX06618,ACC_N1924,9832.38,0.472,633.7
TX02390,ACC_N2441,10688.69,0.446,760.3
TX04011,ACC_N2913,13920.27,0.314,630.1
TX07061,ACC_N2227,8617.09,0.2,894.2
TX07121,ACC_N3212,5524.31,0.532,465.9
TX06732,ACC_N2100,1371.79,0.147,980.6
TX04571,ACC_N0342,17028.99,0.56,509.0
TX05869,ACC_N0766,7589.38,0.251,557.5
TX02477,ACC_N1822,9373.97,0.404,130.8
TX08490,ACC_N0120,7674.11,0.327,999.7
TX08592,ACC_N2385,5902.39,0.522,1421.8
TX09574,ACC_N3466,15658.0,0.134,805.4
TX05882,ACC_N3171,19506.23,0.576,1411.8
TX09627,ACC_N1906,17582.64,0.258,162.1
TX09191,ACC_N0008,9579.56,0.415,136.4
TX07987,ACC_N0656,13484.06,0.524,225.6
TX03302,ACC_N1130,8581.46,0.178,1382.6
TX03968,ACC_N1107,7689.71,0.226,1282.6
TX05857,ACC_N0555,-3905.68,0.448,1002.7
TX02633,ACC_N2051,16279.3,0.555,635.3
TX03308,ACC_N1189,12890.84,0.261,1436.1
TX08572,ACC_N1275,18786.18,0.329,398.5
TX00443,ACC_A0208,56533.21,0.491,1627.9
TX06843,ACC_N2617,15682.0,0.475,977.5
TX07478,ACC_N0169,14120.37,0.538,1179.5
TX00603,ACC_A0072,46721.65,0.32,1695.1
TX07241,ACC_N2835,11893.23,0.548,558.1
TX00386,ACC_A0390,19631.22,0.546,2748.6
TX09797,ACC_N0119,-2021.97,0.411,1321.1
TX02335,ACC_N0691,766.4,0.375,1289.7
TX07440,ACC_N1094,9504.52,0.419,532.8
TX06248,ACC_N2437,16408.5,0.219,798.5
TX06326,ACC_N2113,2712.74,0.36,212.8
TX07240,ACC_N0637,1303.75,0.46,1297.6
TX07004,ACC_N1876,17401.9,0.234,1157.8
TX05008,ACC_N1879,17813.26,0.412,1056.1
TX06660,ACC_N3187,4534.87,0.236,1290.9
TX09360,ACC_N1441,7945.97,0.563,1393.4
TX04277,ACC_N2635,15528.49,0.263,515.0
TX01261,ACC_N2427,17636.0,0.355,359.3
TX02563,ACC_N1170,15116.14,0.597,625.2
TX02040,ACC_N3163,7076.7,0.308,1144.1
TX09936,ACC_N3040,2715.25,0.431,1013.1
TX05590,ACC_N2111,16765.18,0.168,1216.4
TX00743,ACC_A0316,-48084.57,0.59,1840.5
TX03520,ACC_N3194,1004.97,0.216,382.0
TX07785,ACC_N0359,13496.17,0.256,172.6
TX09938,ACC_N0793,3017.27,0.493,1283.2
TX00885,ACC_A0367,58861.49,0.556,2584.9
TX03510,ACC_N2549,19595.63,0.243,662.0
TX02236,ACC_N1316,3925.61,0.163,230.4
TX02447,ACC_N0722,16413.8,0.47,805.3
TX04537,ACC_N0397,12635.17,0.35,399.1
TX09613,ACC_N1439,5271.69,0.109,789.5
TX09260,ACC_N0359,19646.61,0.354,233.5
TX04567,ACC_N2946,15837.25,0.405,1241.2
TX06141,ACC_N1140,11147.97,0.566,244.3
TX00452,ACC_A0142,22448.1,0.547,2854.4
TX01354,ACC_N0280,15667.32,0.467,745.2
TX02819,ACC_N1331,13454.62,0.276,990.7
TX06904,ACC_N2195,16567.62,0.176,618.3
TX01741,ACC_N1036,1838.65,0.437,757.6
TX04269,ACC_N1620,13564.41,0.453,1161.1
TX08924,ACC_N0332,7522.57,0.495,351.5
TX02922,ACC_N2399,18030.97,0.409,1166.7
TX07602,ACC_N1554,18676.0,0.395,1174.5
TX03595,ACC_N2870,9043.18,0.344,528.7
TX02910,ACC_N0247,14196.9,0.37,285.9
TX04927,ACC_N0710,5594.28,0.516,939.8
TX07164,ACC_N0563,5274.37,0.576,1413.2
TX00367,ACC_A0072,39428.22,0.376,2638.6
TX03778,ACC_N2123,13497.25,0.459,588.1
TX02231,ACC_N0182,8333.09,0.475,1393.5
TX01909,ACC_N0969,19722.48,0.163,793.8
TX01605,ACC_N2155,17489.41,0.572,634.1
TX00108,ACC_M002,389998.01,0.985,1.5
TX02305,ACC_N0194,12691.71,0.109,1106.8
TX01317,ACC_N2508,784.06,0.15,466.8
TX08480,ACC_N0767,3895.13,0.525,1100.7
TX04637,ACC_N0842,6784.08,0.26,554.6
TX07553,ACC_N1748,4886.53,0.185,422.2
TX08226,ACC_N3280,16510.91,0.25,230.2
TX07453,ACC_N0112,16383.8,0.167,1430.8
TX02696,ACC_N0913,3716.21,0.201,988.1
TX06059,ACC_N1017,17539.53,0.479,968.1
TX06114,ACC_N3284,16765.64,0.405,275.5
TX06536,ACC_N0256,17500.06,0.453,970.1
TX00239,ACC_A0229,39146.58,0.532,2732.9
TX02368,ACC_N1876,11231.85,0.367,833.6
TX04050,ACC_N0072,1142.48,0.228,172.6
TX05492,ACC_N3460,10832.96,0.159,574.6
TX00751,ACC_A0233,19926.1,0.312,2329.9
TX08591,ACC_N0522,9438.35,0.39,1001.9
TX06529,ACC_N1372,13394.05,0.322,285.3
TX06580,ACC_N0482,17080.21,0.258,743.7
TX03629,ACC_N0907,16021.32,0.117,1037.9
TX02242,ACC_N3443,1968.38,0.329,1229.7
TX09877,ACC_N2436,6201.86,0.491,787.0
TX05502,ACC_N0347,6064.55,0.499,969.0
TX06489,ACC_N3481,6049.9,0.337,1146.6
TX02348,ACC_N0070,3299.12,0.258,244.1
TX04390,ACC_N1030,11308.86,0.471,1273.2
TX06855,ACC_N2861,4701.65,0.335,
TX04148,ACC_N1355,6638.7,0.314,327.0
TX03179,ACC_N2754,18667.36,0.197,388.9
TX05144,ACC_N2670,1599.83,0.19,1363.2
TX08697,ACC_N0114,8443.42,0.445,342.2
TX07457,ACC_N0614,16035.82,0.274,1191.4
TX05043,ACC_N2787,10891.09,0.218,776.5
TX00905,ACC_A0324,18712.88,0.489,340.0
TX07097,ACC_N0309,2597.45,0.275,913.0
TX08192,ACC_N0949,16918.51,0.202,437.7
TX01148,ACC_A0112,19033.19,0.698,
TX04218,ACC_N3316,18623.45,0.385,1206.7
TX00259,ACC_A0131,52831.95,0.569,1526.5
TX09842,ACC_N3407,18191.68,0.493,339.1
TX07056,ACC_N0361,6593.52,0.157,737.1
TX06239,ACC_N0022,1993.91,0.59,1413.8
TX01104,ACC_A0273,40354.75,0.602,1832.7
TX06483,ACC_N2736,5883.68,0.458,1425.8
TX03479,ACC_N0804,2272.09,0.593,252.1
TX02131,ACC_N2714,17021.75,0.387,1424.8
TX01827,ACC_N0408,18519.42,0.547,1079.6
TX08929,ACC_N1132,18013.29,0.246,1361.7
TX08028,ACC_N3274,14553.02,0.23,1308.5
TX09084,ACC_N2671,16827.88,0.177,1068.2
TX01375,ACC_N3138,6075.06,0.117,1060.9
TX04345,ACC_N0555,13835.6,0.495,1374.8
TX04997,ACC_N0699,7875.03,0.482,725.1
TX00250,ACC_A0281,48732.73,0.692,658.9
TX09421,ACC_N3354,7486.84,0.153,1109.8
TX00706,ACC_A0108,17924.39,0.459,2715.6
TX00523,ACC_A0040,55978.08,0.6,2165.7
TX08027,ACC_N2130,5803.32,0.146,1323.9
TX04721,ACC_N1808,13558.84,0.415,146.9
TX06560,ACC_N1468,3489.28,0.262,778.7
TX02839,ACC_N3176,11775.26,0.405,984.8
TX04461,ACC_N2664,12269.92,0.333,1431.3
TX08596,ACC_N2701,5990.7,0.494,699.2
TX03840,ACC_N2935,6055.81,0.529,967.4
TX07583,ACC_N2996,18269.09,0.241,1093.7
TX05267,ACC_N0692,10517.23,0.253,753.3
TX06474,ACC_N1238,11956.49,0.268,328.4
TX04713,ACC_N0993,767.8,0.453,867.2
TX03469,ACC_N0067,1201.33,0.436,1351.5
TX07834,ACC_N1502,16997.07,0.43,414.3
TX09479,ACC_N0373,7528.03,0.262,427.2
TX09232,ACC_N2436,3787.77,0.242,451.8
TX02112,ACC_N1065,4243.13,0.377,742.3
TX09786,ACC_N1256,12472.9,0.454,277.6
TX00441,ACC_A0296,33652.71,0.328,2384.8
TX08673,ACC_N1572,1860.82,0.277,340.2
TX02772,ACC_N0988,8288.93,0.112,
TX07539,ACC_N3476,4885.06,0.486,650.2
TX06397,ACC_N1840,7407.8,0.356,
TX00912,ACC_A0095,51964.83,0.642,2487.7
TX02857,ACC_N1555,14526.36,0.428,314.9
TX03059,ACC_N0913,18933.49,0.462,597.1
TX04755,ACC_N3344,8143.37,0.458,697.6
TX09072,ACC_N0662,17068.67,0.172,1280.5
TX04187,ACC_N1269,9054.35,0.142,491.5
TX08050,ACC_N0482,9079.49,0.504,954.7
TX09855,ACC_N0683,2447.78,0.299,1073.1
TX03586,ACC_N0499,10727.76,0.382,1109.9
TX02144,ACC_N2229,8359.11,0.403,761.6
TX01264,ACC_N1804,7745.16,0.436,737.7
TX04605,ACC_N3132,17932.47,0.137,462.7
TX00454,ACC_A0025,29016.29,0.317,1576.3
TX07242,ACC_N3067,1447.05,0.175,1256.0
TX08816,ACC_N2736,7617.57,0.275,472.4
TX00878,ACC_A0141,41561.88,0.355,2294.3
TX03242,ACC_N0870,12627.77,0.575,705.4
TX09108,ACC_N3453,15603.73,0.361,384.4
TX04091,ACC_N0701,15430.22,0.247,166.4
TX02577,ACC_N3020,14868.12,0.131,1057.9
TX06534,ACC_N1926,10046.96,0.205,1009.7
TX02669,ACC_N1820,9427.2,0.592,1306.3
TX08956,ACC_N0988,13853.67,0.201,1041.3
TX04204,ACC_N0891,15196.77,0.406,478.9
TX08282,ACC_N2447,13454.53,0.298,419.6
TX07535,ACC_N0376,5405.14,0.346,893.0
TX01253,ACC_N1587,2771.32,0.504,518.7
TX03251,ACC_N0543,3261.54,0.431,172.7
TX06399,ACC_N2014,19990.18,0.203,255.3
TX03684,ACC_N3307,9637.74,0.469,262.4
TX07397,ACC_N0658,19987.62,0.181,1286.4
TX01013,ACC_A0201,21559.05,0.679,2020.3
TX05516,ACC_N0807,19212.71,0.588,209.3
TX09566,ACC_N0014,9621.08,0.369,1241.6
TX00772,ACC_A0094,46454.58,0.588,1680.4
TX00114,ACC_M045,413654.17,0.976,26.2
TX02784,ACC_N3118,-5252.31,0.529,1060.7
TX09763,ACC_N1490,7943.34,0.408,1092.6
TX04832,ACC_N2259,8886.08,0.233,967.7
TX03646,ACC_N2974,17577.37,0.565,
TX01546,ACC_N2824,8025.82,0.202,1083.3
TX05059,ACC_N0293,3122.56,0.167,527.1
TX06096,ACC_N0883,10934.85,0.14,861.3
TX08519,ACC_N0742,15340.68,0.492,160.8
TX04871,ACC_N2037,6536.41,0.221,1370.4
TX07956,ACC_N2388,1869.63,0.275,755.7
TX05661,ACC_N0643,7835.93,0.41,831.8
TX03752,ACC_N3062,18853.69,0.417,1018.3
TX04890,ACC_N2755,6625.14,0.589,628.0
TX05787,ACC_N0650,6379.02,0.505,483.1
TX03144,ACC_N2705,6967.33,0.216,915.2
TX01082,ACC_A0288,42222.93,0.485,826.7
TX09761,ACC_N2543,15124.81,0.296,703.5
TX00446,ACC_A0137,56330.46,0.35,934.2
TX05117,ACC_N1135,4336.8,0.396,231.8
TX03077,ACC_N0437,6769.89,0.301,1090.4
TX06783,ACC_N2006,-10283.4,0.182,407.7
TX08942,ACC_N2559,1052.32,0.495,655.1
TX05503,ACC_N0117,19139.47,0.195,802.9
TX07393,ACC_N1689,17014.99,0.308,193.6
TX01685,ACC_N1554,532.05,0.298,691.6
TX07768,ACC_N1236,18969.8,0.595,199.2
TX02001,ACC_N0621,14379.67,0.174,977.9
TX06411,ACC_N1442,12225.68,0.141,324.1
TX08474,ACC_N1535,10304.28,0.301,500.8
TX02308,ACC_N1726,11618.54,0.33,943.2
TX04782,ACC_N1034,12675.27,0.297,708.5
TX06184,ACC_N0157,15902.77,0.484,650.2
TX01833,ACC_N2011,16583.74,0.553,934.4
TX06177,ACC_N2125,16025.63,0.197,1297.1
TX09147,ACC_N0486,10611.76,0.591,1391.0
TX07231,ACC_N1514,19110.2,0.472,868.3
TX00309,ACC_A0109,23977.81,0.681,988.0
TX02412,ACC_N0955,4791.76,0.367,184.5
TX04689,ACC_N0186,11557.14,0.211,1019.0
TX03866,ACC_N1409,13771.05,0.308,252.5
TX04684,ACC_N1249,12975.62,0.298,1263.8
TX07557,ACC_N2020,-12076.91,0.352,817.3
TX09432,ACC_N1771,7299.65,0.483,722.3
TX05618,ACC_N0239,10241.21,0.506,1201.2
TX04706,ACC_N1645,13646.85,0.576,583.9
TX03854,ACC_N2020,9915.67,0.575,167.4
TX06220,ACC_N0968,16240.24,0.505,1084.0
TX09728,ACC_N3098,11086.59,0.455,195.3
TX01859,ACC_N0507,2197.89,0.569,688.6
TX03390,ACC_N3219,2506.65,0.49,479.3
TX01510,ACC_N2523,7527.32,0.462,1322.1
TX01134,ACC_A0099,18207.61,0.605,1723.8
TX05606,ACC_N0069,7883.53,0.143,737.7
TX01785,ACC_N0792,12315.56,0.479,376.9
TX03277,ACC_N3293,9935.07,0.467,1156.0
TX03109,ACC_N3144,2801.12,0.373,202.7
TX07829,ACC_N1620,8932.72,0.595,1176.7
TX00667,ACC_A0388,15010.69,0.39,1862.1
TX07438,ACC_N2947,13811.58,0.293,1064.6
TX07409,ACC_N1471,3503.32,0.35,171.9
TX09618,ACC_N2996,1691.9,0.448,823.4
TX04416,ACC_N2566,17905.92,0.451,816.6
TX02828,ACC_N1467,15135.61,0.366,1185.6
TX04648,ACC_N1414,11332.74,0.504,1283.2
TX02767,ACC_N1941,4657.48,0.158,828.4
TX09496,ACC_N0466,19115.67,0.155,197.4
TX09314,ACC_N0798,1509.78,0.128,1015.5
TX01532,ACC_N2970,518.12,0.356,1110.7
TX00408,ACC_A0184,56033.36,0.342,2758.8
TX07660,ACC_N2237,17631.09,0.288,1409.6
TX01542,ACC_N0438,18668.11,0.171,453.9
TX07519,ACC_N0018,13165.45,0.33,901.1
TX00933,ACC_A0352,16833.93,0.672,2473.2
TX05943,ACC_N2513,13903.76,0.576,752.2
TX06994,ACC_N2468,4444.41,0.435,591.0
TX08146,ACC_N2485,4389.09,0.355,508.4
TX09630,ACC_N1816,18669.77,0.542,563.6
TX01918,ACC_N2280,1718.89,0.118,456.8
TX00520,ACC_A0360,54439.98,0.636,1823.3
TX07300,ACC_N1760,3365.73,0.476,468.1
TX01985,ACC_N0030,18607.64,0.261,203.9
TX03714,ACC_N1552,19995.16,0.428,154.8
TX08827,ACC_N0794,14295.37,0.249,857.8
TX07687,ACC_N1910,2349.98,0.46,771.6
TX01599,ACC_N0294,600.22,0.39,781.9
TX01175,ACC_N0285,16732.14,0.309,1348.0
TX04076,ACC_N2185,4634.87,0.458,487.9
TX01564,ACC_N0816,632.89,0.5,355.5
TX06456,ACC_N2849,6273.24,0.451,1110.8
TX00501,ACC_A0250,30267.21,0.474,1240.0
TX08084,ACC_N1024,19023.03,0.56,574.1
TX06103,ACC_N3022,15969.31,0.26,1391.0
TX07867,ACC_N0647,10994.79,0.264,1122.1
TX08980,ACC_N0529,5637.13,0.151,1078.4
TX08074,ACC_N0051,18006.39,0.593,1405.2
TX03581,ACC_N2327,13424.32,0.585,1215.0
TX05309,ACC_N0033,742.3,0.248,
TX06503,ACC_N2156,12249.25,0.238,291.8
TX07737,ACC_N1586,15542.88,0.5,
TX08920,ACC_N2807,16975.82,0.163,148.7
TX02258,ACC_N2290,2044.66,0.212,1112.3
TX02224,ACC_N2620,14674.1,0.193,231.5
TX09328,ACC_N1904,6866.22,0.287,332.8
TX08897,ACC_N3312,16403.87,0.303,1215.3
TX05424,ACC_N2586,4473.63,0.545,419.6
TX05649,ACC_N0809,8195.87,0.422,1140.1
TX05802,ACC_N3112,6202.62,0.449,502.7
TX03528,ACC_N2844,8365.6,0.378,1311.1
TX02175,ACC_N2190,14946.95,0.52,1252.6
TX05905,ACC_N3191,15237.93,0.344,186.7
TX04257,ACC_N2231,11174.42,0.274,764.3
TX05191,ACC_N0745,11842.2,0.276,217.8
TX06652,ACC_N1722,8547.06,0.509,153.2
TX05850,ACC_N0164,7446.12,0.272,887.5
TX09071,ACC_N0364,6141.01,0.429,1366.6
TX03863,ACC_N2919,16130.02,0.313,275.6
TX03385,ACC_N2852,5753.65,0.305,380.4
TX07855,ACC_N0805,-5509.51,0.182,1221.2
TX00628,ACC_A0249,-46192.88,0.319,351.1
TX00504,ACC_A0025,40052.47,0.625,1486.8
TX07459,ACC_N1410,14363.13,0.576,1298.1
TX04652,ACC_N1141,3803.23,0.587,590.0
TX00770,ACC_A0206,56854.07,0.345,2450.8
TX06216,ACC_N1160,8335.87,0.2,1309.9
TX00561,ACC_A0103,47409.12,0.384,635.2
TX02598,ACC_N3360,17457.52,0.124,251.4
TX00650,ACC_A0050,40230.47,0.423,1850.8
TX07256,ACC_N2603,13322.58,0.571,1040.0
TX04343,ACC_N1990,5394.25,0.336,148.6
TX04279,ACC_N3379,605.27,0.107,847.8
TX02010,ACC_N1932,982.92,0.48,210.5
TX02098,ACC_N0327,18171.55,0.519,257.0
TX00812,ACC_A0388,53358.66,0.456,1263.7
TX08514,ACC_N1519,17371.22,0.485,337.8
TX04517,ACC_N3377,10261.33,0.105,1280.1
TX08573,ACC_N3149,3005.83,0.261,1284.6
TX08247,ACC_N1493,14037.42,0.196,853.0
TX02172,ACC_N2300,12763.02,0.333,844.4
TX05420,ACC_N2975,18281.51,0.248,469.5
TX02752,ACC_N0332,3958.35,0.532,1313.2
TX06354,ACC_N1657,7113.05,0.277,1136.9
TX00736,ACC_A0150,27283.17,0.643,1218.4
TX00509,ACC_A0070,51308.26,0.652,2296.7
TX02116,ACC_N1943,16976.93,0.351,256.7
TX06805,ACC_N2717,19930.78,0.561,333.2
TX08427,ACC_N0256,6725.51,0.352,312.3
TX07021,ACC_N1198,7149.83,0.574,396.6
TX04851,ACC_N2889,-14771.53,0.192,143.1
TX01681,ACC_N3156,15054.08,0.577,998.9
TX02473,ACC_N3217,1528.04,0.322,1201.8
TX09371,ACC_N2333,4144.01,0.596,757.4
TX06841,ACC_N1673,10177.92,0.198,1287.9
TX08321,ACC_N3016,2982.73,0.475,348.3
TX04757,ACC_N2478,19115.48,0.184,954.9
TX08675,ACC_N1640,4337.83,0.457,850.4
TX06610,ACC_N1985,3663.59,0.363,918.9
TX09919,ACC_N2075,-9152.9,0.268,387.3
TX04632,ACC_N0578,14666.69,0.391,1172.7
TX03651,ACC_N1555,8317.2,0.176,533.2
TX08775,ACC_N1560,19355.55,0.586,556.8
TX09987,ACC_N1645,15057.25,0.479,137.6
TX08899,ACC_N1699,9080.12,0.373,963.4
TX03217,ACC_N1271,6099.71,0.3,1387.8
TX06041,ACC_N2783,14509.72,0.255,769.6
TX00766,ACC_A0248,22080.33,0.628,2331.4
TX03623,ACC_N0868,1778.79,0.379,1141.2
TX01446,ACC_N2694,13290.11,0.44,1296.7
TX00595,ACC_A0166,53088.35,0.39,2357.7
TX07069,ACC_N0292,4620.06,0.342,629.7
TX09111,ACC_N0951,3546.76,0.293,646.5
TX06768,ACC_N2649,9594.68,0.466,696.3
TX09110,ACC_N0884,9336.56,0.162,264.3
TX04231,ACC_N3413,2053.25,0.29,772.8
TX05351,ACC_N3482,13581.12,0.184,251.2
TX09498,ACC_N2444,11521.63,0.39,772.6
TX08706,ACC_N3485,15487.22,0.196,214.3
TX07512,ACC_N3396,12651.09,0.143,248.8
TX06538,ACC_N0954,4525.68,0.542,853.0
TX05305,ACC_N0952,11727.81,0.337,453.5
TX05864,ACC_N2493,10780.91,0.235,741.9
TX03398,ACC_N0206,10070.8,0.297,207.8
TX09534,ACC_N1262,3051.84,0.471,1352.5
TX03758,ACC_N0154,2577.75,0.202,359.3
TX09447,ACC_N0389,7979.83,0.194,360.3
TX00369,ACC_A0190,29976.71,0.429,
TX01570,ACC_N2572,6812.75,0.133,945.0
TX00364,ACC_A0140,38933.59,0.616,1012.7
TX08749,ACC_N1057,14387.74,0.479,244.2
TX06403,ACC_N2163,3710.23,0.389,445.6
TX04216,ACC_N0912,9084.32,0.384,1336.2
TX04692,ACC_N3307,8720.31,0.462,1059.4
TX07298,ACC_N3344,7005.49,0.302,1349.3
TX00104,ACC_M051,278856.81,0.966,37.4
TX04260,ACC_N3029,11959.85,0.167,690.4
TX01740,ACC_N0282,18130.64,0.495,1240.5
TX08778,ACC_N0527,8964.27,0.169,1253.2
TX07250,ACC_N0586,-19832.92,0.358,653.6
TX01992,ACC_N2194,10878.35,0.554,531.1
TX00165,ACC_A0004,37417.43,0.449,2073.5
TX06831,ACC_N0295,13053.1,0.201,1375.1
TX07943,ACC_N1608,6680.79,0.194,1184.7
TX06554,ACC_N0341,15459.78,0.521,225.3
TX04568,ACC_N2202,6594.6,0.351,145.8
TX01987,ACC_N3413,6472.22,0.359,
TX03354,ACC_N0932,16747.24,0.594,564.1
TX06443,ACC_N1934,2017.86,0.143,232.8
TX03370,ACC_N2993,13376.55,0.583,543.0
TX00953,ACC_A0321,18668.69,0.62,709.4
TX08869,ACC_N1550,8339.17,0.191,1117.6
TX09226,ACC_N1705,12838.2,0.463,780.2
TX08264,ACC_N1884,8498.19,0.546,1406.8
TX05283,ACC_N0277,3851.54,0.278,1209.6
TX08332,ACC_N2221,11379.07,0.191,998.1
TX02618,ACC_N2743,13943.63,0.128,474.5
TX03958,ACC_N0416,14030.59,0.402,908.0
TX09747,ACC_N0091,12742.07,0.312,734.8
TX02125,ACC_N2636,14068.0,0.59,495.5
TX01536,ACC_N1591,8617.12,0.243,1338.5
TX03234,ACC_N0764,18040.5,0.259,504.8
TX09542,ACC_N0152,2424.28,0.196,831.7
TX00333,ACC_A0338,53282.74,0.602,2010.6
TX09927,ACC_N1389,1471.11,0.286,219.3
TX06446,ACC_N1035,13584.41,0.284,724.1
TX04888,ACC_N0856,1232.27,0.146,752.0
TX06256,ACC_N2212,19396.23,0.268,887.6
TX09341,ACC_N0555,17435.84,0.397,208.5
TX09469,ACC_N0742,14255.47,0.401,135.0
TX05535,ACC_N2834,19076.52,0.422,312.4
TX04371,ACC_N2044,10506.82,0.107,1302.0
TX04501,ACC_N1700,1214.28,0.377,940.0
TX07255,ACC_N0518,1657.1,0.377,901.2
TX02486,ACC_N1985,10241.19,0.569,551.8
TX03464,ACC_N0627,10724.14,0.414,784.8
TX08610,ACC_N3001,971.47,0.492,656.8
TX08190,ACC_N1332,5787.43,0.446,874.2
TX05539,ACC_N2465,5973.84,0.465,754.6
TX09570,ACC_N1898,8019.6,0.457,1439.2
TX00875,ACC_A0045,22237.15,0.333,594.9
TX07441,ACC_N0119,18251.75,0.241,437.7
TX08109,ACC_N1876,2143.7,0.129,1056.5
TX01186,ACC_N0644,13232.52,0.365,1382.0
TX08638,ACC_N1061,19848.85,0.364,771.3
TX05968,ACC_N0569,13949.18,0.504,602.8
TX03615,ACC_N2565,8903.36,0.545,1328.6
TX04263,ACC_N2461,7306.52,0.179,373.0
TX07907,ACC_N0637,6813.5,0.178,515.1
TX09687,ACC_N1906,3862.76,0.151,1175.1
TX00212,ACC_A0032,54344.29,0.435,2665.3
TX09756,ACC_N1758,19550.16,0.435,1428.4
TX04280,ACC_N2965,13535.85,0.511,302.5
TX05614,ACC_N3126,8450.91,0.36,947.0
TX01318,ACC_N1947,5324.3,0.253,569.4
TX01352,ACC_N2532,2714.04,0.236,1201.4
TX01774,ACC_N1491,14888.67,0.26,1094.0
TX06109,ACC_N0937,3820.25,0.471,1328.8
TX03788,ACC_N1463,15519.46,0.425,1376.1
TX09625,ACC_N1258,8326.29,0.481,749.6
TX07554,ACC_N0724,17617.73,0.21,1225.7
TX03152,ACC_N1631,7521.94,0.143,525.8
TX05453,ACC_N1408,851.74,0.223,1270.0
TX04446,ACC_N3047,1557.13,0.247,372.5
TX07920,ACC_N0560,18943.71,0.378,139.0
TX03183,ACC_N1502,11531.97,0.344,151.8
TX07654,ACC_N2175,6517.05,0.314,562.0
TX03675,ACC_N3417,7115.13,0.201,1414.8
TX08440,ACC_N0662,4848.0,0.195,445.0
TX05003,ACC_N1033,16331.85,0.536,523.1
TX01482,ACC_N2197,5445.45,0.469,190.6
TX03298,ACC_N3048,5711.54,0.361,1106.5
TX04305,ACC_N0753,3281.76,0.274,458.5
TX03216,ACC_N2774,17891.53,0.597,
TX08391,ACC_N0401,12093.69,0.528,471.1
TX08507,ACC_N3297,2488.38,0.299,480.1
TX07926,ACC_N1955,8198.36,0.137,814.5
TX07933,ACC_N1133,2304.83,0.225,
TX03939,ACC_N3017,17071.93,0.166,1232.0
TX09996,ACC_N2257,5575.52,0.488,450.6
TX07335,ACC_N1051,2927.85,0.303,1188.9
TX07747,ACC_N3493,9894.24,0.599,162.1
TX09017,ACC_N1992,10702.07,0.103,1214.3
TX07952,ACC_N0139,3049.17,0.245,807.9
TX08546,ACC_N1550,10281.78,0.147,1356.4
TX00298,ACC_A0127,58878.02,0.683,557.7
TX09075,ACC_N3286,19106.04,0.241,535.7
TX07180,ACC_N0681,-19541.56,0.585,647.4
TX01938,ACC_N1110,10944.87,0.571,775.8
TX06596,ACC_N2083,16947.84,0.451,959.2
TX08120,ACC_N0378,12617.0,0.358,199.5
TX06238,ACC_N1057,4885.67,0.1,1206.9
TX04097,ACC_N0543,11305.46,0.22,572.6
TX07808,ACC_N2817,10692.6,0.586,1023.7
TX04122,ACC_N3230,6709.81,0.141,236.6
TX08709,ACC_N1638,19891.4,0.5,681.3
TX04847,ACC_N2146,2329.53,0.55,528.4
TX07107,ACC_N2989,18343.13,0.111,669.8
TX08196,ACC_N1489,6318.42,0.4,362.9
TX03443,ACC_N2342,11031.55,0.271,661.7
TX06249,ACC_N0551,18728.58,0.318,1400.2
TX02673,ACC_N0874,18972.35,0.158,1336.5
TX02510,ACC_N2769,13040.53,0.153,1281.6
TX03003,ACC_N0776,16143.86,0.239,1344.8
TX09707,ACC_N1906,11485.31,0.149,1336.6
TX03672,ACC_N1573,5709.72,0.248,299.2
TX09558,ACC_N0769,2249.31,0.548,357.0
TX01988,ACC_N3281,5669.09,0.427,313.1
TX07895,ACC_N1616,5491.62,0.404,1052.1
TX00835,ACC_A0325,25352.42,0.554,2526.5
TX03286,ACC_N3339,14301.19,0.599,674.2
TX09038,ACC_N1421,5295.01,0.424,364.6
TX04914,ACC_N2514,13438.29,0.255,568.5
TX06084,ACC_N1142,11236.96,0.155,671.4
TX05203,ACC_N3398,2484.21,0.363,1217.5
TX00351,ACC_A0308,55853.98,0.59,2854.7
TX07493,ACC_N0498,14424.39,0.476,255.1
TX01735,ACC_N2079,17245.85,0.157,893.6
TX09141,ACC_N1131,8780.56,0.154,649.2
TX04603,ACC_N0161,3010.57,0.352,690.6
TX06998,ACC_N1519,12517.27,0.277,491.8
TX09751,ACC_N3291,13981.32,0.584,342.6
TX03945,ACC_N1931,13609.51,0.185,822.8
TX07074,ACC_N3001,12849.59,0.541,473.8
TX05393,ACC_N3326,530.8,0.58,1333.9
TX02496,ACC_N2134,5669.71,0.43,967.9
TX06646,ACC_N0070,14572.15,0.59,272.8
TX04349,ACC_N0266,11805.45,0.513,1347.7
TX01841,ACC_N2902,18692.65,0.308,1371.4
TX02202,ACC_N3497,3055.64,0.388,1056.1
TX04906,ACC_N3499,11483.49,0.442,1297.8
TX02826,ACC_N0249,10740.5,0.418,608.9
TX09825,ACC_N1701,17095.22,0.462,197.1
TX01108,ACC_A0288,39555.91,0.509,2662.4
TX09749,ACC_N0004,857.23,0.41,1393.5
TX05647,ACC_N0811,19750.68,0.218,624.0
TX09010,ACC_N2564,12403.03,0.268,1347.6
TX08759,ACC_N3305,-11953.8,0.308,674.1
TX03153,ACC_N1852,2251.53,0.128,615.2
TX09001,ACC_N1502,6203.24,0.581,1370.5
TX03658,ACC_N2655,6029.19,0.344,870.5
TX03340,ACC_N1296,10752.52,0.585,887.6
TX07205,ACC_N0437,7616.67,0.185,
TX08451,ACC_N2114,13674.2,0.27,182.2
TX05965,ACC_N2931,1422.83,0.415,1109.7
TX06463,ACC_N1463,1945.12,0.499,354.0
TX04956,ACC_N1801,13893.9,0.112,239.3
TX01758,ACC_N0786,14323.53,0.346,455.3
TX09541,ACC_N1851,7701.76,0.576,161.8
TX05040,ACC_N1031,6008.73,0.354,1123.1
TX04247,ACC_N0528,2538.98,0.245,754.5
TX06763,ACC_N1976,6885.09,0.212,555.7
TX00648,ACC_A0327,44257.53,0.376,2315.0
TX09423,ACC_N2686,14733.35,0.122,746.0
TX08424,ACC_N1186,11438.65,0.558,732.5
TX09666,ACC_N3039,2619.83,0.286,1203.9
TX08671,ACC_N0630,7951.24,0.193,1431.7
TX09189,ACC_N2115,7054.12,0.432,435.8
TX02012,ACC_N2176,8453.85,0.286,326.0
TX03276,ACC_N2161,17828.52,0.258,
TX04179,ACC_N1995,17158.03,0.318,720.7
TX09935,ACC_N0594,18938.29,0.106,1322.2
TX04838,ACC_N2406,6911.1,0.413,1198.7
TX01623,ACC_N0746,12902.92,0.444,715.0
TX09244,ACC_N0187,18926.82,0.188,1018.2
TX07969,ACC_N1161,4835.88,0.202,1360.6
TX07724,ACC_N3058,1378.66,0.181,1120.5
TX08895,ACC_N3433,10601.05,0.249,193.7
TX07211,ACC_N0309,3030.36,0.252,992.5
TX07472,ACC_N2710,17693.4,0.56,477.1
TX02874,ACC_N1123,1490.65,0.349,147.2
TX04881,ACC_N1024,15495.11,0.262,909.9
TX00291,ACC_A0213,15820.91,0.357,1794.3
TX03380,ACC_N2163,6564.64,0.259,460.6
TX07792,ACC_N2219,7188.8,0.123,1028.6
TX08683,ACC_N0979,10612.99,0.394,956.1
TX05153,ACC_N1864,7028.96,0.459,507.3
TX00556,ACC_A0379,51677.45,0.555,1921.4
TX09841,ACC_N2737,11294.4,0.244,1297.6
TX02987,ACC_N3092,512.24,0.225,518.3
TX06962,ACC_N2806,14309.31,0.38,429.1
TX00280,ACC_A0315,57016.13,0.615,
TX03329,ACC_N1976,12773.76,0.242,661.3
TX05920,ACC_N1209,17564.86,0.428,1281.3
TX00515,ACC_A0091,18911.63,0.575,1048.3
TX08020,ACC_N2827,12111.84,0.582,533.5
TX01882,ACC_N0126,4424.64,0.344,726.9
TX05890,ACC_N1533,14569.04,0.378,589.6
TX07705,ACC_N0041,8181.91,0.469,554.0
TX04970,ACC_N2720,8390.58,0.311,178.3
TX01050,ACC_A0150,30419.41,0.335,2191.1
TX02620,ACC_N1988,14030.33,0.445,360.8
TX06634,ACC_N0253,8157.63,0.301,551.3
TX07562,ACC_N1717,4085.53,0.501,950.6
TX04769,ACC_N3006,6707.86,0.403,337.0
TX06818,ACC_N1830,14850.09,0.526,854.0
TX08044,ACC_N1908,4730.39,0.51,429.3
TX00074,ACC_M053,416957.64,0.968,
TX00208,ACC_A0319,46395.04,0.306,1082.2
TX09250,ACC_N1463,4670.97,0.34,595.1
TX00188,ACC_A0343,35290.97,0.361,986.7
TX07776,ACC_N1771,6764.2,0.282,468.9
TX02933,ACC_N0977,7158.65,0.477,1176.0
TX01920,ACC_N3255,11876.72,0.294,425.0
TX03410,ACC_N0796,3308.06,0.221,513.6
TX07898,ACC_N0730,11900.13,0.201,1373.9
TX05387,ACC_N3289,12792.76,0.521,485.0
TX00956,ACC_A0106,33827.99,0.539,1417.6
TX08685,ACC_N0515,3703.81,0.381,549.7
TX03652,ACC_N0766,6299.17,0.373,1061.7
TX09516,ACC_N2287,8645.19,0.59,865.4
TX09960,ACC_N1641,18730.78,0.491,1227.4
TX07027,ACC_N1120,2868.56,0.179,359.5
TX05612,ACC_N0266,18580.53,0.394,934.1
TX08309,ACC_N1209,16115.28,0.213,959.5
TX05141,ACC_N2345,19656.62,0.401,352.8
TX09344,ACC_N2123,12685.87,0.43,536.4
TX00273,ACC_A0099,32044.77,0.396,1724.3
TX01355,ACC_N3094,16535.61,0.569,1336.5
TX07224,ACC_N3291,4654.68,0.189,1348.8
TX04536,ACC_N1405,19052.23,0.575,1223.6
TX00467,ACC_A0195,28947.16,0.697,1372.3
TX02810,ACC_N0553,5904.31,0.412,914.4
TX05438,ACC_N2011,1521.91,0.158,885.4
TX00796,ACC_A0331,15829.25,0.647,2432.3
TX03303,ACC_N1786,15367.67,0.484,1051.0
TX06320,ACC_N2331,14254.57,0.196,452.0
TX04585,ACC_N2179,4195.06,0.475,1251.0
TX02898,ACC_N1348,8434.52,0.292,1384.0
TX06144,ACC_N1256,667.1,0.438,412.7
TX00420,ACC_A0164,31849.59,0.485,2101.6
TX04368,ACC_N0886,9646.28,0.466,1369.1
TX04723,ACC_N1438,12252.06,0.194,1346.4
TX08288,ACC_N0051,-13847.26,0.589,1429.7
TX09060,ACC_N3470,17314.91,0.295,505.1
TX01653,ACC_N3172,18274.54,0.291,920.5
TX06304,ACC_N2787,14057.85,0.32,324.5
TX01788,ACC_N0582,19074.08,0.563,1173.6
TX07197,ACC_N3216,11988.1,0.596,856.4
TX05150,ACC_N2754,19824.23,0.111,
TX01039,ACC_A0394,41310.18,0.425,2121.9
TX01370,ACC_N0353,13969.16,0.548,536.8
TX05046,ACC_N0526,7548.57,0.182,1062.5
TX02974,ACC_N2682,5691.51,0.531,199.2
TX01227,ACC_N1835,19723.2,0.272,1389.7
TX03475,ACC_N0096,18501.79,0.367,1043.2
TX04591,ACC_N0839,7771.09,0.522,309.0
TX03412,ACC_N1822,12636.33,0.133,684.7
TX01046,ACC_A0162,58789.4,0.49,1338.0
TX01948,ACC_N0267,8060.06,0.38,1249.8
TX05687,ACC_N3422,14164.79,0.127,427.3
TX09006,ACC_N0960,13030.31,0.107,1181.1
TX00750,ACC_A0251,58295.49,0.337,1030.9
TX01421,ACC_N2042,19165.34,0.452,498.3
TX02682,ACC_N0121,1885.23,0.44,1051.8
TX09888,ACC_N2066,18403.17,0.208,1349.4
TX01061,ACC_A0148,25555.26,0.635,1443.1
TX09577,ACC_N2813,2459.65,0.543,489.8
TX07854,ACC_N0186,14766.35,0.226,1256.2
TX03664,ACC_N0563,7958.45,0.221,1328.9
TX09586,ACC_N0802,13036.24,0.474,455.4
TX03628,ACC_N3006,8067.14,0.42,1167.2
TX00500,ACC_A0143,41777.2,0.651,1941.0
TX04929,ACC_N3149,18009.01,0.359,756.1
TX02343,ACC_N0515,7090.64,0.444,1232.1
TX04522,ACC_N2000,11080.22,0.282,1370.4
TX02340,ACC_N0219,7048.95,0.537,1269.3
TX07048,ACC_N0063,14520.35,0.298,727.8
TX07406,ACC_N0742,18655.65,0.59,928.7
TX07608,ACC_N0616,5497.72,0.556,190.0
TX06475,ACC_N1481,1702.02,0.341,1142.3
TX02903,ACC_N3392,16990.02,0.362,1215.3
TX07909,ACC_N1697,18279.58,0.398,221.6
TX09557,ACC_N0539,8122.08,0.388,1083.6
TX04860,ACC_N2417,9918.73,0.518,194.8
TX01839,ACC_N3216,13326.42,0.185,688.2
TX07047,ACC_N2547,7286.26,0.36,1042.3
TX03442,ACC_N2857,12629.18,0.373,161.6
TX01595,ACC_N3124,5249.64,0.497,139.3
TX02543,ACC_N0020,15473.59,0.341,306.1
TX09197,ACC_N2513,3928.29,0.57,
TX01209,ACC_N2330,6491.16,0.505,1008.5
TX05750,ACC_N3195,9319.35,0.165,1124.6
TX03151,ACC_N2216,806.07,0.216,1028.4
TX06679,ACC_N2067,3362.63,0.353,1017.0
TX08289,ACC_N3496,872.4,0.129,191.3
TX04601,ACC_N3253,18479.95,0.469,701.7
TX01789,ACC_N1044,15213.47,0.499,210.4
TX04159,ACC_N3342,16290.52,0.468,1318.9
TX09412,ACC_N3067,16612.25,0.475,1159.5
TX00902,ACC_A0075,18258.73,0.396,334.5
TX07077,ACC_N1860,6054.69,0.451,446.6
TX07540,ACC_N2578,5795.12,0.528,943.9
TX05389,ACC_N1694,8672.21,0.286,447.2
TX00803,ACC_A0144,22818.91,0.661,957.6
TX06089,ACC_N2189,19237.63,0.283,423.0
TX08174,ACC_N0021,18274.55,0.488,1364.7
TX08987,ACC_N0050,13677.03,0.241,1063.1
TX00513,ACC_A0364,33287.65,0.626,1495.3
TX04803,ACC_N1191,16851.71,0.465,177.5
TX05843,ACC_N2050,18341.13,0.421,611.6
TX08242,ACC_N0481,1362.11,0.364,364.1
TX02702,ACC_N1676,844.57,0.312,1199.3
TX01726,ACC_N1782,6754.13,0.249,316.7
TX03946,ACC_N2737,10419.49,0.531,386.1
TX09916,ACC_N0341,1110.77,0.22,244.4
TX07436,ACC_N3214,12651.37,0.383,139.3
TX08334,ACC_N0347,3211.65,0.408,739.3
TX02093,ACC_N3134,6689.08,0.12,853.0
TX08523,ACC_N2637,10061.83,0.281,1395.5
TX08368,ACC_N1972,16778.65,0.449,1029.9
TX01786,ACC_N1247,10322.31,0.599,1063.5
TX05830,ACC_N3204,14610.38,0.317,549.7
TX03987,ACC_N0858,6539.8,0.329,1398.8
TX06715,ACC_N2481,16907.62,0.172,1342.9
TX02975,ACC_N0422,1111.18,0.206,1087.7
TX05175,ACC_N0528,16311.15,0.118,361.4
TX00734,ACC_A0022,35584.44,0.619,2651.7
TX06157,ACC_N1934,11314.64,0.279,1005.4
TX06302,ACC_N1784,3896.59,0.189,855.5
TX00564,ACC_A0184,26865.77,0.449,2127.9
TX05975,ACC_N3270,15333.26,0.571,834.0
TX06306,ACC_N1378,14030.67,0.332,1417.4
TX01361,ACC_N1288,9358.43,0.318,1278.9
TX05638,ACC_N2490,11145.1,0.267,1064.6
TX03817,ACC_N0392,8028.93,0.136,321.6
TX09396,ACC_N2792,4180.79,0.105,1376.8
TX07527,ACC_N1332,4212.47,0.109,536.2
TX05341,ACC_N0344,6228.36,0.139,669.2
TX08812,ACC_N1033,1096.08,0.383,1301.2
TX03367,ACC_N2484,16027.57,0.391,576.3
TX01333,ACC_N1066,740.65,0.57,226.3
TX01999,ACC_N2750,3904.5,0.493,237.8
TX07190,ACC_N0393,12803.92,0.343,1138.1
TX01541,ACC_N1252,13769.35,0.485,537.3
TX01906,ACC_N0522,14639.67,0.519,1034.2
TX06215,ACC_N2819,16735.88,0.346,550.6
TX00498,ACC_A0294,23825.09,0.338,1832.0
TX00883,ACC_A0022,45620.55,0.478,2037.0
TX02844,ACC_N2925,1531.69,0.367,225.9
TX06622,ACC_N0985,18091.38,0.591,1108.2
TX04410,ACC_N3235,15555.75,0.552,819.2
TX02353,ACC_N1851,2052.3,0.519,1338.4
TX03013,ACC_N1551,2039.13,0.393,820.7
TX04338,ACC_N1797,8739.52,0.19,1226.1
TX08049,ACC_N0274,7927.26,0.238,412.9
TX04297,ACC_N0839,4173.51,0.118,1155.5
TX05185,ACC_N0304,18610.22,0.1,739.2
TX06760,ACC_N1832,14384.57,0.557,975.0
TX06695,ACC_N0030,9422.59,0.428,176.5
TX02701,ACC_N0212,-1566.52,0.123,907.8
TX03115,ACC_N3305,3910.24,0.177,508.6
TX06944,ACC_N3050,12512.75,0.133,622.9
TX03762,ACC_N0348,19964.8,0.401,1187.4
TX08570,ACC_N3482,17879.62,0.532,551.2
TX04771,ACC_N3233,19818.89,0.185,202.7
TX08774,ACC_N0083,14194.82,0.477,493.4
TX02730,ACC_N0004,5166.98,0.276,294.9
TX08376,ACC_N0920,15934.02,0.45,1228.1
TX08107,ACC_N0232,2769.86,0.196,1067.7
TX09803,ACC_N1103,19214.53,0.158,225.5
TX03441,ACC_N1766,15198.48,0.11,422.6
TX09000,ACC_N3170,1452.03,0.284,762.8
TX02735,ACC_N1123,572.2,0.256,1267.9
TX01868,ACC_N1908,16340.36,0.482,1418.9
TX01777,ACC_N1681,9915.6,0.19,543.1
TX04041,ACC_N3301,1636.37,0.244,1234.5
TX06934,ACC_N2334,6422.8,0.563,444.0
TX05701,ACC_N1474,9873.07,0.534,1106.0
TX00494,ACC_A0340,54014.72,0.597,1704.8
TX02307,ACC_N2603,13754.24,0.348,511.2
TX02534,ACC_N1111,-8453.97,0.416,906.6
TX06745,ACC_N2894,2577.91,0.15,1194.4
TX03650,ACC_N0727,10826.67,0.204,156.4
TX03103,ACC_N2037,2684.23,0.544,1028.1
TX04765,ACC_N0435,5752.51,0.546,548.2
TX01851,ACC_N0284,8555.59,0.312,679.2
TX00836,ACC_A0090,20910.08,0.48,1672.3
TX05320,ACC_N0758,16750.86,0.579,1186.3
TX02725,ACC_N2838,11681.92,0.361,297.9
TX04716,ACC_N1770,9192.69,0.122,1039.0
TX08575,ACC_N0732,16849.05,0.429,1382.8
TX08540,ACC_N0354,18134.49,0.376,821.3
TX03047,ACC_N1256,6910.82,0.554,598.4
TX02576,ACC_N1790,17452.37,0.282,755.3
TX04703,ACC_N0039,14676.07,0.526,656.0
TX09157,ACC_N1924,5502.15,0.1,413.6
TX03722,ACC_N0497,3962.38,0.165,895.0
TX04463,ACC_N2764,17408.06,0.189,394.7
TX08865,ACC_N3137,13991.68,0.508,770.8
TX04556,ACC_N2544,18907.92,0.135,131.9
TX01076,ACC_A0337,57339.39,0.383,2813.6
TX00072,ACC_M024,139422.06,0.978,1.8
TX01045,ACC_A0398,29540.88,0.45,1370.2
TX08290,ACC_N3478,14284.02,0.395,773.7
TX01557,ACC_N0674,14659.17,0.204,456.5
TX01901,ACC_N1562,18385.8,0.51,1293.3
TX09070,ACC_N3379,13895.64,0.23,1312.6
TX00444,ACC_A0370,35956.51,0.658,2385.4
TX05127,ACC_N1559,10082.44,0.148,1413.8
TX09303,ACC_N2065,14009.24,0.591,348.0
TX06309,ACC_N2084,7966.73,0.587,1329.5
TX08835,ACC_N0226,14469.2,0.408,1357.9
TX06188,ACC_N0918,6182.0,0.458,1045.9
TX06809,ACC_N1390,13771.78,0.526,836.1
TX03992,ACC_N1906,14787.65,0.441,1126.2
TX08645,ACC_N1607,2066.17,0.164,1311.4
TX08702,ACC_N0247,17639.2,0.482,943.4
TX06074,ACC_N0379,10115.0,0.259,1126.2
TX04170,ACC_N2655,6220.3,0.463,802.0
TX02540,ACC_N3248,10527.43,0.192,837.2
TX05941,ACC_N0691,14029.99,0.187,1290.6
TX02573,ACC_N1958,19469.48,0.417,1279.0
TX00459,ACC_A0073,38182.82,0.52,384.2
TX02327,ACC_N1502,5797.45,0.123,652.0
TX06960,ACC_N0841,16782.96,0.105,176.0
TX04174,ACC_N1970,8696.5,0.28,1278.4
TX07545,ACC_N1144,4082.7,0.33,262.6
TX09388,ACC_N1578,13480.64,0.145,730.6
TX09972,ACC_N1450,16480.59,0.421,1132.2
TX02091,ACC_N1507,3709.69,0.297,1429.7
TX02397,ACC_N1831,10172.83,0.114,982.1
TX01956,ACC_N0610,8656.68,0.59,1379.8
TX07372,ACC_N0086,11572.9,0.256,950.9
TX07648,ACC_N2817,3289.68,0.594,1338.5
TX05667,ACC_N1945,12736.37,0.365,517.5
TX07815,ACC_N0500,14383.08,0.165,874.0
TX04981,ACC_N1006,6359.53,0.355,1266.2
TX05290,ACC_N3346,4613.08,0.433,489.3
TX04228,ACC_N1041,8471.46,0.428,1345.6
TX04994,ACC_N3487,16522.16,0.434,427.2
TX03265,ACC_N1572,845.42,0.139,1123.8
TX04398,ACC_N0798,8917.37,0.448,167.1
TX07761,ACC_N3050,13593.43,0.55,1032.2
TX00676,ACC_A0136,36590.16,0.6,2687.8
TX00553,ACC_A0332,45743.27,0.541,994.1
TX01455,ACC_N2756,14137.12,0.224,695.1
TX03022,ACC_N2524,16206.59,0.373,875.4
TX05324,ACC_N3336,10792.24,0.325,1391.1
TX00893,ACC_A0148,21566.49,0.489,2555.4
TX07227,ACC_N1899,10532.35,0.304,1295.5
TX01525,ACC_N2129,14850.4,0.576,825.2
TX02583,ACC_N1343,9199.91,0.561,208.1
TX03920,ACC_N1767,17807.07,0.114,377.2
TX04530,ACC_N0829,8155.46,0.353,1169.8
TX07304,ACC_N2229,6092.85,0.325,361.5
TX09502,ACC_N2468,10973.05,0.387,200.8
TX07596,ACC_N1869,12537.18,0.421,1003.0
TX00621,ACC_A0390,43752.72,0.69,2713.1
TX09699,ACC_N2128,19293.62,0.526,1202.1
TX00975,ACC_A0144,44475.42,0.632,1445.2
TX04965,ACC_N0443,14841.01,0.574,141.6
TX08410,ACC_N0464,11306.78,0.434,1388.1
TX06720,ACC_N2320,19712.76,0.349,1127.2
TX03988,ACC_N1879,17245.66,0.182,1403.5
TX00006,ACC_M026,120197.53,0.962,43.9
TX04534,ACC_N1285,14796.48,0.303,1311.3
TX01017,ACC_A0176,26363.75,0.303,2123.6
TX05375,ACC_N2571,10704.2,0.341,1394.1
TX06816,ACC_N2446,18127.61,0.323,928.3
TX02634,ACC_N1211,13620.22,0.569,727.4
TX08381,ACC_N2834,13820.06,0.393,792.8
TX05878,ACC_N0879,16197.79,0.521,490.1
TX08742,ACC_N0636,1328.34,0.29,1207.9
TX01224,ACC_N0969,18850.44,0.573,334.0
TX09492,ACC_N0685,19620.88,0.424,420.3
TX03160,ACC_N1555,12954.12,0.445,1308.1
TX01722,ACC_N0908,1118.59,0.39,239.3
TX05109,ACC_N3107,11247.26,0.144,1174.7
TX05367,ACC_N3227,17074.76,0.148,645.1
TX02648,ACC_N1929,9929.7,0.42,1429.8
TX01351,ACC_N1270,5533.03,0.423,554.0
TX07143,ACC_N3470,9651.8,0.358,1426.4
TX06360,ACC_N3445,6084.14,0.508,1381.3
TX03731,ACC_N2605,11416.02,0.369,1188.5
TX00480,ACC_A0140,39050.52,0.428,1413.0
TX06838,ACC_N0557,11805.71,0.474,149.1
TX06609,ACC_N3385,10403.08,0.202,523.4
TX03427,ACC_N2255,17722.26,0.196,435.2
TX02150,ACC_N2218,9182.84,0.31,1363.2
TX08544,ACC_N2396,6458.48,0.333,1023.9
TX02085,ACC_N0435,3810.3,0.113,864.6
TX02628,ACC_N0582,12244.0,0.131,361.9
TX03366,ACC_N2963,11201.21,0.263,908.9
TX09735,ACC_N2353,16548.12,0.361,999.4
TX01799,ACC_N0968,2805.34,0.251,1428.5
TX01334,ACC_N2290,3287.74,0.481,969.4
TX06672,ACC_N2309,18861.88,0.233,619.4
TX01551,ACC_N2832,6906.88,0.294,1193.5
TX08530,ACC_N1085,2663.65,0.495,481.9
TX05145,ACC_N1259,17431.79,0.373,1439.9
TX01368,ACC_N1486,3738.46,0.316,726.8
TX02859,ACC_N2752,2092.76,0.224,446.0
TX02225,ACC_N1498,17543.27,0.251,1202.9
TX03214,ACC_N0909,2282.81,0.522,130.2
TX07798,ACC_N0776,-19252.5,0.442,767.2
TX08090,ACC_N0075,17833.24,0.311,1013.5
TX08132,ACC_N2631,4896.42,0.241,1234.5
TX01309,ACC_N1399,4388.53,0.511,286.9
TX05897,ACC_N0770,14678.54,0.275,198.5
TX06992,ACC_N2136,5942.16,0.406,1147.1
TX05865,ACC_N1225,6838.62,0.371,348.9
TX03793,ACC_N3187,2926.47,0.239,1044.0
TX02456,ACC_N2811,8237.39,0.195,261.2
TX01862,ACC_N1201,4537.61,0.325,265.0
TX01342,ACC_N0220,5777.09,0.385,233.2
TX02999,ACC_N1460,2384.49,0.571,845.7
TX08577,ACC_N2043,16705.27,0.332,198.0
TX09705,ACC_N1137,609.88,0.508,
TX05906,ACC_N1610,19305.48,0.526,1152.5
TX06891,ACC_N2207,11789.27,0.515,311.7
TX03106,ACC_N0852,9690.77,0.339,1056.0
TX06700,ACC_N1755,8857.01,0.34,143.3
TX05134,ACC_N3244,19740.59,0.535,1272.5
TX05073,ACC_N2474,4350.73,0.41,1159.3
TX07094,ACC_N1897,13096.3,0.435,1308.4
TX03996,ACC_N2709,16271.46,0.499,641.9
TX01388,ACC_N3445,11222.35,0.169,389.1
TX00593,ACC_A0141,22290.62,0.322,2318.0
TX01894,ACC_N1252,2198.63,0.204,480.8
TX08890,ACC_N0054,14877.65,0.191,1422.4
TX00276,ACC_A0256,42339.99,0.412,1257.6
TX09346,ACC_N0825,15087.05,0.233,146.5
TX06632,ACC_N1027,8533.88,0.318,979.4
TX00277,ACC_A0187,25995.89,0.677,2544.0
TX01820,ACC_N1222,12757.04,0.479,1388.4
TX05765,ACC_N2035,15404.32,0.503,814.8
TX03640,ACC_N1453,11640.99,0.495,650.8
TX00822,ACC_A0375,51845.35,0.311,2581.7
TX08590,ACC_N0696,11673.38,0.433,991.4
TX02421,ACC_N2916,10428.14,0.546,1363.1
TX00113,ACC_M059,468363.94,0.957,42.8
TX04380,ACC_N2897,13914.25,0.307,643.2
TX03095,ACC_N1410,13505.83,0.266,613.8
TX00759,ACC_A0047,44795.04,0.344,832.0
TX03445,ACC_N2241,14687.48,0.268,1393.2
TX02083,ACC_N0925,4428.55,0.443,162.4
TX09259,ACC_N0176,4591.62,0.195,551.5
TX01977,ACC_N2907,15885.95,0.557,1052.0
TX08857,ACC_N0377,9159.26,0.455,928.4
TX07634,ACC_N1912,8562.73,0.572,597.3
TX06095,ACC_N1721,5374.98,0.122,644.5
TX08494,ACC_N3411,19294.94,0.335,182.0
TX07415,ACC_N0941,-519.93,0.447,1378.5
TX07555,ACC_N1824,9896.53,0.275,1422.6
TX06871,ACC_N3371,19287.94,0.361,535.5
TX04455,ACC_N1463,18699.92,0.184,284.0
TX09584,ACC_N2554,17544.69,0.473,177.7
TX02840,ACC_N0402,12153.83,0.237,1235.0
TX02409,ACC_N2161,2820.92,0.191,277.6
TX05837,ACC_N2263,4873.04,0.496,168.3
TX05278,ACC_N2317,17274.94,0.582,415.3
TX08644,ACC_N2261,7603.56,0.244,228.7
TX06102,ACC_N1365,-9764.04,0.102,510.6
TX06857,ACC_N1715,19815.37,0.563,1311.7
TX04874,ACC_N0814,2207.72,0.463,233.5
TX00341,ACC_A0116,47471.84,0.371,834.3
TX02489,ACC_N0538,16232.08,0.51,368.0
TX01480,ACC_N3119,7552.12,0.548,752.9
TX00127,ACC_M026,418106.64,0.99,20.4
TX05911,ACC_N1916,4694.85,0.184,1209.5
TX00884,ACC_A0180,32799.53,0.616,1352.9
TX05628,ACC_N2937,18026.9,0.231,1047.5
TX02671,ACC_N0442,17635.56,0.321,1095.1
TX07912,ACC_N0428,7357.13,0.247,952.3
TX00027,ACC_M056,139853.2,0.985,25.4
TX06880,ACC_N0386,3421.84,0.575,1197.1
TX09689,ACC_N2091,1115.83,0.571,1098.1
TX04487,ACC_N2366,13326.88,0.289,965.2
TX08535,ACC_N3111,16263.46,0.317,222.7
TX05053,ACC_N1058,17082.35,0.324,1385.4
TX07672,ACC_N0505,6863.25,0.43,797.4
TX06834,ACC_N1980,6118.44,0.269,649.6
TX02926,ACC_N3417,16961.62,0.149,1296.1
TX01164,ACC_N1636,10095.06,0.429,121.6
TX05600,ACC_N1946,16295.35,0.598,266.5
TX04508,ACC_N0329,8649.2,0.338,249.3
TX01647,ACC_N3301,12777.75,0.166,
TX05442,ACC_N1999,10690.17,0.432,552.5
TX06699,ACC_N2326,16854.74,0.126,580.5
TX00666,ACC_A0190,59565.36,0.545,491.0
TX05495,ACC_N3217,19388.45,0.17,1130.1
TX07367,ACC_N2158,12369.34,0.171,769.7
TX06636,ACC_N3127,10544.15,0.524,1301.3
TX04378,ACC_N3090,10564.63,0.429,1425.9
TX02002,ACC_N2320,18017.93,0.328,802.1
TX01926,ACC_N0064,2700.44,0.554,446.2
TX02032,ACC_N1703,6661.94,0.267,789.2
TX03375,ACC_N3373,15088.06,0.164,407.0
TX08562,ACC_N1227,3446.28,0.22,340.4
TX02916,ACC_N1692,19615.09,0.195,1198.6
TX05723,ACC_N1808,14922.36,0.593,1061.8
TX00132,ACC_M049,149948.51,0.967,34.5
TX00858,ACC_A0021,19102.4,0.414,2245.0
TX03388,ACC_N3017,7058.74,0.558,835.3
TX07997,ACC_N1534,805.61,0.181,826.7
TX05717,ACC_N3319,-4340.2,0.453,598.5
TX03870,ACC_N2384,15422.78,0.177,567.7
TX08448,ACC_N0240,1884.52,0.434,728.8
TX08186,ACC_N2567,8829.57,0.431,467.2
TX09112,ACC_N0285,19171.78,0.273,1127.2
TX02088,ACC_N0381,2709.34,0.472,510.0
TX09546,ACC_N3084,2166.6,0.4,1051.5
TX05930,ACC_N2418,15615.64,0.266,1098.9
TX03422,ACC_N2728,14563.88,0.274,770.8
TX00473,ACC_A0181,43123.92,0.554,2466.7
TX01919,ACC_N1623,-8055.6,0.398,582.0
TX02276,ACC_N1184,10004.42,0.437,417.1
TX02654,ACC_N0823,15197.54,0.267,673.2
TX03019,ACC_N3030,11895.72,0.426,225.8
TX06321,ACC_N0461,10507.71,0.509,1179.4
TX04373,ACC_N1459,6988.32,0.26,768.5
TX00069,ACC_M008,83547.79,0.982,9.6
TX06654,ACC_N3329,696.39,0.241,213.6
TX08838,ACC_N1632,9623.32,0.415,1424.7
TX07081,ACC_N0863,13544.6,0.303,1140.2
TX04160,ACC_N0051,17789.0,0.119,916.8
TX03506,ACC_N0948,19425.82,0.361,809.0
TX07156,ACC_N1825,922.13,0.487,972.3
TX03542,ACC_N2702,1670.16,0.138,1183.4
TX02014,ACC_N1760,3159.22,0.293,1297.3
TX00201,ACC_A0089,24410.89,0.357,1471.2
TX00703,ACC_A0350,55667.58,0.619,430.3
TX05530,ACC_N2671,6208.46,0.171,812.3
TX03221,ACC_N3361,1225.82,0.363,684.7
TX03178,ACC_N0501,5248.8,0.39,1394.4
TX06810,ACC_N1360,15904.51,0.484,760.5
TX05914,ACC_N0528,11359.17,0.228,1373.1
TX04235,ACC_N2004,17965.06,0.582,346.7
TX03822,ACC_N0775,14841.83,0.575,1328.0
TX00267,ACC_A0072,36581.19,0.325,586.3
TX00365,ACC_A0237,17997.86,0.533,2832.7
TX00749,ACC_A0113,38967.11,0.575,1573.2
TX03590,ACC_N0465,19467.43,0.192,123.0
TX00752,ACC_A0329,55251.6,0.629,1325.4
TX09832,ACC_N1818,14733.27,0.191,662.4
TX04974,ACC_N2332,13643.14,0.274,1430.7
TX06501,ACC_N1707,12280.25,0.202,1010.0
TX07588,ACC_N1210,11674.05,0.116,426.6
TX08821,ACC_N0437,8442.97,0.318,626.0
TX06545,ACC_N1214,19081.75,0.268,729.8
TX04962,ACC_N1406,5561.23,0.171,1438.6
TX01752,ACC_N2257,19561.18,0.453,1176.2
TX06209,ACC_N0407,3213.62,0.594,266.0
TX01137,ACC_A0193,32103.35,0.649,733.7
TX06547,ACC_N2141,7075.79,0.182,1420.8
TX09121,ACC_N2713,6818.55,0.551,670.8
TX03136,ACC_N2294,9469.64,0.285,1042.3
TX04489,ACC_N1456,18656.26,0.203,505.9
TX07778,ACC_N2398,5494.94,0.49,823.8
TX03246,ACC_N1780,16175.27,0.349,1294.9
TX08326,ACC_N0912,7536.9,0.145,851.5
TX07353,ACC_N2360,6536.07,0.519,1332.3
TX02120,ACC_N1205,6311.13,0.137,349.4
TX02587,ACC_N1661,12805.46,0.125,837.1
TX03926,ACC_N2547,6721.36,0.466,977.8
TX00315,ACC_A0111,37774.68,0.393,1473.7
TX05981,ACC_N1078,15524.39,0.543,599.0
TX06453,ACC_N0643,8935.73,0.202,846.4
TX07071,ACC_N0818,7151.5,0.167,
TX09057,ACC_N2632,15564.43,0.597,874.7
TX00880,ACC_A0374,59295.81,0.366,2303.3
TX04201,ACC_N1495,3285.07,0.172,1151.6
TX09998,ACC_N0481,6338.55,0.349,1422.7
TX06038,ACC_N0388,2584.26,0.487,203.8
TX00292,ACC_A0250,46363.27,0.385,520.2
TX05702,ACC_N2290,9235.91,0.182,202.0
TX01700,ACC_N3340,14258.47,0.279,1036.9
TX04738,ACC_N1041,6321.68,0.175,376.9
TX03362,ACC_N3063,17056.35,0.505,934.3
TX06711,ACC_N0276,7308.63,0.145,1093.2
TX01062,ACC_A0018,58350.61,0.442,1574.9
TX04584,ACC_N1279,19251.81,0.508,1156.6
TX08270,ACC_N1785,6006.14,0.108,138.3
TX09234,ACC_N3454,13143.27,0.169,
TX03037,ACC_N2848,15679.35,0.388,201.7
TX08860,ACC_N2816,5195.67,0.551,130.1
TX03796,ACC_N0472,17132.41,0.201,1254.1
TX09063,ACC_N3014,18049.05,0.597,798.3
TX04471,ACC_N2757,13788.47,0.558,581.3
TX09009,ACC_N3266,970.59,0.113,1336.6
TX00398,ACC_A0149,40447.88,0.401,2039.8
TX05284,ACC_N1232,1654.85,0.487,1296.6
TX00855,ACC_A0228,39445.48,0.55,1775.5
TX08472,ACC_N1131,19004.25,0.157,397.4
TX09643,ACC_N3196,17721.73,0.422,357.3
TX08619,ACC_N3273,15361.12,0.587,1008.1
TX06644,ACC_N2881,9791.54,0.102,676.9
TX06493,ACC_N3497,3861.61,0.467,1251.9
TX02512,ACC_N0506,12619.62,0.403,379.5
TX02944,ACC_N2971,19316.11,0.248,951.2
TX08379,ACC_N2471,13671.38,0.414,591.7
TX03292,ACC_N2336,6650.62,0.236,394.4
TX07419,ACC_N0633,6881.38,0.412,976.6
TX03876,ACC_N1945,-1858.97,0.274,507.5
TX01861,ACC_N0578,11137.06,0.282,1025.2
TX07584,ACC_N1037,18696.15,0.274,1085.8
TX04056,ACC_N1616,9898.73,0.444,421.8
TX09759,ACC_N3445,10079.16,0.581,293.8
TX07644,ACC_N0105,-19038.9,0.486,478.1
TX02016,ACC_N2545,16356.38,0.149,1372.1
TX00581,ACC_A0335,52668.55,0.596,705.9
TX04503,ACC_N1973,16621.48,0.277,1090.0
TX07333,ACC_N1570,7096.57,0.549,551.1
TX01692,ACC_N1418,10503.1,0.15,1203.3
TX09701,ACC_N3464,11617.48,0.535,579.8
TX01908,ACC_N0618,16742.28,0.597,808.8
TX00311,ACC_A0174,38842.8,0.567,2564.3
TX00569,ACC_A0345,37242.32,0.325,764.9
TX08296,ACC_N0390,5607.62,0.318,1388.8
TX01821,ACC_N3450,-12848.63,0.233,1272.2
TX07835,ACC_N3327,9707.86,0.333,736.6
TX03191,ACC_N1600,3940.58,0.239,1042.4
TX08234,ACC_N0492,17690.12,0.574,1122.5
TX07709,ACC_N1245,2043.02,0.369,434.7
TX02371,ACC_N2536,16830.27,0.244,1266.5
TX01944,ACC_N1859,1548.75,0.546,587.2
TX01850,ACC_N0471,10587.22,0.168,482.1
TX09720,ACC_N2018,15969.6,0.381,205.2
TX07522,ACC_N1701,14345.57,0.538,487.8
TX06259,ACC_N1976,9173.71,0.348,431.5
TX09278,ACC_N2006,17215.41,0.291,297.3
TX07661,ACC_N1514,1893.3,0.127,1380.8
TX08903,ACC_N1348,14235.53,0.487,1212.3
TX04292,ACC_N2698,13401.03,0.53,158.1
TX06307,ACC_N2756,17742.04,0.182,1172.1
TX02108,ACC_N0319,15050.5,0.234,247.7
TX08453,ACC_N1669,11684.9,0.294,1170.3
TX00419,ACC_A0299,49706.1,0.455,1216.0
TX07532,ACC_N2401,11106.76,0.556,539.0
TX03735,ACC_N2040,6101.21,0.366,868.1
TX01353,ACC_N3447,18392.09,0.292,332.1
TX09159,ACC_N2799,19325.3,0.28,904.1
TX05570,ACC_N0040,10010.52,0.371,1334.6
TX04976,ACC_N1928,13620.67,0.293,706.5
TX07285,ACC_N2395,8743.8,0.124,1422.5
TX01606,ACC_N1013,6144.1,0.322,973.5
TX07474,ACC_N0944,1810.35,0.184,1111.5
TX08271,ACC_N2943,6264.18,0.59,1084.5
TX05616,ACC_N3410,15475.35,0.54,1085.6
TX06229,ACC_N2549,3983.92,0.557,1209.5
TX01358,ACC_N1672,9298.27,0.269,1354.9
TX06839,ACC_N2023,3851.21,0.389,938.0
TX07828,ACC_N0063,13621.9,0.329,1282.6
TX09449,ACC_N1753,9427.79,0.555,357.1
TX02568,ACC_N3056,13505.25,0.186,1027.9
TX02408,ACC_N1238,13704.33,0.287,754.1
TX07362,ACC_N1914,8299.26,0.356,149.0
TX04634,ACC_N0378,8595.69,0.323,624.4
TX09974,ACC_N2032,19896.63,0.19,1140.2
TX04760,ACC_N2941,4466.55,0.398,135.8
TX00004,ACC_M027,319396.32,0.974,29.0
TX06767,ACC_N2286,19443.94,0.455,175.0
TX05225,ACC_N2750,4598.43,0.277,183.7
TX02693,ACC_N1554,11127.15,0.182,540.1
TX06958,ACC_N2817,9958.9,0.194,509.2
TX05731,ACC_N0340,1867.3,0.515,299.9
TX09482,ACC_N2310,-1892.32,0.599,1205.1
TX03093,ACC_N1766,2745.54,0.28,
TX02875,ACC_N1054,9631.86,0.237,402.5
TX05525,ACC_N2556,-13450.98,0.407,608.7
TX06982,ACC_N2814,11424.08,0.4,628.8
TX09252,ACC_N0786,15713.27,0.301,1434.8
TX09440,ACC_N2630,11147.9,0.429,577.1
TX09034,ACC_N2034,12920.67,0.579,696.2
TX09778,ACC_N2286,8233.82,0.376,496.8
TX07189,ACC_N1291,17425.31,0.555,
TX06193,ACC_N1294,-9243.16,0.573,802.0
TX07433,ACC_N1780,2513.55,0.189,1301.8
TX06421,ACC_N2919,13627.48,0.367,224.1
TX00731,ACC_A0389,16568.93,0.593,1987.3
TX03228,ACC_N2263,4216.23,0.334,1058.5
TX03500,ACC_N2672,18543.12,0.551,1088.6
TX09736,ACC_N1278,11938.49,0.176,884.1
TX08746,ACC_N2326,6452.45,0.15,122.6
TX07462,ACC_N2195,15069.9,0.367,148.8
TX00711,ACC_A0106,20415.24,0.338,1892.5
TX07136,ACC_N1534,913.25,0.469,982.5
TX01094,ACC_A0104,55561.9,0.598,2648.3
TX01379,ACC_N1005,6957.36,0.244,712.7
TX08960,ACC_N1176,1107.15,0.552,347.8
TX06156,ACC_N2769,9661.08,0.497,1435.9
TX06131,ACC_N2074,5901.46,0.255,1137.8
TX06346,ACC_N1311,3976.1,0.498,152.9
TX08605,ACC_N0442,2892.85,0.564,1413.9
TX06163,ACC_N1644,3484.33,0.573,292.8
TX06165,ACC_N1774,8557.47,0.556,1015.9
TX09565,ACC_N0296,13165.76,0.297,492.4
TX01975,ACC_N3052,16639.67,0.507,1176.1
TX02140,ACC_N1407,7951.59,0.347,668.6
TX04878,ACC_N0638,8928.16,0.32,180.7
TX05747,ACC_N1355,6730.67,0.403,608.4
TX06246,ACC_N1068,10510.92,0.494,628.4
TX00376,ACC_A0371,40791.79,0.406,2080.2
TX08587,ACC_N2820,1865.68,0.564,472.6
TX06293,ACC_N1507,3975.88,0.466,
TX06244,ACC_N0198,19935.12,0.505,1051.8
TX08482,ACC_N1895,16176.9,0.238,449.4
TX06674,ACC_N0626,10249.56,0.222,1098.4
TX04865,ACC_N1767,8455.27,0.503,147.6
TX03881,ACC_N3457,15223.68,0.324,843.5
TX07637,ACC_N2247,14690.34,0.21,339.3
TX07759,ACC_N2665,13597.49,0.286,613.7
TX04960,ACC_N2084,19241.81,0.141,602.0
TX03598,ACC_N3299,18630.94,0.147,1043.9
TX09959,ACC_N2595,18450.81,0.496,1069.8
TX00721,ACC_A0376,41877.33,0.523,2522.2
TX08724,ACC_N2223,18913.01,0.18,425.4
TX03893,ACC_N3239,5994.94,0.381,1290.7
TX03316,ACC_N3124,3919.02,0.105,1013.1
TX09222,ACC_N1910,11645.98,0.38,588.4
TX04540,ACC_N1886,8535.88,0.546,1293.9
TX04167,ACC_N0584,17562.26,0.271,381.1
TX05536,ACC_N1774,9157.77,0.169,1094.8
TX01090,ACC_A0109,44273.02,0.54,742.3
TX01872,ACC_N1222,11840.5,0.138,771.4
TX01394,ACC_N0903,12541.82,0.551,703.5
TX04113,ACC_N0357,10360.3,0.545,1153.1
TX09405,ACC_N2329,5671.94,0.256,595.3
TX07489,ACC_N2974,2967.96,0.223,1333.2
TX08183,ACC_N1064,8834.74,0.386,197.0
TX05601,ACC_N2829,11336.24,0.278,436.4
TX03421,ACC_N0059,1718.36,0.374,424.0
TX01407,ACC_N1626,14739.75,0.512,671.5
TX08298,ACC_N2021,18511.94,0.544,834.8
TX06016,ACC_N2181,6500.62,0.407,1392.6
TX00128,ACC_M025,437328.76,0.982,40.1
TX06833,ACC_N1611,1172.83,0.276,483.1
TX08863,ACC_N0205,11433.88,0.105,539.9
TX02243,ACC_N3155,7829.12,0.208,698.5
TX03258,ACC_N3181,14498.48,0.561,746.1
TX02588,ACC_N1209,987.19,0.372,489.5
TX07275,ACC_N2343,8639.05,0.437,407.1
TX01052,ACC_A0173,20658.37,0.361,657.2
TX09459,ACC_N2875,12610.94,0.327,1396.9
TX05482,ACC_N0541,9926.15,0.181,353.4
TX05510,ACC_N2000,7038.92,0.343,1347.3
TX04728,ACC_N0761,18756.69,0.389,762.2
TX03487,ACC_N1394,9698.13,0.495,1181.9
TX04068,ACC_N2616,19925.19,0.241,1100.1
TX06602,ACC_N2269,18406.03,0.25,1253.9
TX01128,ACC_A0075,48609.41,0.425,1196.6
TX03921,ACC_N1125,13004.68,0.448,1085.2
TX04438,ACC_N1004,890.9,0.244,1344.5
TX08135,ACC_N3005,8628.56,0.574,850.2
TX02878,ACC_N3478,18685.74,0.384,544.1
TX02157,ACC_N2301,12735.62,0.376,438.3
TX09596,ACC_N1481,6779.63,0.597,1388.6
TX04938,ACC_N2629,869.09,0.442,1203.9
TX06916,ACC_N1867,18598.07,0.423,203.4
TX03783,ACC_N1389,18747.11,0.411,1114.4
TX06849,ACC_N3477,4735.87,0.463,627.5
TX07986,ACC_N3329,1485.14,0.326,132.4
TX03577,ACC_N2671,12306.17,0.289,
TX06669,ACC_N0595,18276.56,0.275,299.0
TX06393,ACC_N3463,11394.79,0.222,494.6
TX00290,ACC_A0254,17323.6,0.589,1507.8
TX07630,ACC_N1964,8742.4,0.103,893.4
TX07293,ACC_N0945,6363.44,0.322,1103.7
TX03816,ACC_N0497,8922.41,0.449,473.2
TX00461,ACC_A0360,35654.5,0.365,1446.5
TX05451,ACC_N0205,3166.34,0.475,1371.0
TX01844,ACC_N2847,15306.56,0.416,1354.9
TX04744,ACC_N0646,9028.28,0.247,874.4
TX04947,ACC_N3362,15198.72,0.549,731.6
TX08250,ACC_N1295,4834.68,0.553,1264.9
TX08123,ACC_N0092,1428.5,0.416,222.9
TX06437,ACC_N2487,2859.5,0.228,674.5
TX04112,ACC_N2549,17878.42,0.384,604.8
TX01823,ACC_N2441,10856.64,0.59,840.3
TX02706,ACC_N1413,10455.15,0.396,1342.1
TX04321,ACC_N2176,13736.37,0.405,253.8
TX09513,ACC_N1042,9665.39,0.253,232.4
TX00966,ACC_A0171,37718.02,0.539,778.3
TX00043,ACC_M037,65474.83,0.995,8.6
TX06878,ACC_N1996,-15207.51,0.258,1304.6
TX09696,ACC_N1798,8131.06,0.136,769.7
TX00436,ACC_A0184,48491.23,0.69,2323.8
TX00334,ACC_A0269,48568.85,0.548,1714.8
TX09590,ACC_N2122,2383.24,0.284,1147.5
TX05083,ACC_N1742,16622.74,0.411,793.2
TX04200,ACC_N2103,7673.09,0.244,1214.4
TX07394,ACC_N3486,7839.58,0.263,597.1
TX05576,ACC_N0430,6921.45,0.351,445.0
TX06445,ACC_N0438,13930.97,0.429,127.7
TX00264,ACC_A0096,36328.65,0.543,
TX05666,ACC_N2581,7322.08,0.438,633.2
TX03117,ACC_N1934,3881.22,0.199,646.9
TX04028,ACC_N0462,9013.34,0.27,1186.8
TX01631,ACC_N3285,18710.39,0.162,218.4
TX01287,ACC_N2086,704.63,0.517,1125.4
TX07791,ACC_N2793,10390.48,0.102,1318.3
TX03045,ACC_N2772,6320.62,0.368,
TX02336,ACC_N1946,17966.66,0.305,586.8
TX02709,ACC_N3077,7164.1,0.439,626.9
TX03540,ACC_N0514,19508.01,0.41,1361.9
TX06479,ACC_N1534,16539.1,0.404,891.5
TX08637,ACC_N2092,15088.83,0.598,1280.6
TX02380,ACC_N3320,16524.17,0.213,1019.6
TX06659,ACC_N0428,15460.0,0.454,
TX05937,ACC_N2730,12350.33,0.431,1439.5
TX00566,ACC_A0247,47948.31,0.594,2808.8
TX02949,ACC_N0997,10301.29,0.305,1112.1
TX00960,ACC_A0280,58235.12,0.428,2256.3
TX07230,ACC_N2464,2224.53,0.259,1186.6
TX02433,ACC_N1425,15058.76,0.457,1368.1
TX06278,ACC_N3120,11322.61,0.12,952.2
TX07582,ACC_N2362,4637.52,0.545,931.1
TX01199,ACC_N1627,10829.42,0.248,748.6
TX05519,ACC_N2705,3757.59,0.37,
TX00260,ACC_A0237,19014.19,0.337,1936.6
TX00119,ACC_M054,451651.55,0.968,30.6
TX01236,ACC_N0294,3139.43,0.173,1045.9
TX08705,ACC_N3256,9443.89,0.471,720.3
TX07039,ACC_N2495,7071.55,0.387,1011.4
TX08130,ACC_N2501,7325.14,0.497,1417.4
TX07626,ACC_N0300,14438.81,0.255,144.2
TX07463,ACC_N2180,9519.98,0.243,457.3
TX02652,ACC_N0037,4834.51,0.215,1396.0
TX02159,ACC_N2141,19951.6,0.501,962.0
TX00651,ACC_A0065,36647.78,0.679,2855.1
TX03533,ACC_N1295,13292.03,0.3,836.1
TX09659,ACC_N1498,14064.97,0.529,1278.3
TX01877,ACC_N1797,2078.6,0.569,1133.5
TX03885,ACC_N0642,16337.5,0.142,456.3
TX05643,ACC_N2502,3393.83,0.578,787.3
TX00521,ACC_A0151,43931.65,0.633,458.2
TX07609,ACC_N0215,10806.53,0.385,707.7
TX08601,ACC_N1121,17200.64,0.15,576.0
TX06772,ACC_N2791,5501.51,0.113,943.8
TX06684,ACC_N2016,12767.72,0.544,388.0
TX06707,ACC_N2189,-9420.5,0.249,913.5
TX07932,ACC_N1639,18300.36,0.529,1197.3
TX05648,ACC_N1266,17692.65,0.417,234.2
TX04291,ACC_N1573,14985.21,0.455,149.9
TX02266,ACC_N2368,11457.74,0.105,940.2
TX07324,ACC_N1781,3555.83,0.375,749.9
TX03301,ACC_N2763,2951.27,0.144,334.5
TX07995,ACC_N1295,10041.16,0.457,134.0
TX00240,ACC_A0390,56581.88,0.336,1389.8
TX02763,ACC_N2590,7214.01,0.42,515.7
TX00258,ACC_A0222,40378.43,0.397,993.9
TX00300,ACC_A0276,47530.32,0.673,924.1
TX06364,ACC_N0426,10767.13,0.201,1245.6
TX00679,ACC_A0171,32922.93,0.345,2095.2
TX00662,ACC_A0296,34206.77,0.462,789.7
TX05111,ACC_N1000,2731.54,0.426,1085.6
TX08397,ACC_N1783,16259.28,0.302,849.5
TX02771,ACC_N1262,2304.31,0.115,1124.5
TX04401,ACC_N3003,10648.89,0.502,442.7
TX02075,ACC_N3052,17436.86,0.353,593.8
TX08554,ACC_N3355,10748.22,0.409,636.4
TX00632,ACC_A0384,41471.87,0.426,2712.3
TX06581,ACC_N1501,14274.19,0.56,399.1
TX05093,ACC_N1267,16858.31,0.273,1408.4
TX04868,ACC_N1015,15300.42,0.472,
TX09444,ACC_N1885,9370.75,0.454,1244.3
TX05287,ACC_N0631,7151.34,0.581,1020.2
TX01761,ACC_N1690,13643.34,0.278,424.7
TX02166,ACC_N1818,19113.8,0.233,1432.4
TX00302,ACC_A0337,47330.58,0.492,2462.7
TX05698,ACC_N0384,10449.82,0.527,447.7
TX09745,ACC_N0014,3328.78,0.505,1437.7
TX02538,ACC_N1978,13778.59,0.346,
TX02186,ACC_N2295,6140.26,0.238,490.7
TX03269,ACC_N2865,3690.52,0.471,872.9
TX00144,ACC_M017,185395.24,0.968,17.3
TX09416,ACC_N2163,15925.91,0.244,880.8
TX05803,ACC_N0579,16066.32,0.355,558.4
TX03705,ACC_N2105,3285.5,0.404,478.0
TX06848,ACC_N0973,19305.59,0.322,457.9
TX02712,ACC_N2040,9606.85,0.158,1134.6
TX02086,ACC_N2586,2364.99,0.55,142.1
TX04459,ACC_N3343,5798.3,0.257,1373.5
TX07998,ACC_N2487,8650.97,0.351,1407.5
TX06055,ACC_N1069,7888.3,0.152,744.1
TX02076,ACC_N0365,11510.48,0.28,315.5
TX07382,ACC_N1555,7964.46,0.205,856.3
TX02570,ACC_N2204,732.4,0.366,719.6
TX06214,ACC_N2753,10920.52,0.257,377.5
TX02022,ACC_N1485,15124.1,0.358,730.5
TX09587,ACC_N0449,11519.89,0.554,674.5
TX09258,ACC_N1548,17840.14,0.179,848.7
TX08555,ACC_N2671,10802.87,0.353,1152.3
TX08528,ACC_N2108,2150.53,0.461,1414.3
TX04171,ACC_N0922,10068.54,0.112,1063.6
TX02008,ACC_N0231,6903.52,0.462,671.9
TX07984,ACC_N3099,1105.7,0.52,1404.4
TX09863,ACC_N0101,8206.9,0.471,917.7
TX08871,ACC_N2426,19913.19,0.266,1067.1
TX08783,ACC_N1024,15579.52,0.361,1161.5
TX01341,ACC_N1511,17729.51,0.239,619.9
TX04094,ACC_N0898,3860.81,0.408,1039.0
TX04314,ACC_N0373,15657.98,0.274,1361.4
TX01281,ACC_N2362,8185.65,0.369,128.6
TX02227,ACC_N2216,3589.74,0.311,509.0
TX05376,ACC_N0720,7209.47,0.518,1233.6
TX06283,ACC_N0379,18976.91,0.289,501.1
TX06789,ACC_N0543,19891.78,0.24,1134.2
TX08380,ACC_N2183,2213.39,0.539,1197.2
TX07177,ACC_N0524,13778.11,0.428,270.5
TX03430,ACC_N1452,14195.34,0.244,171.4
TX04642,ACC_N3246,10693.25,0.377,1358.2
TX03111,ACC_N0948,2357.35,0.383,1090.1
TX01277,ACC_N1681,13730.58,0.479,161.7
TX08285,ACC_N2364,15556.97,0.404,1283.4
TX01471,ACC_N1730,5230.28,0.438,677.8
TX03030,ACC_N1417,18212.77,0.491,1103.3
TX07944,ACC_N3460,14233.54,0.366,251.3
TX03975,ACC_N3052,5350.15,0.568,1163.7
TX01621,ACC_N2968,16500.77,0.433,210.5
TX09415,ACC_N3068,9490.45,0.262,1357.5
TX06116,ACC_N2901,4114.4,0.355,586.3
TX08661,ACC_N1051,3777.77,0.508,1155.3
TX07222,ACC_N2926,17943.2,0.313,937.6
TX02597,ACC_N1930,14685.32,0.29,289.2
TX07427,ACC_N3436,899.59,0.464,133.7
TX04894,ACC_N1965,2353.28,0.582,1097.7
TX07337,ACC_N0930,11321.17,0.282,794.2
TX06576,ACC_N3251,9617.11,0.53,1218.0
TX04543,ACC_N1695,10018.04,0.369,415.8
TX06592,ACC_N2360,8829.08,0.282,256.7
TX01769,ACC_N1338,1333.42,0.396,1099.6
TX00229,ACC_A0018,36651.54,0.572,1178.2
TX06222,ACC_N0891,7460.28,0.353,1196.4
TX00926,ACC_A0187,42551.61,0.513,1266.2
TX08949,ACC_N2355,8329.57,0.265,495.9
TX09463,ACC_N0855,-16515.92,0.12,1065.7
TX07149,ACC_N2627,17875.58,0.423,1096.3
TX06159,ACC_N2079,9879.11,0.597,667.5
TX01418,ACC_N2837,10676.74,0.541,661.7
TX06372,ACC_N2468,6293.38,0.34,266.6
TX08700,ACC_N2590,16202.34,0.481,819.7
TX02420,ACC_N1954,644.14,0.349,546.8
TX07754,ACC_N2743,17324.38,0.535,676.4
TX01704,ACC_N2798,15008.56,0.114,684.6
TX04891,ACC_N1666,12852.55,0.165,
TX00619,ACC_A0005,58117.69,0.41,482.9
TX07437,ACC_N0030,16890.79,0.164,512.1
TX05086,ACC_N0072,19792.14,0.13,150.5
TX03447,ACC_N3491,7515.89,0.195,340.2
TX02386,ACC_N1583,632.53,0.293,498.6
TX07023,ACC_N3462,16513.4,0.508,
TX02110,ACC_N1224,3631.58,0.277,832.6
TX09600,ACC_N0093,3714.71,0.569,1198.8
TX04470,ACC_N0039,4892.18,0.256,333.5
TX06423,ACC_N1143,6445.15,0.357,1021.3
TX01322,ACC_N3135,779.45,0.21,705.3
TX08492,ACC_N3255,5422.63,0.442,664.5
TX06459,ACC_N1723,16723.81,0.565,407.2
TX00790,ACC_A0064,20212.97,0.367,588.7
TX06004,ACC_N1413,12864.79,0.262,150.9
TX06279,ACC_N2721,18131.73,0.438,955.3
TX03338,ACC_N1718,12324.53,0.586,1155.9
TX07064,ACC_N1530,5741.24,0.18,1342.3
TX06356,ACC_N1395,11810.75,0.321,1099.1
TX02459,ACC_N2969,540.49,0.455,407.7
TX01742,ACC_N0639,19841.84,0.405,1003.8
TX06750,ACC_N0212,2363.11,0.255,502.9
TX03119,ACC_N2723,10354.4,0.321,363.5
TX09714,ACC_N2943,878.99,0.311,588.8
TX04354,ACC_N2051,7297.75,0.539,898.8
TX02918,ACC_N2151,14969.44,0.49,1342.6
TX09240,ACC_N2393,2021.62,0.343,654.1
TX04131,ACC_N1922,12671.75,0.218,188.1
TX06382,ACC_N1344,15517.56,0.163,1122.3
TX02870,ACC_N0861,18633.74,0.18,718.4
TX03017,ACC_N2327,7495.18,0.274,548.4
TX05415,ACC_N1038,5930.07,0.284,641.6
TX01300,ACC_N1357,2770.95,0.268,1433.8
TX09150,ACC_N3311,16550.36,0.271,781.2
TX00596,ACC_A0337,57985.63,0.451,1889.1
TX09212,ACC_N0908,2104.72,0.402,591.4
TX02499,ACC_N2539,4796.38,0.27,512.6
TX06597,ACC_N0648,13923.29,0.597,908.2
TX04239,ACC_N3215,1079.86,0.213,625.8
TX07981,ACC_N1840,10675.55,0.452,362.2
TX01629,ACC_N2198,19634.21,0.203,328.6
TX05462,ACC_N3034,8817.64,0.319,725.1
TX07272,ACC_N3253,1407.56,0.407,809.2
TX06162,ACC_N0716,10986.56,0.267,1264.2
TX08306,ACC_N0875,17090.65,0.365,1407.2
TX08353,ACC_N1704,9006.87,0.412,1277.1
TX09476,ACC_N1818,7794.57,0.109,707.5
TX09228,ACC_N2460,9017.17,0.107,1343.6
TX01955,ACC_N2007,17183.25,0.114,834.0
TX05644,ACC_N1619,8277.41,0.553,513.5
TX09023,ACC_N3392,4912.93,0.292,926.7
TX09104,ACC_N1169,12502.42,0.22,362.3
TX08806,ACC_N2184,12510.67,0.467,452.1
TX09401,ACC_N0882,7676.42,0.49,1240.8
TX04972,ACC_N0507,16511.03,0.159,1337.4
TX03332,ACC_N1308,12826.39,0.246,1067.1
TX04211,ACC_N2878,1592.05,0.32,361.2
TX00401,ACC_A0104,52205.95,0.498,1660.3
TX01560,ACC_N1284,4528.33,0.479,1093.1
TX07101,ACC_N0398,12691.73,0.43,810.8
TX03042,ACC_N1465,17607.54,0.225,879.5
TX06540,ACC_N1169,7372.5,0.552,817.6
TX02341,ACC_N0463,10520.4,0.399,966.2
TX08032,ACC_N2828,2096.3,0.354,1289.1
TX03504,ACC_N0761,14433.97,0.287,233.3
TX00726,ACC_A0299,59835.11,0.368,891.3
TX09227,ACC_N0697,5220.73,0.207,1207.4
TX07376,ACC_N1161,11476.55,0.377,1067.5
TX07530,ACC_N2427,19945.93,0.139,780.2
TX06323,ACC_N2012,4002.37,0.197,562.2
TX02035,ACC_N0648,1468.4,0.207,1389.6
TX01900,ACC_N0169,4211.57,0.314,200.8
TX06081,ACC_N1052,11468.99,0.139,703.3
TX01618,ACC_N2778,4745.39,0.116,1319.5
TX06199,ACC_N2888,1585.62,0.175,563.8
TX06024,ACC_N2184,6264.95,0.16,1044.0
TX05960,ACC_N2718,2383.48,0.104,933.9
TX04243,ACC_N2573,15390.26,0.459,482.6
TX06408,ACC_N1683,1855.42,0.271,1231.0
TX07301,ACC_N2777,18383.02,0.467,1268.8
TX00688,ACC_A0125,47199.9,0.602,2033.9
TX01865,ACC_N3347,17054.02,0.263,410.9
TX05263,ACC_N2228,14116.32,0.115,825.4
TX08807,ACC_N0166,8976.46,0.469,1203.4
TX04694,ACC_N2472,9522.41,0.362,1412.3
TX05066,ACC_N2132,16243.24,0.492,573.9
TX03534,ACC_N1698,7152.41,0.165,651.8
TX03725,ACC_N2967,1732.17,0.594,185.8
TX03201,ACC_N3186,3603.6,0.377,1045.4
TX01559,ACC_N2028,3370.93,0.104,1027.6
TX05888,ACC_N2963,13233.36,0.407,1040.4
TX00130,ACC_M059,279836.29,0.99,6.2
TX03710,ACC_N1809,14878.77,0.313,241.6
TX02174,ACC_N3436,17084.83,0.173,1077.2
TX07873,ACC_N2216,18623.8,0.284,679.8
TX07185,ACC_N0861,6185.77,0.282,269.9
TX07950,ACC_N0769,13952.83,0.216,1405.5
TX09504,ACC_N2353,1464.96,0.338,767.1
TX07565,ACC_N0602,11494.17,0.278,1005.3
TX09827,ACC_N2235,19465.28,0.116,1235.2
TX05872,ACC_N3450,13903.8,0.286,722.5
TX00331,ACC_A0238,50743.03,0.385,1772.3
TX02953,ACC_N0102,1465.5,0.469,642.1
TX02244,ACC_N0829,16500.62,0.347,434.7
TX07752,ACC_N1343,5029.18,0.238,537.7
TX01324,ACC_N2803,909.91,0.552,327.6
TX00272,ACC_A0032,40400.63,0.439,779.9
TX02699,ACC_N1034,4973.17,0.595,670.5
TX01925,ACC_N0961,4772.96,0.237,415.0
TX06979,ACC_N2530,1127.22,0.465,1198.9
TX09772,ACC_N2223,17975.86,0.203,1113.3
TX09608,ACC_N0327,3588.27,0.261,187.4
TX01483,ACC_N0350,13020.69,0.101,379.9
TX08470,ACC_N0563,7427.71,0.232,550.3
TX01910,ACC_N1718,15930.04,0.407,596.7
TX06814,ACC_N1814,632.32,0.219,541.7
TX01565,ACC_N1379,10706.44,0.424,1398.7
TX00187,ACC_A0316,39635.08,0.47,693.0
TX07160,ACC_N3014,9487.96,0.404,1149.3
TX09559,ACC_N2857,12698.35,0.497,821.9
TX06068,ACC_N1221,2932.35,0.425,934.8
TX02398,ACC_N1860,-651.45,0.17,1055.8
TX09461,ACC_N0331,6333.04,0.444,718.7
TX06942,ACC_N3165,8100.62,0.285,487.2
TX06328,ACC_N2850,14331.29,0.5,698.6
TX08877,ACC_N3066,14576.35,0.276,827.1
TX03360,ACC_N3045,9137.54,0.311,619.2
TX09478,ACC_N0391,6291.4,0.359,663.8
TX01736,ACC_N0378,6854.69,0.17,414.2
TX03984,ACC_N2806,17936.55,0.124,153.3
TX05798,ACC_N3337,661.17,0.276,1376.3
TX05333,ACC_N2615,17327.94,0.322,1097.6
TX01307,ACC_N3358,4339.31,0.283,1409.7
TX01696,ACC_N0085,14790.75,0.543,539.5
TX01470,ACC_N2497,18206.29,0.166,194.5
TX06021,ACC_N0657,7476.81,0.299,218.3
TX09233,ACC_N1511,15930.31,0.409,1395.8
TX08786,ACC_N2057,8888.62,0.508,315.5
TX07612,ACC_N0511,9670.63,0.365,1416.5
TX08201,ACC_N1821,-9497.32,0.2,313.5
TX05507,ACC_N3083,2987.74,0.119,545.9
TX07356,ACC_N2970,10194.24,0.21,237.6
TX06097,ACC_N0124,13947.36,0.429,796.9
TX08811,ACC_N1207,12708.16,0.127,1252.2
TX07114,ACC_N1094,16979.09,0.524,1325.4
TX08793,ACC_N1969,5245.21,0.295,171.9
TX02272,ACC_N0779,5392.03,0.516,992.2
TX02457,ACC_N3082,8908.6,0.591,1125.1
TX00136,ACC_M041,195441.32,0.952,31.8
TX06892,ACC_N2988,13119.77,0.326,1357.9
TX09531,ACC_N1834,18047.65,0.288,684.8
TX08656,ACC_N0884,3877.76,0.244,1015.0
TX04271,ACC_N3014,5505.27,0.297,889.5
TX07019,ACC_N2041,10484.62,0.156,126.6
TX05188,ACC_N2999,5359.47,0.511,284.8
TX07758,ACC_N2475,14291.72,0.539,202.4
TX06077,ACC_N2415,16153.93,0.209,321.4
TX03350,ACC_N2674,14791.11,0.588,1300.0
TX08612,ACC_N0098,10764.78,0.431,385.8
TX04227,ACC_N3035,16431.51,0.131,1228.7
TX07280,ACC_N1083,18836.08,0.165,930.3
TX01014,ACC_A0010,35224.52,0.436,543.4
TX06086,ACC_N1232,8255.72,0.118,286.3
TX09549,ACC_N1566,18184.48,0.398,1018.0
TX08588,ACC_N2978,15928.06,0.219,939.5
TX08216,ACC_N0784,19434.02,0.491,1005.7
TX01516,ACC_N3448,5686.96,0.24,679.4
TX07818,ACC_N1133,2537.22,0.433,1356.5
TX06241,ACC_N0011,19541.79,0.359,1093.3
TX04560,ACC_N0299,17795.37,0.164,1368.8
TX08085,ACC_N0666,2739.17,0.281,1068.9
TX01802,ACC_N1330,4799.92,0.1,1434.6
TX01454,ACC_N1402,1344.65,0.253,1167.6
TX01489,ACC_N0646,12725.88,0.529,714.5
TX03241,ACC_N0369,15614.1,0.421,206.3
TX07395,ACC_N2561,6284.11,0.243,356.3
TX04511,ACC_N1868,9449.91,0.583,1089.9
TX00101,ACC_M035,64143.13,0.965,5.5
TX09041,ACC_N2435,14617.69,0.297,883.4
TX09093,ACC_N1356,11784.55,0.382,996.1
TX07899,ACC_N2063,8706.45,0.445,1344.1
TX00028,ACC_M033,281405.5,0.969,27.9
TX09635,ACC_N0744,4759.25,0.15,806.8
TX04815,ACC_N2648,2808.06,0.245,654.4
TX06601,ACC_N0491,16115.79,0.505,179.1
TX01503,ACC_N1398,16715.05,0.45,1171.5
TX04034,ACC_N1075,18527.64,0.41,1058.0
TX09931,ACC_N0186,11992.93,0.356,728.0
TX06192,ACC_N1666,10656.16,0.56,565.1
TX02168,ACC_N3009,1416.35,0.374,349.4
TX09645,ACC_N3189,4844.31,0.499,453.2
TX01600,ACC_N2836,9185.49,0.156,476.0
TX00251,ACC_A0333,16371.25,0.49,955.9
TX09414,ACC_N2141,8685.07,0.24,1111.2
TX04103,ACC_N0757,19690.32,0.458,472.3
TX04818,ACC_N0262,16812.77,0.357,555.7
TX06276,ACC_N2928,7278.2,0.476,238.9
TX02216,ACC_N2076,9771.54,0.285,1388.9
TX00061,ACC_M016,224904.78,0.977,18.1
TX03299,ACC_N1358,8719.47,0.239,153.7
TX07936,ACC_N0388,8093.04,0.101,195.6
TX01462,ACC_N2309,9090.51,0.248,647.4
TX04363,ACC_N2921,858.43,0.526,292.4
TX03942,ACC_N2519,7890.61,0.393,1392.4
TX07091,ACC_N1772,3337.08,0.228,1328.1
TX00940,ACC_A0129,42708.39,0.57,1399.3
TX06837,ACC_N2798,14387.67,0.49,822.9
TX07517,ACC_N3125,9625.71,0.425,669.9
TX05239,ACC_N1999,17771.19,0.184,250.6
TX04549,ACC_N0193,14260.36,0.395,460.1
TX05164,ACC_N2988,11556.74,0.242,500.7
TX04344,ACC_N3423,13826.97,0.569,1109.7
TX03108,ACC_N0556,14937.38,0.199,333.7
TX08768,ACC_N2559,13510.76,0.483,734.5
TX09126,ACC_N1129,8359.19,0.228,543.6
TX06915,ACC_N2178,11598.44,0.238,208.8
TX00156,ACC_A0039,24227.04,0.62,2717.7
TX06968,ACC_N1466,18331.67,0.222,1098.3
TX03145,ACC_N0547,14599.61,0.558,712.2
TX01791,ACC_N0121,12048.32,0.164,323.9
TX01676,ACC_N0213,-3178.55,0.392,1111.0
TX07577,ACC_N0354,5499.91,0.441,417.5
TX01637,ACC_N1419,6432.72,0.599,500.7
TX01842,ACC_N0509,11936.98,0.21,1369.5
TX05562,ACC_N2087,1792.66,0.443,635.4
TX07992,ACC_N1383,9585.91,0.455,1241.1
TX09331,ACC_N0806,3388.16,0.283,528.9
TX09394,ACC_N0645,17246.12,0.233,1001.6
TX03315,ACC_N1212,19987.06,0.145,686.1
TX03824,ACC_N2197,12768.36,0.331,907.2
TX00546,ACC_A0002,33114.75,0.589,2267.2
TX01601,ACC_N0952,2142.98,0.208,634.9
TX02749,ACC_N2370,1400.83,0.258,1229.2
TX09100,ACC_N3168,16796.97,0.105,213.2
TX09136,ACC_N3437,1965.59,0.586,229.9
TX08081,ACC_N2573,16406.33,0.376,615.2
TX00310,ACC_A0279,-48131.12,0.63,2170.1
TX01887,ACC_N0394,11870.99,0.547,157.1
TX07141,ACC_N3333,11071.68,0.108,693.5
TX08012,ACC_N0071,10061.98,0.162,1108.4
TX06886,ACC_N0275,11092.79,0.497,973.4
TX00233,ACC_A0345,-31977.87,0.321,2432.9
TX01469,ACC_N2652,8602.52,0.151,1126.4
TX00588,ACC_A0190,57933.91,0.534,1544.9
TX02690,ACC_N2091,9321.15,0.317,1229.6
TX03368,ACC_N1214,11869.82,0.258,610.3
TX07096,ACC_N0483,4414.95,0.361,817.4
TX08604,ACC_N1280,16801.7,0.541,1360.7
TX09953,ACC_N2501,-2804.03,0.364,1129.8
TX06978,ACC_N0217,10052.93,0.583,1380.4
TX07563,ACC_N0604,13762.79,0.547,1054.7
TX00247,ACC_A0132,-20990.26,0.629,2699.8
TX02994,ACC_N2446,810.45,0.466,1205.2
TX09279,ACC_N2066,7813.56,0.392,320.1
TX00413,ACC_A0371,41683.33,0.598,754.3
TX09208,ACC_N3373,13643.45,0.116,185.1
TX07213,ACC_N0492,2434.96,0.577,867.1
TX00756,ACC_A0125,38223.56,0.435,1052.1
TX07971,ACC_N2035,3241.4,0.265,885.0
TX08529,ACC_N0151,1406.67,0.28,1358.6
TX02291,ACC_N2101,8149.21,0.17,565.4
TX08662,ACC_N0976,2790.7,0.118,190.1
TX06118,ACC_N2199,16457.15,0.378,588.2
TX02100,ACC_N1752,10890.13,0.445,1207.2
TX01710,ACC_N0741,5036.41,0.153,265.4
TX06210,ACC_N0344,5121.12,0.592,1228.8
TX03578,ACC_N1920,1613.35,0.555,1268.4
TX01996,ACC_N0092,16325.65,0.17,818.8
TX07906,ACC_N2331,5234.63,0.184,988.4
TX06517,ACC_N1800,7089.94,0.182,1006.5
TX02888,ACC_N2158,19263.15,0.305,1353.4
TX08886,ACC_N3265,13881.87,0.263,1270.9
TX01072,ACC_A0231,20089.94,0.533,2686.6
TX02532,ACC_N2256,1961.72,0.141,860.1
TX09940,ACC_N0355,14541.52,0.336,223.9
TX00001,ACC_M044,218543.05,0.995,3.3
TX08719,ACC_N2638,11870.46,0.437,493.2
TX08975,ACC_N3257,2748.18,0.268,481.4
TX02015,ACC_N2744,14696.24,0.18,1398.5
TX05929,ACC_N2148,19104.83,0.304,691.3
TX09609,ACC_N1867,1514.74,0.465,1123.1
TX07745,ACC_N3002,10129.8,0.465,1220.1
TX03974,ACC_N1309,13679.91,0.263,1094.4
TX09194,ACC_N2864,17079.11,0.218,344.6
TX07195,ACC_N2901,7902.8,0.428,448.1
TX06984,ACC_N0799,19338.09,0.189,371.6
TX04095,ACC_N2022,15170.54,0.525,585.2
TX04101,ACC_N0878,18396.29,0.253,221.1
TX08798,ACC_N0093,19982.27,0.434,662.9
TX00928,ACC_A0138,44736.91,0.53,416.9
TX08964,ACC_N1972,1878.08,0.481,231.6
TX09528,ACC_N1481,13617.89,0.501,513.6
TX05696,ACC_N1382,3482.76,0.218,315.1
TX07351,ACC_N2994,16591.69,0.535,269.0
TX08773,ACC_N0330,14451.41,0.471,150.4
TX07464,ACC_N2780,12226.99,0.207,604.7
TX03665,ACC_N1269,6438.2,0.184,1359.0
TX00167,ACC_A0338,52411.72,0.345,1089.8
TX09561,ACC_N2122,5865.89,0.216,851.1
TX08517,ACC_N1411,16918.46,0.206,1345.6
TX01367,ACC_N2217,13770.88,0.596,628.5
TX00760,ACC_A0372,39470.05,0.604,2363.3
TX09264,ACC_N2178,19110.11,0.349,1275.2
TX03478,ACC_N1854,1093.93,0.386,589.8
TX05020,ACC_N1669,15589.11,0.232,1334.3
TX05595,ACC_N0508,9611.21,0.474,1421.6
TX06808,ACC_N0988,16555.28,0.228,404.9
TX00230,ACC_A0295,45950.31,0.392,2726.4
TX07176,ACC_N1925,17098.54,0.147,225.0
TX08648,ACC_N0072,15097.39,0.455,127.6
TX04475,ACC_N3166,4125.71,0.497,1077.8
TX05604,ACC_N1855,17798.58,0.144,131.9
TX09445,ACC_N0591,16011.37,0.578,438.9
TX06334,ACC_N3120,12496.95,0.273,1120.0
TX04630,ACC_N1856,13588.82,0.411,423.6
TX05201,ACC_N1130,5438.43,0.434,1355.8
TX03966,ACC_N0117,13396.33,0.347,735.1
TX04183,ACC_N1446,2472.69,0.228,1045.6
TX09045,ACC_N2280,-1131.32,0.572,965.3
TX03359,ACC_N3135,3239.89,0.456,290.2
TX03706,ACC_N1024,15402.91,0.133,743.8
TX03679,ACC_N2751,3043.8,0.564,1134.9
TX06716,ACC_N0009,13125.22,0.266,1367.1
TX06465,ACC_N2716,12504.43,0.318,384.3
TX04565,ACC_N0288,6439.22,0.51,345.6
TX05805,ACC_N3411,7369.9,0.162,1156.4
TX04104,ACC_N2666,14856.95,0.361,422.7
TX02554,ACC_N1196,18964.16,0.296,1098.8
TX07358,ACC_N2062,9675.49,0.113,1313.4
TX04597,ACC_N1169,10782.73,0.462,829.5
TX07668,ACC_N1154,5641.67,0.528,1356.1
TX03969,ACC_N3129,-13955.5,0.3,1133.3
TX04250,ACC_N0616,16584.32,0.156,909.2
TX00779,ACC_A0048,51897.61,0.531,818.8
TX09271,ACC_N3232,17831.34,0.436,562.0
TX08138,ACC_N2483,7105.45,0.532,470.9
TX00151,ACC_A0093,41331.73,0.691,413.9
TX09757,ACC_N0704,3667.97,0.558,1355.0
TX04067,ACC_N0142,19965.56,0.17,1088.6
TX06460,ACC_N0849,11651.04,0.16,410.4
TX06764,ACC_N1676,3148.73,0.508,361.8
TX09906,ACC_N3368,14255.94,0.157,172.5
TX09713,ACC_N2326,6770.97,0.373,1070.4
TX05615,ACC_N2999,13197.95,0.51,1177.8
TX01465,ACC_N3430,1688.11,0.433,1266.8
TX02899,ACC_N3090,4803.63,0.167,907.9
TX06981,ACC_N1025,8628.27,0.388,1226.7
TX09943,ACC_N0642,1522.98,0.23,1355.5
TX07820,ACC_N1763,6098.63,0.296,1189.4
TX00725,ACC_A0139,37103.39,0.659,2870.4
TX09766,ACC_N1105,8898.75,0.338,1150.6
TX02736,ACC_N0192,3669.94,0.394,722.2
TX08822,ACC_N2271,11504.61,0.583,295.6
TX02043,ACC_N0903,9422.72,0.131,1350.1
TX00567,ACC_A0031,26282.88,0.394,1457.9
TX03321,ACC_N2203,9226.25,0.408,509.8
TX02700,ACC_N2840,4756.91,0.54,551.6
TX02154,ACC_N2414,8858.56,0.108,264.5
TX04532,ACC_N0666,16728.66,0.578,370.0
TX08415,ACC_N0409,16614.08,0.112,1035.1
TX09663,ACC_N0568,8108.33,0.354,687.0
TX01378,ACC_N3007,1580.61,0.192,370.9
TX09236,ACC_N1908,3768.63,0.499,1155.3
TX02164,ACC_N0896,5224.01,0.436,841.9
TX01748,ACC_N2071,1697.79,0.568,1063.6
TX02544,ACC_N0221,15159.99,0.192,927.4
TX09680,ACC_N1919,18361.03,0.189,626.7
TX07587,ACC_N0053,2640.77,0.286,1143.0
TX00545,ACC_A0240,46448.06,0.504,868.9
TX00624,ACC_A0242,43675.42,0.638,1920.2
TX09343,ACC_N1770,14018.85,0.183,981.3
TX01579,ACC_N0616,16341.62,0.261,941.5
TX00384,ACC_A0341,37229.17,0.561,2263.6
TX07093,ACC_N1657,803.47,0.35,1080.0
TX00284,ACC_A0325,36951.44,0.5,2701.5
TX09864,ACC_N1094,7001.24,0.247,1268.8
TX00143,ACC_M028,273761.83,0.991,17.5
TX07826,ACC_N1616,9476.58,0.356,1003.4
TX05992,ACC_N1372,16255.33,0.328,740.6
TX02731,ACC_N0109,12670.21,0.11,823.7
TX05650,ACC_N3132,13888.2,0.303,427.4
TX00805,ACC_A0364,57628.4,0.623,497.7
TX01766,ACC_N2603,6862.5,0.172,340.6
TX02287,ACC_N0848,16561.09,0.559,908.3
TX00359,ACC_A0098,39290.15,0.455,2172.1
TX02724,ACC_N2996,2026.88,0.389,1033.3
TX05730,ACC_N3090,12012.43,0.404,1395.4
TX04219,ACC_N2189,12754.25,0.184,617.2
TX08639,ACC_N1498,8237.46,0.52,337.8
TX02862,ACC_N0762,16718.63,0.551,511.0
TX08978,ACC_N0276,4882.9,0.423,1055.2
TX09404,ACC_N2439,6426.07,0.106,343.6
TX01122,ACC_A0072,21704.63,0.698,2083.3
TX00079,ACC_M026,211309.58,0.995,36.8
TX08061,ACC_N0996,19180.65,0.289,1269.2
TX08387,ACC_N2121,5507.86,0.431,541.4
TX03399,ACC_N3305,1972.9,0.37,681.1
TX06563,ACC_N0098,1573.24,0.258,1204.9
TX02946,ACC_N0393,8293.33,0.325,856.4
TX02750,ACC_N2468,11802.14,0.356,1320.1
TX07592,ACC_N2058,14429.79,0.464,329.7
TX09184,ACC_N2219,11223.21,0.455,808.1
TX06685,ACC_N2016,15963.7,0.362,1092.5
TX07032,ACC_N1330,17608.8,0.153,1074.1
TX08670,ACC_N2186,6989.03,0.223,1315.7
TX00186,ACC_A0112,47687.87,0.36,1054.7
TX08887,ACC_N1257,6703.16,0.125,1337.2
TX07450,ACC_N2816,12327.25,0.352,974.9
TX01328,ACC_N3250,6025.6,0.416,287.2
TX07496,ACC_N1422,11692.03,0.381,373.9
TX03463,ACC_N2191,3331.89,0.587,1046.6
TX09135,ACC_N3141,2534.76,0.458,439.2
TX00799,ACC_A0243,32646.8,0.327,320.5
TX06524,ACC_N2156,15832.71,0.141,747.9
TX06882,ACC_N0364,18982.82,0.454,679.0
TX04506,ACC_N2238,17560.5,0.168,1149.9
TX08193,ACC_N0480,702.09,0.209,1387.6
TX07127,ACC_N2058,16647.16,0.415,1384.7
TX08817,ACC_N2162,10871.87,0.496,140.3
TX05328,ACC_N1034,701.74,0.108,1143.0
TX06026,ACC_N2476,18912.48,0.567,152.9
TX03932,ACC_N1639,18105.17,0.291,1110.9
TX02422,ACC_N0949,3216.73,0.503,175.0
TX02134,ACC_N3171,7166.38,0.321,1001.6
TX07207,ACC_N2573,10367.71,0.549,1053.9
TX07989,ACC_N1380,14271.15,0.19,1025.0
TX06906,ACC_N0960,4378.89,0.542,415.6
TX09049,ACC_N3210,4429.53,0.513,724.8
TX00788,ACC_A0209,29689.51,0.302,1354.6
TX06520,ACC_N2833,5345.14,0.382,1224.6
TX04472,ACC_N2519,5445.5,0.303,1402.6
TX08476,ACC_N1522,568.96,0.326,1121.5
TX09294,ACC_N0707,13265.32,0.543,483.6
TX02666,ACC_N0113,18169.68,0.556,324.1
TX07729,ACC_N0926,5417.9,0.25,768.5
TX03435,ACC_N2620,14662.92,0.343,1077.9
TX04663,ACC_N1561,18002.46,0.364,964.4
TX07363,ACC_N1543,8754.87,0.463,1295.4
TX09480,ACC_N3117,19782.33,0.544,982.1
TX02474,ACC_N2639,9200.32,0.111,375.3
TX09149,ACC_N2502,9028.97,0.489,1218.2
TX07471,ACC_N2975,14524.62,0.245,270.1
TX09128,ACC_N0969,5307.17,0.455,143.1
TX02530,ACC_N1512,13257.3,0.129,1287.0
TX07831,ACC_N0394,4327.6,0.315,535.7
TX07842,ACC_N3062,16754.02,0.186,132.7
TX06709,ACC_N0026,16720.57,0.374,537.5
TX05473,ACC_N1285,7523.16,0.415,221.5
TX04678,ACC_N3119,5949.65,0.101,1179.0
TX04931,ACC_N3130,1010.09,0.303,1052.1
TX02200,ACC_N0595,5500.05,0.225,885.0
TX08371,ACC_N2268,-12775.45,0.227,1224.8
TX03220,ACC_N3444,8078.3,0.213,708.7
TX03514,ACC_N3495,15000.25,0.344,382.6
TX02861,ACC_N2930,5381.64,0.56,840.5
TX04030,ACC_N2679,9276.01,0.264,825.2
TX01250,ACC_N0362,1318.3,0.455,798.0
TX04195,ACC_N0630,11450.9,0.281,1044.8
TX04720,ACC_N1803,11518.13,0.207,364.2
TX03222,ACC_N1614,18393.21,0.164,946.2
TX05098,ACC_N1279,9768.29,0.207,838.2
TX01269,ACC_N3381,10298.57,0.141,1222.2
TX02306,ACC_N0066,18783.98,0.164,
TX05514,ACC_N0282,2752.6,0.21,177.1
TX00675,ACC_A0246,16691.85,0.484,744.0
TX05957,ACC_N0412,13756.31,0.386,344.6
TX07571,ACC_N0610,8638.28,0.387,1276.6
TX06877,ACC_N1046,2988.65,0.116,800.5
TX01235,ACC_N1317,14744.6,0.566,172.3
TX05832,ACC_N1795,4416.16,0.487,599.3
TX01124,ACC_A0129,26073.13,0.301,1897.0
TX05230,ACC_N1612,6737.65,0.46,607.5
TX02282,ACC_N1228,17863.6,0.107,391.7
TX09523,ACC_N0461,15809.3,0.546,1331.5
TX06567,ACC_N1292,15864.85,0.4,1349.5
TX03126,ACC_N0059,18501.89,0.402,1189.5
TX01760,ACC_N1772,6635.26,0.193,1290.5
TX01970,ACC_N1744,17102.41,0.18,902.5
TX05807,ACC_N2275,11416.58,0.109,1161.1
TX03821,ACC_N0350,10409.29,0.154,1121.7
TX04780,ACC_N0197,7568.94,0.361,970.1
TX05316,ACC_N2965,19264.91,0.205,1291.5
TX02415,ACC_N0762,2246.54,0.121,447.4
TX09437,ACC_N1709,4437.79,0.585,406.8
TX09016,ACC_N0919,12997.88,0.573,539.5
TX07728,ACC_N2435,14925.12,0.573,
TX06866,ACC_N1691,8579.01,0.129,806.0
TX04575,ACC_N3324,12248.97,0.175,328.7
TX04500,ACC_N2966,10100.97,0.467,1182.0
TX05524,ACC_N1778,5511.34,0.305,636.5
TX07311,ACC_N2199,17532.73,0.287,707.4
TX02688,ACC_N0257,2590.84,0.45,730.6
TX04316,ACC_N1914,13092.31,0.535,1117.5
TX00314,ACC_A0315,18928.06,0.502,2266.8
TX01580,ACC_N2200,2106.92,0.273,127.4
TX05258,ACC_N2270,2319.31,0.32,264.9
TX05413,ACC_N0131,6539.7,0.508,244.3
TX03518,ACC_N1341,6244.76,0.497,654.5
TX03407,ACC_N1264,5421.83,0.296,739.7
TX09979,ACC_N0266,1204.98,0.167,1157.7
TX07766,ACC_N2479,8510.78,0.316,1144.2
TX00505,ACC_A0277,47436.59,0.597,545.2
TX03950,ACC_N0340,9715.23,0.546,1383.3
TX03348,ACC_N0619,13089.12,0.295,1280.0
TX03150,ACC_N2040,5200.75,0.552,462.0
TX07541,ACC_N2533,9260.57,0.492,537.0
TX03431,ACC_N1964,17113.4,0.469,198.0
TX02675,ACC_N0671,12466.82,0.329,988.1
TX03556,ACC_N1983,3955.69,0.448,864.6
TX08687,ACC_N0810,15335.49,0.403,347.2
TX05728,ACC_N1626,5437.55,0.347,
TX00851,ACC_A0293,54065.53,0.651,928.8
TX05350,ACC_N2411,11466.38,0.108,566.0
TX06083,ACC_N0349,13055.93,0.577,375.2
TX03455,ACC_N1545,5900.62,0.269,1254.2
TX05139,ACC_N2783,13357.33,0.266,1184.3
TX00305,ACC_A0273,52736.22,0.356,381.1
TX04519,ACC_N1977,10848.56,0.251,942.9
TX09399,ACC_N1658,804.41,0.495,1293.8
TX05631,ACC_N2894,754.99,0.303,894.3
TX02187,ACC_N2536,7702.41,0.532,931.7
TX04453,ACC_N2829,19177.69,0.483,282.4
TX03080,ACC_N0831,18336.54,0.179,1089.1
TX08974,ACC_N1393,15935.71,0.564,532.1
TX06706,ACC_N2880,8791.19,0.597,1121.1
TX04383,ACC_N1564,4263.19,0.132,349.4
TX09963,ACC_N0168,19801.91,0.23,609.2
TX07103,ACC_N0617,13733.66,0.583,1393.8
TX07338,ACC_N0530,4067.02,0.525,522.7
TX08606,ACC_N0409,16537.8,0.527,1228.7
TX07454,ACC_N3058,10905.3,0.316,263.4
TX08541,ACC_N2949,2991.97,0.307,909.6
TX09553,ACC_N1342,10908.51,0.308,324.3
TX04329,ACC_N3344,4293.69,0.155,708.4
TX03730,ACC_N1734,11108.58,0.59,1037.3
TX01086,ACC_A0310,48859.25,0.584,2747.8
TX08191,ACC_N1557,6285.87,0.117,681.0
TX08022,ACC_N2010,8734.7,0.269,578.2
TX03097,ACC_N2282,17663.02,0.367,1261.0
TX07756,ACC_N0240,8948.39,0.253,653.8
TX06401,ACC_N2545,11733.58,0.302,575.6
TX07184,ACC_N3248,14254.92,0.429,144.6
TX04577,ACC_N1170,17820.08,0.394,1037.4
TX09521,ACC_N1318,12882.3,0.381,1429.1
TX09599,ACC_N1431,2365.15,0.433,1195.5
TX04867,ACC_N0966,15742.9,0.286,1373.6
TX09648,ACC_N2177,17810.33,0.345,131.8
TX09082,ACC_N0262,15182.14,0.327,531.8
TX06471,ACC_N0733,3999.18,0.423,520.4
TX04737,ACC_N2372,17229.38,0.228,603.1
TX02821,ACC_N0470,872.43,0.294,401.3
TX07273,ACC_N0265,584.71,0.126,1326.2
TX08442,ACC_N3379,19765.86,0.278,164.9
TX09538,ACC_N2974,6562.78,0.136,730.5
TX09885,ACC_N3362,13784.48,0.423,1157.5
TX02328,ACC_N0610,2523.25,0.541,1270.0
TX07578,ACC_N0735,18644.31,0.409,1384.2
TX05853,ACC_N2586,8862.36,0.385,936.2
TX07773,ACC_N0541,6368.57,0.453,1238.1
TX01828,ACC_N0895,16496.32,0.256,135.7
TX08046,ACC_N1856,3540.42,0.187,624.3
TX06961,ACC_N2540,3374.55,0.481,510.4
TX00377,ACC_A0139,59896.17,0.558,2080.4
TX05580,ACC_N1251,8192.45,0.456,650.8
TX07656,ACC_N0924,1253.02,0.323,1423.6
TX02687,ACC_N3350,10508.58,0.542,
TX00180,ACC_A0190,42776.87,0.421,674.6
TX06245,ACC_N1966,17918.7,0.393,915.0
TX00216,ACC_A0218,25073.21,0.558,2575.5
TX07201,ACC_N2101,2134.99,0.365,1184.1
TX07601,ACC_N0488,14025.54,0.178,840.9
TX09814,ACC_N3015,10983.31,0.109,496.5
TX04691,ACC_N0869,1568.35,0.251,920.2
TX01299,ACC_N1786,970.15,0.565,855.0
TX07890,ACC_N1513,8581.73,0.525,1367.9
TX04655,ACC_N3242,11605.66,0.297,457.7
TX02744,ACC_N1926,18013.86,0.427,825.4
TX01506,ACC_N3197,15567.08,0.283,833.5
TX07866,ACC_N0972,13525.47,0.279,961.2
TX04749,ACC_N2927,6092.91,0.577,270.3
TX05924,ACC_N2366,7147.22,0.436,1277.6
TX00696,ACC_A0221,58038.71,0.6,1879.6
TX03167,ACC_N1230,17933.14,0.37,124.6
TX08053,ACC_N0031,2552.22,0.152,1064.0
TX00253,ACC_A0187,30936.6,0.348,771.6
TX04617,ACC_N2503,17864.16,0.5,219.4
TX09986,ACC_N0099,16327.84,0.449,909.5
TX06670,ACC_N1348,10292.16,0.556,171.1
TX09598,ACC_N0575,5930.41,0.38,980.6
TX05054,ACC_N2843,4979.2,0.412,215.0
TX08253,ACC_N3015,1424.27,0.592,
TX05880,ACC_N1384,16698.45,0.49,1010.9
TX07099,ACC_N0593,2904.46,0.223,287.5
TX07585,ACC_N2875,10202.72,0.411,1259.5
TX06147,ACC_N2256,3762.38,0.232,682.0
TX03050,ACC_N1732,10201.57,0.426,1203.6
TX03693,ACC_N0179,11218.85,0.125,373.6
TX01027,ACC_A0057,-40116.31,0.342,1084.4
TX09138,ACC_N1705,12487.77,0.119,449.2
TX02113,ACC_N2771,14525.07,0.206,210.2
TX09812,ACC_N0572,3500.08,0.29,975.0
TX05766,ACC_N2332,10107.15,0.241,1002.3
TX02277,ACC_N0985,18934.75,0.293,502.2
TX02596,ACC_N0661,15185.82,0.38,1187.6
TX01428,ACC_N2473,1653.95,0.158,274.1
TX00450,ACC_A0287,26170.19,0.668,2625.6
TX05235,ACC_N1150,1723.08,0.16,1338.8
TX04892,ACC_N1925,2563.11,0.152,850.4
TX01488,ACC_N0398,6663.51,0.378,604.8
TX08977,ACC_N1960,16512.27,0.576,1325.4
TX02446,ACC_N3031,17313.12,0.432,553.3
TX01914,ACC_N0653,1300.83,0.589,1417.3
TX09861,ACC_N0652,8797.26,0.111,
TX08537,ACC_N0890,14622.09,0.594,637.5
TX09657,ACC_N3413,19752.62,0.394,1339.0
TX07191,ACC_N1137,9723.13,0.296,178.7
TX00877,ACC_A0034,29666.65,0.486,2051.6
TX02024,ACC_N2666,3168.48,0.124,559.8
TX07290,ACC_N3442,19490.62,0.458,1177.2
TX07841,ACC_N3498,5328.57,0.582,728.9
TX04502,ACC_N0361,4317.05,0.223,490.2
TX06301,ACC_N0236,14580.9,0.357,406.3
TX01259,ACC_N1473,3393.03,0.448,438.9
TX02338,ACC_N2885,5173.09,0.59,327.7
TX00623,ACC_A0059,47584.65,0.472,2833.3
TX09992,ACC_N0524,5479.63,0.579,438.6
TX01931,ACC_N1933,2569.45,0.509,1131.8
TX01110,ACC_A0251,15660.02,0.476,935.4
TX01457,ACC_N0678,15022.37,0.128,224.8
TX09944,ACC_N2253,6218.69,0.308,961.6
TX06040,ACC_N3309,16803.55,0.262,1223.3
TX09383,ACC_N2851,14442.54,0.391,673.2
TX06797,ACC_N1026,14516.76,0.552,198.1
TX02925,ACC_N0037,2757.32,0.438,258.7
TX05456,ACC_N1601,16085.14,0.409,1064.5
TX01239,ACC_N0747,5618.18,0.351,367.5
TX09647,ACC_N1257,9087.0,0.355,768.1
TX01731,ACC_N3457,8273.53,0.513,1347.5
TX05124,ACC_N1303,13718.95,0.25,547.3
TX01109,ACC_A0397,34998.88,0.525,1890.1
TX01515,ACC_N2513,6223.93,0.305,592.7
TX00845,ACC_A0151,34903.44,0.33,1937.4
TX07640,ACC_N2952,15097.01,0.127,156.2
TX02262,ACC_N3010,8580.96,0.13,1327.6
TX09694,ACC_N2405,-6881.57,0.485,541.2
TX08413,ACC_N3037,15282.43,0.252,593.7
TX06064,ACC_N0631,10633.52,0.167,737.9
TX00316,ACC_A0187,-56940.65,0.332,989.5
TX08016,ACC_N1621,15114.21,0.357,1111.6
TX06469,ACC_N1096,11136.41,0.33,483.4
TX05005,ACC_N1921,1528.75,0.271,1153.3
TX04059,ACC_N0152,1341.82,0.241,731.8
TX05204,ACC_N2732,1458.48,0.511,996.8
TX03607,ACC_N1036,12238.64,0.279,263.4
TX06521,ACC_N0071,13029.37,0.425,631.2
TX09509,ACC_N2029,6277.26,0.362,1400.5
TX05922,ACC_N0025,11458.64,0.17,666.0
TX09540,ACC_N3222,3654.58,0.175,909.1
TX05640,ACC_N3496,3822.16,0.496,1049.3
TX02480,ACC_N0989,12611.57,0.187,421.3
TX07458,ACC_N0945,12202.74,0.404,1115.5
TX00656,ACC_A0314,40759.25,0.467,1461.3
TX01940,ACC_N1062,13773.11,0.13,885.5
TX07905,ACC_N3005,557.77,0.488,1210.6
TX00414,ACC_A0244,19599.57,0.564,852.0
TX03334,ACC_N2658,1672.12,0.232,130.1
TX01038,ACC_A0280,19648.9,0.458,2664.8
TX05265,ACC_N0487,895.47,0.576,703.7
TX04417,ACC_N2716,9443.67,0.294,1364.8
TX01107,ACC_A0190,41841.85,0.497,895.5
TX06429,ACC_N0290,9424.09,0.308,1006.4
TX08646,ACC_N0914,17796.25,0.248,1236.2
TX01210,ACC_N1144,7715.48,0.164,608.2
TX05166,ACC_N1011,555.42,0.18,902.8
TX02156,ACC_N2126,4695.53,0.316,1054.8
TX01120,ACC_A0219,51619.48,0.623,817.4
TX00816,ACC_A0283,44140.81,0.352,
TX05583,ACC_N2827,10473.88,0.263,1097.0
TX00154,ACC_A0060,32003.27,0.349,478.1
TX02184,ACC_N1788,18524.04,0.222,298.1
TX07572,ACC_N2354,19275.82,0.589,502.9
TX02726,ACC_N0313,2417.73,0.104,833.9
TX04451,ACC_N3365,17615.4,0.251,1399.0
TX01312,ACC_N2998,1828.13,0.583,606.7
TX04124,ACC_N0308,6110.51,0.262,635.1
TX01329,ACC_N1468,16826.13,0.139,341.7
TX03753,ACC_N3330,17306.67,0.183,782.8
TX04809,ACC_N0493,13764.64,0.271,360.7
TX09308,ACC_N2556,18934.64,0.471,1133.2
TX09321,ACC_N1654,8174.77,0.121,162.2
TX05045,ACC_N1676,19053.13,0.271,612.3
TX04774,ACC_N1552,16965.85,0.359,1011.4
TX09385,ACC_N2094,11156.85,0.45,945.1
TX05433,ACC_N2088,12421.46,0.173,888.4
TX03676,ACC_N2801,10214.88,0.253,979.5
TX01572,ACC_N1416,3291.65,0.372,1180.4
TX06647,ACC_N0481,1955.9,0.172,1374.2
TX01627,ACC_N1213,9805.4,0.197,1386.7
TX01891,ACC_N1944,10234.38,0.269,901.5
TX01078,ACC_A0142,45013.72,0.594,1731.1
TX07430,ACC_N2588,14072.68,0.39,349.6
TX09213,ACC_N1681,12526.12,0.205,1078.5
TX03186,ACC_N2154,7551.34,0.352,190.3
TX05602,ACC_N0959,18967.29,0.314,337.1
TX09811,ACC_N0224,19157.54,0.484,1411.2
TX03687,ACC_N0477,17832.67,0.548,1432.5
TX03864,ACC_N0012,10823.12,0.211,980.3
TX04807,ACC_N0469,14734.87,0.163,469.0
TX08810,ACC_N0245,7546.96,0.55,771.8
TX09743,ACC_N0387,12475.25,0.103,477.1
TX07732,ACC_N0044,2793.19,0.559,432.3
TX04752,ACC_N0855,17122.39,0.171,1019.5
TX02527,ACC_N1773,9548.01,0.155,295.5
TX00798,ACC_A0241,52805.47,0.444,2379.1
TX02742,ACC_N0573,9426.0,0.517,439.0
TX05527,ACC_N1347,19325.51,0.289,617.3
TX04117,ACC_N0646,5165.55,0.213,1212.7
TX07974,ACC_N2364,19875.89,0.394,1077.2
TX05709,ACC_N0127,14814.43,0.397,658.9
TX09243,ACC_N3464,12549.72,0.237,1233.2
TX01790,ACC_N0423,9186.33,0.408,397.3
TX00083,ACC_M028,198904.11,0.979,28.7
TX02610,ACC_N2517,19898.11,0.259,976.7
TX04018,ACC_N2163,9621.1,0.413,1044.2
TX09870,ACC_N0601,6027.62,0.19,1233.4
TX09702,ACC_N0576,14815.93,0.21,1302.4
TX09255,ACC_N2133,17814.09,0.547,1212.8
TX08804,ACC_N2592,5591.97,0.183,994.8
TX05372,ACC_N2577,8766.65,0.209,1031.5
TX03164,ACC_N0007,19123.73,0.483,1348.6
TX01472,ACC_N3489,2280.52,0.215,715.6
TX09545,ACC_N1672,3626.72,0.535,555.3
TX02913,ACC_N1227,19960.56,0.295,333.8
TX07334,ACC_N2303,16257.51,0.326,361.7
TX08758,ACC_N1784,14788.99,0.148,747.6
TX00914,ACC_A0068,45167.35,0.633,2832.8
TX09748,ACC_N3476,502.31,0.392,731.2
TX06629,ACC_N1582,12204.93,0.503,294.3
TX02764,ACC_N0324,1704.37,0.307,1203.0
TX01739,ACC_N1323,856.36,0.537,1405.8
TX00018,ACC_M041,286140.39,0.959,8.6
TX00989,ACC_A0225,33586.4,0.455,2425.3
TX01275,ACC_N3109,6485.96,0.452,784.7
TX02402,ACC_N3169,8210.66,0.278,1078.4
TX07312,ACC_N2648,4929.42,0.169,823.9
TX00358,ACC_A0331,43084.57,0.371,828.9
TX02513,ACC_N2685,4787.31,0.592,1411.9
TX00808,ACC_A0298,46885.74,0.56,857.4
TX06352,ACC_N2302,16348.76,0.107,304.2
TX06042,ACC_N0905,10703.54,0.424,217.5
TX07951,ACC_N2241,18168.9,0.124,572.1
TX02442,ACC_N0201,3932.48,0.523,1337.3
TX08455,ACC_N0954,14596.84,0.202,792.1
TX09901,ACC_N0329,7650.82,0.556,1099.1
TX02734,ACC_N0093,5792.9,0.549,212.8
TX02005,ACC_N0077,2867.59,0.32,1436.6
TX03456,ACC_N1756,-1783.07,0.269,276.8
TX08628,ACC_N0074,18319.03,0.253,714.1
TX05398,ACC_N0541,5691.79,0.233,195.8
TX01613,ACC_N0845,12687.11,0.507,346.5
TX01904,ACC_N3322,8901.74,0.478,1397.3
TX08209,ACC_N2701,13533.12,0.407,355.4
TX04992,ACC_N0558,708.11,0.178,169.2
TX09359,ACC_N3279,3003.03,0.532,1063.7
TX07219,ACC_N1915,18487.49,0.352,555.9
TX00659,ACC_A0368,44774.48,0.518,1713.3
TX03535,ACC_N0788,15076.5,0.275,1243.5
TX05214,ACC_N2315,8119.68,0.416,297.5
TX07090,ACC_N2344,17294.05,0.222,238.2
TX04366,ACC_N2136,12706.69,0.295,971.4
TX01123,ACC_A0247,38698.07,0.324,1855.8
TX00536,ACC_A0311,50089.14,0.565,1872.8
TX00227,ACC_A0227,29471.22,0.408,1804.8
TX03809,ACC_N0350,10531.82,0.245,1165.1
TX06005,ACC_N2335,19700.57,0.144,981.9
TX01616,ACC_N2008,17263.75,0.223,1267.5
TX03878,ACC_N2196,18576.58,0.433,430.9
TX02639,ACC_N3262,8923.79,0.335,625.5
TX02885,ACC_N2300,14440.52,0.212,390.2
TX08038,ACC_N0074,19289.22,0.128,710.0
TX03483,ACC_N3452,4583.64,0.207,715.8
TX04166,ACC_N2496,12900.82,0.499,146.1
TX06332,ACC_N1010,16276.14,0.214,1085.4
TX08626,ACC_N2565,11000.68,0.361,751.2
TX04968,ACC_N2140,19825.6,0.447,1024.6
TX08315,ACC_N0013,14626.94,0.552,162.6
TX06815,ACC_N1503,1347.4,0.473,1385.5
TX07098,ACC_N1484,9082.49,0.261,949.3
TX04437,ACC_N1271,6515.15,0.196,955.9
TX08613,ACC_N1854,13728.02,0.326,1191.8
TX09734,ACC_N2063,3650.96,0.131,756.6
TX04893,ACC_N1973,12756.61,0.306,1018.2
TX07771,ACC_N1741,-1746.27,0.229,486.0
TX03306,ACC_N2849,2551.78,0.202,1252.6
TX07133,ACC_N0806,9186.81,0.34,311.6
TX04562,ACC_N1362,7798.97,0.324,1111.9
TX02260,ACC_N1246,879.24,0.36,485.7
TX00022,ACC_M013,112772.24,0.951,32.4
TX00763,ACC_A0030,38456.71,0.561,2661.4
TX07606,ACC_N0584,8681.02,0.316,1175.9
TX06746,ACC_N2948,18166.79,0.524,407.2
TX05681,ACC_N0988,1745.39,0.539,804.4
TX02233,ACC_N0556,16869.34,0.334,1200.1
TX05122,ACC_N1298,17463.63,0.362,763.8
TX07504,ACC_N3482,12046.4,0.26,180.8
TX01728,ACC_N0990,5949.18,0.595,973.9
TX00825,ACC_A0012,22152.22,0.583,
TX08909,ACC_N2355,15151.75,0.188,659.4
TX07955,ACC_N0861,16126.76,0.499,603.9
TX01973,ACC_N2681,13767.5,0.355,274.4
TX06034,ACC_N2152,7610.48,0.559,1377.2
TX02031,ACC_N3205,17318.55,0.479,1012.7
TX00811,ACC_A0333,18361.25,0.368,1931.1
TX02615,ACC_N1589,14454.6,0.476,1400.8
TX06863,ACC_N2766,4794.76,0.441,432.6
TX02025,ACC_N0962,1859.53,0.455,816.1
TX04384,ACC_N1989,2765.52,0.538,589.9
TX03981,ACC_N0465,1210.3,0.587,1229.2
TX03208,ACC_N3164,14719.61,0.428,1078.7
TX00715,ACC_A0096,58077.16,0.425,1584.9
TX04295,ACC_N2616,11735.11,0.19,500.5
TX05474,ACC_N2876,19380.05,0.458,260.3
TX05868,ACC_N1866,899.98,0.252,1146.0
TX01818,ACC_N2084,9824.1,0.315,834.8
TX04863,ACC_N2604,8282.63,0.537,982.8
TX06639,ACC_N3369,8772.79,0.522,1126.8
TX03079,ACC_N0230,2980.89,0.404,899.5
TX04883,ACC_N2039,9720.1,0.44,1121.0
TX09907,ACC_N2887,16043.0,0.483,454.8
TX06788,ACC_N2176,9770.62,0.43,901.8
TX03488,ACC_N0212,19215.78,0.24,523.8
TX00033,ACC_M044,79273.22,0.996,1.6
TX02873,ACC_N0867,6396.72,0.481,471.5
TX01468,ACC_N1823,6721.38,0.527,805.2
TX06196,ACC_N1712,2421.48,0.241,476.3
TX02416,ACC_N0938,14449.6,0.314,171.0
TX03947,ACC_N0370,14561.89,0.349,706.6
TX00218,ACC_A0082,30528.72,0.46,2162.0
TX00957,ACC_A0199,24161.02,0.52,2297.7
TX02143,ACC_N1420,10354.62,0.332,533.5
TX08269,ACC_N1173,13080.17,0.531,1402.6
TX00996,ACC_A0208,44817.96,0.391,
TX03287,ACC_N0720,7519.85,0.341,545.5
TX01967,ACC_N3197,11332.2,0.2,1008.1
TX01683,ACC_N3269,16990.24,0.227,492.9
TX05991,ACC_N3492,10398.92,0.196,363.3
TX09933,ACC_N2367,19434.6,0.338,653.5
TX02959,ACC_N2127,16453.84,0.297,1224.9
TX01651,ACC_N0050,11861.26,0.532,631.1
TX08218,ACC_N0178,11803.33,0.348,453.7
TX01356,ACC_N2762,18103.89,0.365,1438.4
TX06284,ACC_N0217,7439.0,0.395,909.0
TX06231,ACC_N1231,15833.28,0.503,947.9
TX08868,ACC_N3151,2371.14,0.553,1126.6
TX02190,ACC_N2976,19101.93,0.503,827.7
TX02378,ACC_N0057,4991.22,0.37,1030.8
TX02158,ACC_N2284,18511.46,0.517,1290.4
TX06123,ACC_N0074,6705.97,0.17,510.1
TX00210,ACC_A0013,46342.57,0.627,1753.3
TX03934,ACC_N1596,8579.38,0.239,1167.6
TX04958,ACC_N1944,12367.37,0.135,1408.2
TX04915,ACC_N3297,7241.74,0.353,1109.8
TX00862,ACC_A0311,15803.79,0.529,2244.3
TX02887,ACC_N0927,6475.63,0.572,710.2
TX06571,ACC_N1302,16642.66,0.575,387.4
TX08607,ACC_N0810,10340.53,0.515,1427.3
TX00768,ACC_A0025,30030.4,0.51,2554.2
TX08436,ACC_N2617,16684.17,0.308,833.1
TX06535,ACC_N0952,6571.82,0.482,1339.4
TX03869,ACC_N2273,15375.53,0.581,729.8
TX05654,ACC_N1339,12320.94,0.248,220.9
TX01157,ACC_N1363,8805.79,0.588,801.1
TX02574,ACC_N0243,19669.76,0.121,992.6
TX07946,ACC_N0203,15296.08,0.527,202.5
TX09178,ACC_N2563,10669.03,0.453,1198.8
TX05738,ACC_N3339,1222.51,0.564,477.4
TX07607,ACC_N2704,9958.58,0.38,469.9
TX03609,ACC_N0583,2264.68,0.41,1293.8
TX00635,ACC_A0399,36294.46,0.395,1862.2
TX06926,ACC_N2879,15840.01,0.344,522.5
TX04983,ACC_N2592,5804.05,0.123,1163.8
TX04172,ACC_N0285,9052.92,0.187,1020.3
TX03558,ACC_N0248,12516.69,0.447,1143.0
TX08320,ACC_N3449,868.01,0.368,476.8
TX08858,ACC_N1409,1754.31,0.427,330.9
TX02836,ACC_N0687,7358.54,0.591,1358.1
TX05374,ACC_N3077,530.9,0.291,300.0
TX07142,ACC_N1584,13947.9,0.354,620.5
TX02614,ACC_N1305,16848.79,0.476,716.2
TX04875,ACC_N1815,16210.67,0.339,1408.9
TX00620,ACC_A0020,49127.66,0.615,1107.2
TX05997,ACC_N1697,5262.56,0.495,489.3
TX04903,ACC_N0522,19965.34,0.374,567.2
TX03238,ACC_N3399,9328.71,0.321,
TX05285,ACC_N0307,2555.24,0.373,1328.0
TX00057,ACC_M053,89821.63,0.955,2.2
TX04856,ACC_N0821,16597.85,0.598,932.1
TX09911,ACC_N0956,16675.07,0.109,356.9
TX03403,ACC_N0003,19111.24,0.34,1083.7
TX06070,ACC_N1506,-7342.98,0.452,846.5
TX00162,ACC_A0101,17110.34,0.47,1329.7
TX03700,ACC_N2634,13456.79,0.592,1412.9
TX01136,ACC_A0046,44461.19,0.312,1373.8
TX00644,ACC_A0360,17469.72,0.498,2833.7
TX00614,ACC_A0058,58294.45,0.305,2047.1
TX04015,ACC_N1397,9227.61,0.169,1337.4
TX01753,ACC_N0215,16253.38,0.232,474.1
TX03090,ACC_N3013,17373.24,0.544,910.6
TX09296,ACC_N0746,2520.28,0.454,390.9
TX04683,ACC_N2977,3271.75,0.121,1339.9
TX08691,ACC_N3303,4270.96,0.122,1029.3
TX02831,ACC_N1021,17620.58,0.319,868.5
TX09333,ACC_N0816,8701.52,0.58,1117.4
TX05637,ACC_N2793,10492.58,0.124,833.0
TX01624,ACC_N1041,8334.97,0.26,911.8
TX02856,ACC_N1399,12085.66,0.269,666.9
TX03673,ACC_N0559,5268.54,0.47,1179.5
TX09477,ACC_N2194,5773.47,0.413,345.9
TX08808,ACC_N3039,8815.6,0.594,618.7
TX09316,ACC_N0485,18215.04,0.22,952.5
TX05076,ACC_N3351,2946.11,0.449,746.7
TX07738,ACC_N3348,542.59,0.246,1247.5
TX05205,ACC_N1788,603.63,0.122,1256.9
TX01476,ACC_N1362,11690.09,0.339,519.8
TX05877,ACC_N2090,1043.07,0.515,378.7
TX08840,ACC_N0076,5200.77,0.402,1371.0
TX03099,ACC_N1727,6612.81,0.373,1082.7
TX04395,ACC_N1702,14208.34,0.408,998.7
TX06182,ACC_N1738,9302.75,0.497,550.1
TX08983,ACC_N0959,18244.12,0.22,374.4
TX02539,ACC_N0039,17646.83,0.417,860.2
TX02589,ACC_N3109,14554.14,0.358,836.4
TX01592,ACC_N3269,1548.56,0.538,617.5
TX09151,ACC_N1032,18514.63,0.431,332.0
TX07054,ACC_N2515,2603.19,0.554,1126.4
TX04897,ACC_N0447,6820.64,0.452,891.3
TX01015,ACC_A0352,41454.8,0.507,2229.9
TX04121,ACC_N2632,10416.28,0.197,130.1
TX04445,ACC_N0974,2354.33,0.111,1171.8
TX03049,ACC_N2885,4096.49,0.563,1236.0
TX08945,ACC_N1850,13439.36,0.158,320.8
TX05312,ACC_N2922,14758.81,0.242,1253.2
TX04120,ACC_N2234,11894.23,0.207,1383.0
TX05646,ACC_N1026,19978.54,0.456,1091.3
TX03592,ACC_N0666,1886.66,0.272,1396.0
TX00608,ACC_A0241,15105.27,0.323,2780.7
TX07524,ACC_N0873,11614.66,0.533,272.3
TX06901,ACC_N0639,15845.1,0.509,699.7
TX09537,ACC_N0280,10145.4,0.312,535.3
TX09977,ACC_N2273,17009.56,0.402,400.6
TX06262,ACC_N0686,847.76,0.455,908.1
TX08846,ACC_N2410,14149.8,0.378,601.8
TX02790,ACC_N2503,7535.72,0.54,829.7
TX07036,ACC_N2386,19812.3,0.55,799.2
TX03129,ACC_N2608,17830.56,0.131,868.8
TX00720,ACC_A0112,38321.72,0.479,2382.5
TX05252,ACC_N2886,18114.37,0.125,1088.4
TX00178,ACC_A0302,51227.01,0.523,925.0
TX05219,ACC_N0171,5320.5,0.227,457.7
TX06396,ACC_N0025,18530.92,0.169,942.3
TX01636,ACC_N1611,3268.89,0.573,493.0
TX09623,ACC_N1578,10352.48,0.5,271.8
TX08617,ACC_N1874,10268.3,0.152,1106.3
TX07022,ACC_N2865,4160.7,0.207,125.7
TX01617,ACC_N1274,19209.71,0.353,242.7
TX00990,ACC_A0333,18110.98,0.641,462.9
TX03994,ACC_N1510,556.78,0.414,703.1
TX04759,ACC_N1670,18712.05,0.41,672.5
TX03851,ACC_N3044,18764.9,0.385,859.6
TX02511,ACC_N1206,6657.0,0.158,226.7
TX00983,ACC_A0281,49920.01,0.664,880.6
TX01249,ACC_N2891,4690.87,0.232,459.5
TX09417,ACC_N1445,9624.35,0.164,889.1
TX03229,ACC_N0262,9509.77,0.231,683.2
TX00634,ACC_A0375,40011.3,0.335,2565.2
TX02660,ACC_N2927,10121.43,0.268,983.5
TX02969,ACC_N3278,12351.68,0.546,1059.3
TX07549,ACC_N2095,13718.44,0.169,863.0
TX09043,ACC_N0458,9104.29,0.251,864.4
TX07192,ACC_N1308,13606.23,0.578,1301.5
TX04334,ACC_N2374,2561.16,0.576,207.5
TX08283,ACC_N0792,3047.65,0.332,217.8
TX09124,ACC_N2703,16851.43,0.403,708.7
TX05075,ACC_N2087,13853.08,0.349,1016.4
TX08737,ACC_N0887,19307.94,0.238,538.5
TX00769,ACC_A0074,25741.05,0.398,1945.9
TX09187,ACC_N1639,9600.95,0.543,591.3
TX03884,ACC_N2356,2428.03,0.327,1320.2
TX04458,ACC_N3264,3820.05,0.303,768.2
TX04586,ACC_N0839,13689.59,0.3,309.9
TX03552,ACC_N2587,14520.88,0.371,190.1
TX07006,ACC_N1743,19867.91,0.132,1120.7
TX06801,ACC_N1246,3527.89,0.595,1031.6
TX06018,ACC_N2325,16875.41,0.541,813.6
TX06682,ACC_N0763,14810.96,0.28,828.1
TX08463,ACC_N3390,2676.93,0.173,1350.4
TX04625,ACC_N1897,-17073.78,0.376,1061.0
TX06928,ACC_N0282,17220.96,0.549,693.7
TX04049,ACC_N2908,6304.74,0.167,257.4
TX03567,ACC_N0284,18917.04,0.346,858.5
TX05132,ACC_N0801,16211.24,0.281,465.7
TX08667,ACC_N2146,19697.11,0.431,744.5
TX09771,ACC_N3234,12059.06,0.434,448.8
TX02411,ACC_N2617,9929.22,0.213,913.9
TX09065,ACC_N1014,7328.69,0.518,1233.9
TX09443,ACC_N1819,1619.99,0.116,862.4
TX01498,ACC_N2235,8002.29,0.14,1064.8
TX07970,ACC_N1370,11123.34,0.172,1318.6
TX07507,ACC_N1227,1795.0,0.546,135.4
TX04995,ACC_N0162,1659.86,0.569,985.0
TX01194,ACC_N0712,19933.03,0.227,1407.2
TX09593,ACC_N1553,12186.19,0.123,1162.7
TX05282,ACC_N1091,2033.91,0.385,1239.3
TX04306,ACC_N1685,10427.1,0.117,808.1
TX04327,ACC_N2330,13268.03,0.222,383.7
TX03490,ACC_N1700,18201.14,0.422,1268.3
TX03317,ACC_N3144,697.23,0.109,1199.6
TX04119,ACC_N2168,16499.15,0.365,1295.0
TX01010,ACC_A0073,29890.02,0.558,1626.6
TX08900,ACC_N2509,7896.33,0.497,1253.0
TX00056,ACC_M001,464843.41,0.95,29.3
TX09004,ACC_N2585,4572.39,0.287,1001.6
TX06935,ACC_N1140,7067.46,0.171,880.4
TX07870,ACC_N2039,6349.49,0.393,584.3
TX07799,ACC_N0997,11204.56,0.342,603.5
TX07080,ACC_N1919,5425.09,0.214,1244.1
TX02506,ACC_N0657,18257.97,0.504,1370.3
TX02824,ACC_N0625,12826.34,0.504,512.6
TX09339,ACC_N3135,3723.83,0.114,1149.1
TX02935,ACC_N0253,16367.35,0.349,1380.7
TX06153,ACC_N2052,6561.19,0.346,716.2
TX02320,ACC_N0082,17711.0,0.278,760.8
TX08682,ACC_N0601,3125.85,0.246,1228.6
TX04107,ACC_N2541,9697.43,0.356,709.0
TX02655,ACC_N0579,5440.9,0.56,1371.9
TX06481,ACC_N3395,5237.88,0.157,1224.6
TX03636,ACC_N0532,13104.12,0.508,1325.0
TX09011,ACC_N0464,14748.1,0.122,703.8
TX08008,ACC_N0230,2885.6,0.5,334.3
TX09042,ACC_N1392,13408.02,0.332,1015.3
TX03729,ACC_N3493,19464.19,0.599,450.7
TX00390,ACC_A0310,42178.1,0.353,2263.0
TX01587,ACC_N0268,5837.12,0.6,494.3
TX04004,ACC_N3112,17327.8,0.182,440.0
TX07919,ACC_N2322,1136.17,0.219,274.0
TX01452,ACC_N0351,5463.54,0.49,1349.3
TX09849,ACC_N0592,19273.44,0.125,915.1
TX07704,ACC_N1798,10095.52,0.267,326.3
TX09172,ACC_N1446,18709.45,0.317,239.7
TX02053,ACC_N1157,19633.04,0.243,548.0
TX00945,ACC_A0327,34514.49,0.645,2256.9
TX02302,ACC_N2031,5544.86,0.217,607.4
TX07251,ACC_N1538,14407.77,0.361,935.4
TX08609,ACC_N3489,17788.44,0.495,1232.7
TX03255,ACC_N2112,6407.43,0.495,370.9
TX00329,ACC_A0096,-36292.48,0.526,876.0
