days_dormant,incoming_amount_thb,outflow_ratio_24h,dwell_time_mins,label,account_id
2,843.52,0.218,495.9,Normal,ACC005033
13,6846.65,0.434,1066.3,Normal,ACC003754
16,7106.62,0.188,676.2,Normal,ACC002766
29,17133.76,0.503,294.5,Normal,ACC002964
0,12474.77,0.366,241.2,Normal,ACC002809
25,14448.79,0.234,536.7,Normal,ACC001585
14,13784.48,0.423,1059.3,Normal,ACC003657
9,7324.79,0.215,819.7,Normal,ACC008802
12,19416.74,0.58,411.9,Normal,ACC007736
16,808.51,0.271,1200.7,Normal,ACC000451
932,451559.47,0.986,28.9,Dormant_Mule,ACC009969
0,16475.0,0.14,1249.2,Normal,ACC003082
6,17069.01,0.499,785.0,Normal,ACC008111
24,14898.65,0.552,430.6,Normal,ACC006351
25,9995.91,0.574,808.9,Normal,ACC008414
3,14245.8,0.439,928.0,Normal,ACC004457
197,59498.14,0.4,474.3,Legitimate_Awakening,ACC008987
11,1012.55,0.325,1121.3,Normal,ACC004682
24,2477.46,0.166,304.4,Normal,ACC005818
16,9638.71,0.569,365.3,Normal,ACC002403
11,1844.19,0.532,496.8,Normal,ACC004367
1,17492.57,0.436,1171.6,Normal,ACC000849
27,2570.13,0.519,436.6,Normal,ACC001438
28,2131.31,0.369,968.2,Normal,ACC007168
5,16922.41,0.248,1304.3,Normal,ACC008403
19,11204.78,0.522,1382.0,Normal,ACC006203
26,18887.83,0.299,423.3,Normal,ACC007385
11,18576.74,0.299,541.2,Normal,ACC004347
453,59142.04,0.636,1449.6,Legitimate_Awakening,ACC009025
3,14673.36,0.492,1432.6,Normal,ACC001166
18,15871.31,0.557,523.9,Normal,ACC008245
879,362267.41,0.969,11.5,Dormant_Mule,ACC009896
0,9900.62,0.122,861.8,Normal,ACC005816
20,15886.29,0.275,654.1,Normal,ACC002133
21,14591.62,0.261,1076.5,Normal,ACC003043
19,13306.09,0.318,1162.7,Normal,ACC003346
9,14176.76,0.238,427.4,Normal,ACC007698
7,16059.96,0.386,1421.7,Normal,ACC005208
21,6140.8,0.131,1252.7,Normal,ACC005672
15,2195.04,0.417,1091.4,Normal,ACC000254
525,51517.1,0.558,2356.9,Legitimate_Awakening,ACC009053
0,18331.61,0.52,1238.9,Normal,ACC002152
8,12628.05,0.583,610.5,Normal,ACC005511
19,3194.03,0.286,1340.3,Normal,ACC006211
18,11506.6,0.196,399.5,Normal,ACC000485
18,13379.15,0.52,745.6,Normal,ACC008246
11,2357.42,0.16,1153.7,Normal,ACC003264
18,6538.77,0.249,523.7,Normal,ACC003923
29,8064.03,0.419,1364.7,Normal,ACC003912
17,12268.27,0.427,398.0,Normal,ACC007236
22,6318.62,0.121,163.0,Normal,ACC004486
6,2939.03,0.121,491.6,Normal,ACC002555
4,3408.13,0.515,1224.2,Normal,ACC004071
29,1844.34,0.457,152.2,Normal,ACC006896
22,15986.56,0.413,1357.7,Normal,ACC001511
27,11614.66,0.267,131.7,Normal,ACC002989
16,8586.46,0.162,674.3,Normal,ACC004208
484,142198.97,0.965,31.2,Dormant_Mule,ACC009980
26,8117.49,0.336,1245.6,Normal,ACC004557
3,3744.07,0.174,535.7,Normal,ACC005162
11,5902.68,0.207,1327.6,Normal,ACC006507
497,22506.92,0.605,865.4,Legitimate_Awakening,ACC009791
23,7851.28,0.153,380.9,Normal,ACC008592
13,7315.69,0.258,1164.6,Normal,ACC001634
2,3390.54,0.387,603.8,Normal,ACC008080
14,18016.26,0.324,184.1,Normal,ACC005396
29,11094.22,0.514,478.8,Normal,ACC005429
9,5485.02,0.249,1134.5,Normal,ACC003901
3,14022.89,0.117,817.5,Normal,ACC008842
8,8792.38,0.307,521.6,Normal,ACC007543
324,52298.78,0.513,476.6,Legitimate_Awakening,ACC009485
18,10492.92,0.471,1042.5,Normal,ACC000262
29,2686.33,0.426,924.5,Normal,ACC006186
18,1112.87,0.418,534.9,Normal,ACC000029
26,1266.59,0.5,948.8,Normal,ACC000173
2,11433.23,0.414,1029.0,Normal,ACC000925
14,1668.89,0.165,919.9,Normal,ACC001156
22,12439.38,0.108,377.1,Normal,ACC001258
218,52208.97,0.382,863.0,Legitimate_Awakening,ACC009198
1,16184.99,0.145,1254.5,Normal,ACC007209
22,11516.58,0.144,666.0,Normal,ACC001809
0,15681.44,0.264,743.0,Normal,ACC004559
692,344584.36,0.957,15.7,Dormant_Mule,ACC009962
26,18644.31,0.397,1177.3,Normal,ACC003004
6,4509.3,0.372,1181.7,Normal,ACC003726
12,6859.45,0.578,735.1,Normal,ACC006990
28,16357.24,0.294,864.2,Normal,ACC005755
26,8809.38,0.365,452.8,Normal,ACC008167
623,27488.24,0.392,2359.6,Legitimate_Awakening,ACC009054
1,5175.85,0.147,361.4,Normal,ACC000091
1,18249.32,0.252,713.6,Normal,ACC003078
18,5806.83,0.395,596.5,Normal,ACC000281
22,17795.21,0.327,1138.6,Normal,ACC005102
20,7739.71,0.174,787.6,Normal,ACC004854
528,58234.65,0.578,781.4,Legitimate_Awakening,ACC009034
8,1159.52,0.302,1155.9,Normal,ACC003820
28,5992.45,0.387,137.3,Normal,ACC006052
18,4412.69,0.597,238.6,Normal,ACC000716
3,8005.15,0.491,332.0,Normal,ACC005337
7,8725.08,0.313,1332.7,Normal,ACC005774
350,20647.09,0.48,1391.8,Legitimate_Awakening,ACC009829
15,7177.9,0.498,893.9,Normal,ACC006200
16,18530.57,0.369,1276.9,Normal,ACC005497
314,24086.0,0.648,2023.6,Legitimate_Awakening,ACC009129
29,11647.81,0.569,130.0,Normal,ACC004528
2,16061.3,0.282,331.1,Normal,ACC006920
6,11496.86,0.302,766.8,Normal,ACC006416
665,44045.14,0.459,2573.9,Legitimate_Awakening,ACC009122
4,12496.78,0.253,943.5,Normal,ACC000490
10,5558.76,0.29,899.2,Normal,ACC000257
6,10118.98,0.102,781.5,Normal,ACC001764
7,11768.88,0.552,1199.0,Normal,ACC001058
29,12338.1,0.23,1079.9,Normal,ACC007245
2,8385.11,0.181,1045.1,Normal,ACC002605
13,9569.91,0.585,1015.7,Normal,ACC003091
21,13278.86,0.344,300.7,Normal,ACC004272
11,15213.43,0.44,1373.9,Normal,ACC007690
27,9264.12,0.175,1225.6,Normal,ACC007243
328,54351.59,0.554,303.7,Legitimate_Awakening,ACC009762
28,12447.34,0.393,842.9,Normal,ACC002130
8,19499.19,0.109,1370.9,Normal,ACC003680
23,19908.03,0.575,910.0,Normal,ACC005500
21,16841.69,0.341,1309.6,Normal,ACC008405
15,19911.93,0.111,269.0,Normal,ACC002126
350,50456.33,0.639,562.9,Legitimate_Awakening,ACC009216
7,8918.48,0.417,459.2,Normal,ACC003330
3,2999.67,0.313,446.3,Normal,ACC002194
28,841.22,0.125,876.1,Normal,ACC001596
27,7012.96,0.255,491.8,Normal,ACC007847
13,11072.08,0.483,639.1,Normal,ACC007316
5,18595.65,0.228,604.8,Normal,ACC007200
28,13517.19,0.281,839.2,Normal,ACC004520
12,7777.88,0.547,392.0,Normal,ACC007277
22,7940.7,0.47,948.6,Normal,ACC003259
239,30550.14,0.516,806.5,Legitimate_Awakening,ACC008913
0,12424.87,0.22,1265.0,Normal,ACC004114
23,1475.7,0.135,1179.5,Normal,ACC002650
7,10719.75,0.381,1085.9,Normal,ACC005432
7,14318.76,0.352,875.4,Normal,ACC006723
15,8501.77,0.339,987.2,Normal,ACC006719
4,14534.04,0.147,956.6,Normal,ACC002658
22,3393.51,0.418,1373.3,Normal,ACC003313
20,1558.53,0.462,274.0,Normal,ACC008108
27,2796.91,0.131,628.1,Normal,ACC008832
6,12402.89,0.575,643.6,Normal,ACC000274
29,3413.92,0.39,993.5,Normal,ACC003548
15,15584.01,0.59,750.8,Normal,ACC000690
29,2063.54,0.573,221.6,Normal,ACC008100
306,45248.79,0.345,897.9,Legitimate_Awakening,ACC009531
21,5910.56,0.241,1391.6,Normal,ACC001049
657,17273.18,0.315,1579.7,Legitimate_Awakening,ACC008889
9,8049.58,0.45,890.3,Normal,ACC006924
10,1697.15,0.509,404.9,Normal,ACC007793
3,952.13,0.513,1230.0,Normal,ACC008153
25,6915.84,0.335,1102.4,Normal,ACC000375
1,16975.82,0.265,236.1,Normal,ACC003384
11,15679.2,0.372,1218.7,Normal,ACC003677
19,11201.09,0.333,1077.2,Normal,ACC006482
238,56040.9,0.514,1074.3,Legitimate_Awakening,ACC008871
3,14508.61,0.385,740.0,Normal,ACC006151
4,3055.23,0.272,1012.0,Normal,ACC004191
7,6283.94,0.139,344.3,Normal,ACC001244
4,16298.69,0.287,1045.6,Normal,ACC007051
29,14011.72,0.467,1434.0,Normal,ACC001514
863,108328.56,0.973,43.0,Dormant_Mule,ACC009935
25,18808.4,0.49,1336.0,Normal,ACC003775
21,12182.44,0.144,196.8,Normal,ACC002795
0,4392.8,0.234,700.8,Normal,ACC007014
11,2403.37,0.513,1229.2,Normal,ACC007993
18,13044.82,0.215,328.2,Normal,ACC004717
3,15607.08,0.476,1309.7,Normal,ACC006142
8,10280.5,0.281,345.4,Normal,ACC003715
15,13946.87,0.539,503.3,Normal,ACC001720
615,25911.88,0.597,696.4,Legitimate_Awakening,ACC009538
25,9747.63,0.272,584.0,Normal,ACC000278
10,18369.12,0.303,1014.1,Normal,ACC004254
1,7665.46,0.354,427.1,Normal,ACC006069
29,7844.48,0.387,155.9,Normal,ACC003717
12,5161.2,0.228,525.4,Normal,ACC005186
464,15786.29,0.673,863.2,Legitimate_Awakening,ACC009384
11,18015.31,0.426,758.4,Normal,ACC006865
0,1216.2,0.499,302.1,Normal,ACC005404
20,927.57,0.323,1424.7,Normal,ACC006691
12,16691.35,0.521,867.6,Normal,ACC005027
26,14994.65,0.28,1238.0,Normal,ACC005293
2,10978.03,0.322,957.5,Normal,ACC003690
18,15648.78,0.494,1054.6,Normal,ACC002938
28,13074.69,0.287,1375.2,Normal,ACC002304
378,29157.48,0.405,525.5,Legitimate_Awakening,ACC009215
4,13455.67,0.353,1210.1,Normal,ACC005923
23,4705.14,0.45,1137.7,Normal,ACC007155
15,12138.61,0.564,1346.5,Normal,ACC000973
18,9970.76,0.166,257.5,Normal,ACC007967
26,2870.87,0.101,1331.3,Normal,ACC005722
22,13105.4,0.208,1081.8,Normal,ACC003476
24,6404.09,0.2,836.2,Normal,ACC004598
29,15720.18,0.478,920.9,Normal,ACC002519
7,3653.4,0.284,679.6,Normal,ACC002962
8,9357.18,0.532,1330.4,Normal,ACC001991
15,13055.02,0.158,613.3,Normal,ACC005254
2,549.03,0.355,1339.5,Normal,ACC007306
15,2342.44,0.47,1175.1,Normal,ACC006008
5,18137.83,0.501,441.3,Normal,ACC007930
17,19639.66,0.507,535.5,Normal,ACC005517
13,16197.79,0.11,1216.5,Normal,ACC002522
16,1196.84,0.363,459.2,Normal,ACC008578
26,5726.92,0.506,193.1,Normal,ACC001830
15,18842.48,0.265,175.7,Normal,ACC002080
23,19393.03,0.552,795.8,Normal,ACC006035
16,11419.3,0.395,1403.1,Normal,ACC003865
20,10781.67,0.553,336.3,Normal,ACC000778
8,19237.28,0.302,153.4,Normal,ACC005800
8,1608.36,0.459,886.9,Normal,ACC005363
6,10568.16,0.148,1101.8,Normal,ACC005862
16,16781.35,0.34,1280.6,Normal,ACC006371
11,16412.21,0.255,679.0,Normal,ACC007814
7,11036.11,0.303,1224.5,Normal,ACC008381
676,43622.8,0.328,1182.9,Legitimate_Awakening,ACC009472
26,13682.51,0.453,925.2,Normal,ACC000869
29,14186.53,0.383,896.1,Normal,ACC005692
8,14198.44,0.28,507.5,Normal,ACC000076
7,12424.08,0.15,643.5,Normal,ACC003626
369,18442.95,0.597,499.0,Legitimate_Awakening,ACC009256
20,11504.65,0.528,1300.8,Normal,ACC004747
28,10387.43,0.109,636.9,Normal,ACC004982
12,9128.93,0.347,532.0,Normal,ACC003051
196,23346.99,0.648,2247.3,Legitimate_Awakening,ACC009237
3,5660.67,0.456,252.0,Normal,ACC002179
16,4623.24,0.264,278.1,Normal,ACC000182
16,16377.11,0.484,1179.9,Normal,ACC003898
23,17337.14,0.262,732.2,Normal,ACC003416
22,14033.56,0.576,509.8,Normal,ACC004963
15,2523.11,0.272,1104.6,Normal,ACC003940
23,10521.46,0.117,982.3,Normal,ACC004449
11,16816.55,0.132,1291.3,Normal,ACC007067
22,16397.89,0.547,1207.2,Normal,ACC001176
12,18705.77,0.255,595.8,Normal,ACC005996
19,6330.67,0.206,1377.3,Normal,ACC008230
24,16648.28,0.208,1188.3,Normal,ACC000903
20,2814.11,0.114,269.0,Normal,ACC003425
12,13407.72,0.463,1145.4,Normal,ACC007711
21,4766.49,0.361,325.1,Normal,ACC002492
24,5214.31,0.297,235.1,Normal,ACC008439
483,58801.59,0.32,1069.6,Legitimate_Awakening,ACC009794
21,15124.1,0.503,300.6,Normal,ACC001431
17,11121.58,0.263,1260.1,Normal,ACC008292
14,2125.86,0.519,929.2,Normal,ACC003600
13,513.16,0.283,1333.2,Normal,ACC007556
5,15865.42,0.448,374.9,Normal,ACC005021
22,8388.13,0.377,1358.2,Normal,ACC003791
7,1023.53,0.454,633.1,Normal,ACC003897
276,51068.61,0.382,1309.6,Legitimate_Awakening,ACC009204
11,14624.72,0.473,856.5,Normal,ACC000949
11,1370.89,0.255,505.8,Normal,ACC002237
16,15105.48,0.236,275.1,Normal,ACC001867
6,1359.28,0.193,834.5,Normal,ACC001242
14,9328.98,0.222,1278.1,Normal,ACC002849
21,15372.78,0.117,721.0,Normal,ACC005940
13,1334.27,0.6,600.4,Normal,ACC004092
3,8521.25,0.222,290.5,Normal,ACC003827
29,549.17,0.288,267.3,Normal,ACC005764
607,31989.57,0.384,514.1,Legitimate_Awakening,ACC009802
20,9698.93,0.377,872.8,Normal,ACC001268
347,40319.77,0.515,1204.8,Legitimate_Awakening,ACC009382
6,13730.58,0.262,1423.8,Normal,ACC001220
9,15786.37,0.549,699.2,Normal,ACC003743
29,9446.4,0.237,1420.8,Normal,ACC004088
17,5005.01,0.529,735.6,Normal,ACC006900
27,3614.51,0.228,785.4,Normal,ACC007940
6,19678.65,0.435,1260.2,Normal,ACC007018
13,12262.35,0.503,1390.7,Normal,ACC000252
27,14622.01,0.235,836.0,Normal,ACC005023
29,12051.95,0.512,579.1,Normal,ACC000323
8,909.38,0.178,1151.5,Normal,ACC005060
215,32160.22,0.487,1070.0,Legitimate_Awakening,ACC009229
14,3676.6,0.506,1246.5,Normal,ACC002052
15,14790.25,0.595,660.2,Normal,ACC007674
7,5351.3,0.249,1245.3,Normal,ACC007266
9,16905.51,0.439,1041.1,Normal,ACC004135
226,16333.52,0.576,1479.5,Legitimate_Awakening,ACC009126
14,6213.1,0.347,175.4,Normal,ACC006949
2,4440.64,0.545,1323.4,Normal,ACC004800
18,18405.07,0.379,456.8,Normal,ACC007755
10,9339.34,0.463,246.1,Normal,ACC003409
5,17083.83,0.173,159.3,Normal,ACC003841
1,15896.71,0.254,1130.6,Normal,ACC007308
23,2459.65,0.469,1052.1,Normal,ACC003570
7,13323.82,0.598,1266.7,Normal,ACC006631
7,8308.85,0.484,1265.0,Normal,ACC007431
28,3215.45,0.105,838.4,Normal,ACC001326
7,3805.02,0.1,1267.3,Normal,ACC006434
9,11747.75,0.16,168.1,Normal,ACC001440
18,12555.95,0.268,985.6,Normal,ACC000106
1,8492.67,0.226,648.9,Normal,ACC004488
24,10924.95,0.544,799.5,Normal,ACC005181
23,11434.49,0.229,216.3,Normal,ACC004481
26,11277.04,0.421,667.3,Normal,ACC004551
15,10584.96,0.504,985.4,Normal,ACC008424
15,605.4,0.101,619.1,Normal,ACC001153
611,17352.0,0.554,1982.7,Legitimate_Awakening,ACC009058
256,48756.56,0.663,1429.9,Legitimate_Awakening,ACC009447
22,1437.15,0.575,1290.4,Normal,ACC000098
9,3333.19,0.332,1142.8,Normal,ACC003498
7,18453.91,0.458,1093.0,Normal,ACC005113
25,17874.92,0.507,1063.7,Normal,ACC001652
186,23636.8,0.399,2310.7,Legitimate_Awakening,ACC008950
5,10063.86,0.229,1288.1,Normal,ACC002235
3,8857.75,0.505,237.0,Normal,ACC004949
16,14752.43,0.493,919.2,Normal,ACC006912
22,12686.37,0.148,1376.3,Normal,ACC002545
20,8016.87,0.393,644.2,Normal,ACC007461
20,16919.15,0.338,1068.1,Normal,ACC004423
699,301911.65,0.976,23.2,Dormant_Mule,ACC009996
358,43931.17,0.537,767.2,Legitimate_Awakening,ACC009782
9,1486.73,0.546,419.7,Normal,ACC004337
0,3165.55,0.376,919.1,Normal,ACC003529
26,16946.84,0.481,197.0,Normal,ACC002644
20,3542.36,0.178,196.7,Normal,ACC000002
14,7078.93,0.366,1040.5,Normal,ACC006676
0,19507.37,0.424,690.9,Normal,ACC006313
24,18331.59,0.11,1390.3,Normal,ACC002741
6,5273.23,0.135,559.3,Normal,ACC008844
20,2785.48,0.269,308.6,Normal,ACC000921
2,13519.64,0.113,617.3,Normal,ACC003404
4,2586.33,0.46,1248.0,Normal,ACC002209
26,13954.83,0.535,1171.9,Normal,ACC003800
14,12161.18,0.293,1248.3,Normal,ACC001237
1,13205.94,0.129,149.6,Normal,ACC008113
1,13202.88,0.147,1037.8,Normal,ACC006473
10,3483.42,0.335,1032.0,Normal,ACC005680
9,16559.27,0.51,750.1,Normal,ACC001080
11,15112.46,0.481,1304.9,Normal,ACC007746
25,13749.36,0.214,462.4,Normal,ACC007065
27,17035.72,0.389,471.4,Normal,ACC006612
4,15553.53,0.518,1182.0,Normal,ACC007140
28,579.98,0.271,1398.9,Normal,ACC003704
2,17930.24,0.549,261.4,Normal,ACC005949
5,2736.53,0.288,1101.8,Normal,ACC006318
190,44858.16,0.352,908.7,Legitimate_Awakening,ACC009048
17,16852.26,0.471,1348.7,Normal,ACC005016
632,23243.89,0.55,2803.2,Legitimate_Awakening,ACC008984
11,6000.81,0.144,1401.2,Normal,ACC005931
13,17871.72,0.594,501.4,Normal,ACC004553
24,10840.89,0.121,1398.4,Normal,ACC000517
6,5978.74,0.458,1289.4,Normal,ACC006206
25,4321.61,0.572,1409.0,Normal,ACC001729
14,2257.71,0.203,1137.8,Normal,ACC006498
21,2988.25,0.188,340.7,Normal,ACC005036
16,10232.62,0.155,634.2,Normal,ACC001750
17,19131.18,0.101,1232.4,Normal,ACC006197
29,3510.07,0.341,823.0,Normal,ACC000198
535,19281.43,0.549,846.3,Legitimate_Awakening,ACC009156
2,1106.35,0.331,730.8,Normal,ACC003180
1,9009.52,0.308,1292.4,Normal,ACC005711
17,4368.9,0.466,930.6,Normal,ACC003616
25,15682.0,0.467,878.4,Normal,ACC002796
25,1408.09,0.253,1012.0,Normal,ACC008267
26,14864.81,0.329,871.5,Normal,ACC003107
14,11701.52,0.169,1029.2,Normal,ACC001079
1,9927.65,0.445,1376.0,Normal,ACC005560
27,1133.39,0.51,484.0,Normal,ACC003696
5,12181.89,0.221,552.5,Normal,ACC005665
689,44839.06,0.471,2741.5,Legitimate_Awakening,ACC009295
10,4028.98,0.484,1396.7,Normal,ACC008796
2,1804.62,0.133,138.2,Normal,ACC008733
8,15185.44,0.229,529.5,Normal,ACC007247
26,6394.96,0.44,425.7,Normal,ACC008788
16,14817.44,0.128,1292.0,Normal,ACC002102
4,17093.72,0.457,867.7,Normal,ACC008410
12,2652.99,0.31,537.8,Normal,ACC002400
26,5975.84,0.4,1310.6,Normal,ACC008460
9,13536.97,0.254,396.5,Normal,ACC006762
9,3988.14,0.425,1238.0,Normal,ACC005769
18,5415.89,0.574,830.5,Normal,ACC005338
0,6528.12,0.444,871.3,Normal,ACC005207
554,44298.97,0.301,2474.1,Legitimate_Awakening,ACC009691
7,6492.23,0.367,297.3,Normal,ACC004164
29,14663.11,0.338,138.5,Normal,ACC006174
21,9915.28,0.53,769.9,Normal,ACC005105
28,6149.5,0.216,1339.1,Normal,ACC004207
2,14966.7,0.441,1241.9,Normal,ACC006413
26,16229.97,0.529,1436.9,Normal,ACC000964
21,2506.65,0.465,631.2,Normal,ACC001819
11,14973.94,0.185,377.4,Normal,ACC000943
13,5812.4,0.217,257.2,Normal,ACC005541
17,15943.32,0.471,748.8,Normal,ACC003596
5,11348.0,0.238,934.8,Normal,ACC006268
28,8038.01,0.246,421.8,Normal,ACC008312
10,19776.23,0.437,1114.6,Normal,ACC004658
26,18172.78,0.156,701.2,Normal,ACC004852
447,45206.28,0.473,448.8,Legitimate_Awakening,ACC009704
10,7940.73,0.353,474.7,Normal,ACC003699
1,2694.81,0.44,463.6,Normal,ACC003688
5,4306.28,0.172,154.4,Normal,ACC004430
28,19732.01,0.368,1339.7,Normal,ACC000176
11,16712.12,0.12,431.4,Normal,ACC004045
17,15892.83,0.456,430.4,Normal,ACC004961
7,2457.17,0.417,1281.8,Normal,ACC002932
5,3956.11,0.441,820.2,Normal,ACC004442
6,5755.12,0.302,762.9,Normal,ACC008729
25,3493.19,0.129,883.9,Normal,ACC005199
2,11957.73,0.114,1391.1,Normal,ACC007965
28,11632.69,0.266,536.5,Normal,ACC001444
14,1131.59,0.268,798.3,Normal,ACC001521
7,18528.19,0.493,898.7,Normal,ACC001030
13,15334.84,0.183,341.6,Normal,ACC006292
11,11716.56,0.593,446.7,Normal,ACC002761
25,13288.77,0.178,473.8,Normal,ACC004911
20,1695.33,0.363,775.6,Normal,ACC002504
12,869.44,0.468,395.1,Normal,ACC001290
13,17845.1,0.397,1333.9,Normal,ACC008146
21,7045.81,0.387,799.5,Normal,ACC001619
17,10834.42,0.439,902.5,Normal,ACC001214
26,11091.97,0.541,1403.5,Normal,ACC007685
2,9311.24,0.196,1300.2,Normal,ACC004569
18,5251.39,0.197,783.0,Normal,ACC004618
3,3364.98,0.271,1261.3,Normal,ACC001003
22,19824.51,0.186,1112.0,Normal,ACC006015
18,19394.5,0.428,416.2,Normal,ACC007429
19,8108.33,0.242,1087.5,Normal,ACC003594
27,7147.27,0.26,218.6,Normal,ACC005512
15,1902.7,0.198,516.0,Normal,ACC005946
27,4182.95,0.234,825.4,Normal,ACC002617
15,9837.24,0.214,624.1,Normal,ACC004331
8,13696.96,0.468,440.5,Normal,ACC005472
26,1261.57,0.471,556.8,Normal,ACC005483
15,7983.93,0.572,756.0,Normal,ACC002232
187,32686.27,0.419,1961.3,Legitimate_Awakening,ACC008953
296,34097.15,0.404,1047.3,Legitimate_Awakening,ACC009518
13,12828.64,0.392,635.0,Normal,ACC001066
18,13193.98,0.373,202.2,Normal,ACC000583
16,10592.07,0.298,752.7,Normal,ACC008273
214,16509.03,0.592,445.8,Legitimate_Awakening,ACC009572
5,5502.89,0.21,213.1,Normal,ACC007373
340,36439.44,0.467,1087.2,Legitimate_Awakening,ACC009217
0,4576.22,0.448,1366.4,Normal,ACC001460
7,2318.79,0.582,298.3,Normal,ACC001151
0,18770.51,0.289,996.6,Normal,ACC002321
451,47072.04,0.478,1186.0,Legitimate_Awakening,ACC009614
9,6639.1,0.122,1150.9,Normal,ACC001101
486,56356.29,0.43,1134.4,Legitimate_Awakening,ACC009318
13,16958.8,0.458,252.6,Normal,ACC006975
23,13977.75,0.551,1393.3,Normal,ACC007150
4,3335.05,0.382,1401.6,Normal,ACC006974
20,5994.82,0.413,662.7,Normal,ACC005976
15,10895.87,0.44,196.3,Normal,ACC006641
8,8891.57,0.185,218.5,Normal,ACC000487
11,6866.69,0.568,637.8,Normal,ACC004490
21,17441.62,0.431,692.9,Normal,ACC002049
13,6388.65,0.316,816.8,Normal,ACC003908
1,15294.19,0.439,1118.3,Normal,ACC000540
11,12507.9,0.375,450.7,Normal,ACC004464
6,7982.45,0.37,621.7,Normal,ACC005410
5,9958.92,0.37,1200.2,Normal,ACC001875
13,12511.72,0.194,589.1,Normal,ACC000537
22,15543.08,0.124,1067.6,Normal,ACC004465
24,5449.85,0.215,1261.0,Normal,ACC007315
29,10992.85,0.354,440.9,Normal,ACC001793
13,5200.12,0.349,1366.8,Normal,ACC003818
16,5273.6,0.44,280.1,Normal,ACC002240
17,4207.51,0.511,838.9,Normal,ACC001359
651,57806.89,0.573,319.5,Legitimate_Awakening,ACC009101
444,30216.43,0.311,627.0,Legitimate_Awakening,ACC009068
11,11931.06,0.482,1431.0,Normal,ACC002350
10,16847.59,0.378,1030.8,Normal,ACC003263
4,10161.31,0.556,923.4,Normal,ACC005197
7,574.43,0.441,340.6,Normal,ACC000615
11,3868.72,0.526,304.8,Normal,ACC004955
28,9366.89,0.328,830.6,Normal,ACC007681
18,4962.74,0.195,805.1,Normal,ACC005244
20,8972.5,0.29,1426.4,Normal,ACC007888
24,14879.4,0.191,864.4,Normal,ACC000181
24,14524.39,0.473,799.1,Normal,ACC001937
3,14199.54,0.249,259.1,Normal,ACC000747
18,9016.78,0.332,1161.6,Normal,ACC001574
4,5725.9,0.162,624.4,Normal,ACC004582
17,4431.46,0.322,1414.2,Normal,ACC006985
25,2765.98,0.125,1115.4,Normal,ACC008518
21,2807.73,0.598,1159.2,Normal,ACC002785
1,9328.71,0.518,1389.3,Normal,ACC001776
19,19688.82,0.192,733.0,Normal,ACC007514
7,2826.34,0.151,222.3,Normal,ACC003959
29,19634.27,0.241,702.6,Normal,ACC005756
3,5814.68,0.537,1131.9,Normal,ACC003142
340,54278.16,0.343,1366.9,Legitimate_Awakening,ACC009548
2,7210.12,0.194,1316.5,Normal,ACC007650
9,7932.29,0.566,1064.0,Normal,ACC004814
0,2513.55,0.126,695.6,Normal,ACC002963
479,186783.37,0.966,40.8,Dormant_Mule,ACC009933
15,14448.0,0.53,132.6,Normal,ACC005049
29,15957.72,0.415,321.5,Normal,ACC002331
15,3274.83,0.546,553.9,Normal,ACC007782
13,14782.78,0.103,320.4,Normal,ACC007268
652,28291.61,0.645,1389.9,Legitimate_Awakening,ACC009275
6,6441.24,0.14,651.9,Normal,ACC000475
22,18371.07,0.525,1173.0,Normal,ACC006438
20,13415.8,0.405,1145.5,Normal,ACC008747
6,13684.04,0.365,624.4,Normal,ACC004967
18,5617.74,0.216,512.9,Normal,ACC004732
24,2627.86,0.541,1009.7,Normal,ACC007716
332,47857.25,0.637,1727.7,Legitimate_Awakening,ACC009290
16,5843.48,0.56,221.3,Normal,ACC004953
549,44139.98,0.684,1002.5,Legitimate_Awakening,ACC009846
16,13951.51,0.341,284.1,Normal,ACC002505
4,14547.44,0.451,715.2,Normal,ACC003935
10,1511.68,0.291,639.6,Normal,ACC006649
17,11898.59,0.585,618.7,Normal,ACC001202
0,1636.37,0.561,1274.2,Normal,ACC002003
28,7202.29,0.397,368.4,Normal,ACC003274
25,939.08,0.181,581.3,Normal,ACC007132
5,16614.97,0.352,255.3,Normal,ACC007678
1,13752.21,0.142,892.6,Normal,ACC006500
19,6788.19,0.353,1110.7,Normal,ACC005125
3,18799.42,0.591,1369.9,Normal,ACC006902
0,7176.44,0.233,1420.0,Normal,ACC004282
0,11171.3,0.372,1408.1,Normal,ACC003691
19,6995.2,0.313,303.9,Normal,ACC002404
8,10752.25,0.225,122.7,Normal,ACC000870
1,4900.46,0.206,1166.2,Normal,ACC001846
0,2548.8,0.545,695.1,Normal,ACC006696
28,13888.44,0.283,1117.6,Normal,ACC002529
5,8864.12,0.481,1378.2,Normal,ACC005436
15,12998.49,0.489,739.2,Normal,ACC005304
12,14399.16,0.293,896.8,Normal,ACC000947
11,15301.05,0.356,970.1,Normal,ACC002438
5,4997.65,0.143,534.2,Normal,ACC005187
9,15584.28,0.162,946.7,Normal,ACC001036
0,4912.93,0.109,878.9,Normal,ACC003413
22,10561.69,0.353,1116.0,Normal,ACC006739
18,19038.09,0.321,332.7,Normal,ACC008715
849,51444.68,0.966,39.1,Dormant_Mule,ACC009956
5,18768.49,0.43,129.4,Normal,ACC008580
2,17466.93,0.111,1274.6,Normal,ACC000297
11,13702.94,0.486,744.6,Normal,ACC002268
2,17794.42,0.598,1085.1,Normal,ACC006970
3,5217.59,0.538,145.1,Normal,ACC002502
2,3271.09,0.23,841.0,Normal,ACC004514
5,13098.37,0.336,185.8,Normal,ACC005388
19,3484.33,0.353,665.4,Normal,ACC002603
25,1744.91,0.245,524.4,Normal,ACC005994
557,19147.54,0.481,1274.1,Legitimate_Awakening,ACC009739
20,16316.62,0.139,1061.5,Normal,ACC005297
2,18436.9,0.388,365.7,Normal,ACC007163
16,11923.3,0.393,1040.9,Normal,ACC000558
6,7996.37,0.138,1095.7,Normal,ACC007418
28,18547.68,0.134,688.1,Normal,ACC000866
17,14396.23,0.289,967.4,Normal,ACC006656
1,618.73,0.15,1267.0,Normal,ACC000723
21,12668.39,0.564,625.6,Normal,ACC005727
20,15553.31,0.119,650.2,Normal,ACC003068
7,18682.78,0.415,1353.1,Normal,ACC004106
13,702.62,0.181,255.1,Normal,ACC007987
29,19856.2,0.37,1119.9,Normal,ACC008645
21,3875.74,0.229,1118.9,Normal,ACC004066
17,2431.58,0.478,265.8,Normal,ACC008727
9,15902.43,0.428,923.6,Normal,ACC003086
22,1293.55,0.116,733.6,Normal,ACC008500
21,6134.4,0.245,392.2,Normal,ACC004727
12,9438.35,0.239,732.6,Normal,ACC003291
8,15329.86,0.192,174.5,Normal,ACC008710
22,14819.31,0.464,681.1,Normal,ACC004790
21,18471.23,0.309,1260.6,Normal,ACC004278
21,3260.2,0.455,992.7,Normal,ACC003173
29,9620.55,0.403,685.4,Normal,ACC001499
18,4936.07,0.338,680.2,Normal,ACC002879
0,3449.31,0.213,451.3,Normal,ACC000577
198,26522.82,0.536,2149.8,Legitimate_Awakening,ACC009236
17,17317.54,0.34,687.5,Normal,ACC005167
2,18488.73,0.526,1142.8,Normal,ACC002564
394,40705.1,0.507,2079.3,Legitimate_Awakening,ACC009186
19,764.61,0.227,1327.7,Normal,ACC006308
20,12831.63,0.178,745.6,Normal,ACC000946
8,5319.95,0.229,1275.8,Normal,ACC004794
11,7531.41,0.536,1277.2,Normal,ACC003789
13,9974.5,0.228,496.0,Normal,ACC000432
12,11085.41,0.365,579.1,Normal,ACC002432
9,2926.47,0.581,502.7,Normal,ACC001933
21,15061.56,0.381,230.0,Normal,ACC004246
902,348263.0,0.975,37.0,Dormant_Mule,ACC009919
12,15842.01,0.299,798.0,Normal,ACC000887
24,1051.16,0.107,290.8,Normal,ACC003438
26,13324.61,0.586,1102.0,Normal,ACC006625
3,12668.55,0.32,762.3,Normal,ACC005271
20,8831.41,0.506,1005.8,Normal,ACC005986
1,10158.19,0.369,1217.8,Normal,ACC008812
22,3496.65,0.408,324.8,Normal,ACC003522
15,18610.12,0.442,143.3,Normal,ACC005446
0,13013.82,0.436,954.6,Normal,ACC000857
622,25612.57,0.461,1166.6,Legitimate_Awakening,ACC009342
13,7707.31,0.276,1002.5,Normal,ACC004161
17,5885.31,0.453,202.8,Normal,ACC000738
11,15004.58,0.381,875.3,Normal,ACC008323
813,239240.17,0.959,42.3,Dormant_Mule,ACC009957
553,40408.45,0.313,1433.9,Legitimate_Awakening,ACC009147
8,10031.58,0.145,631.4,Normal,ACC004382
11,6636.43,0.341,1398.6,Normal,ACC003843
542,57169.0,0.669,2170.5,Legitimate_Awakening,ACC009327
2,11637.66,0.252,539.9,Normal,ACC000965
14,19393.12,0.475,291.7,Normal,ACC000339
4,12780.67,0.208,804.1,Normal,ACC000312
13,5045.43,0.438,302.5,Normal,ACC007859
7,2682.75,0.278,1411.0,Normal,ACC000584
14,2308.5,0.555,762.8,Normal,ACC005399
29,19837.62,0.199,879.7,Normal,ACC002762
588,39159.24,0.568,1547.9,Legitimate_Awakening,ACC009784
2,19722.48,0.496,913.8,Normal,ACC001399
9,9820.99,0.336,352.0,Normal,ACC002034
10,3681.23,0.267,1328.0,Normal,ACC005062
25,13078.32,0.211,309.5,Normal,ACC008148
10,12805.66,0.479,419.7,Normal,ACC005662
1,18628.17,0.162,981.3,Normal,ACC001558
23,9590.73,0.582,1280.3,Normal,ACC005077
14,13900.56,0.525,545.3,Normal,ACC005896
8,16025.63,0.102,953.4,Normal,ACC002607
27,13581.12,0.452,504.8,Normal,ACC002373
16,6673.66,0.436,161.5,Normal,ACC002169
7,8957.53,0.262,1101.6,Normal,ACC006448
16,6437.6,0.199,206.7,Normal,ACC001112
29,3271.67,0.106,677.1,Normal,ACC000668
10,12583.45,0.559,732.1,Normal,ACC004311
1,13537.17,0.439,597.7,Normal,ACC000664
24,10777.48,0.391,1022.6,Normal,ACC001593
27,16352.19,0.489,356.9,Normal,ACC008671
5,18826.73,0.414,562.1,Normal,ACC000213
8,18567.37,0.105,446.8,Normal,ACC004005
17,8494.6,0.519,364.4,Normal,ACC004959
28,19800.25,0.115,706.8,Normal,ACC001141
1,13579.32,0.281,1355.2,Normal,ACC004318
16,2949.5,0.256,1289.4,Normal,ACC001816
10,626.52,0.453,1357.5,Normal,ACC004622
19,12750.38,0.163,374.8,Normal,ACC007876
4,12285.48,0.533,468.3,Normal,ACC007516
20,18574.01,0.191,1324.5,Normal,ACC007060
10,2967.96,0.513,1261.5,Normal,ACC002979
25,16060.79,0.229,896.9,Normal,ACC000306
25,3266.4,0.496,1367.8,Normal,ACC006951
595,455724.53,0.96,17.7,Dormant_Mule,ACC009863
16,3752.63,0.187,374.2,Normal,ACC007401
12,12380.56,0.193,1300.7,Normal,ACC008589
2,7037.33,0.272,645.6,Normal,ACC008164
27,18550.44,0.171,1398.7,Normal,ACC005327
21,769.53,0.373,678.4,Normal,ACC004310
644,45010.67,0.523,1716.3,Legitimate_Awakening,ACC009751
17,12998.96,0.511,294.9,Normal,ACC000477
11,4142.75,0.427,616.0,Normal,ACC003539
225,47204.62,0.565,1782.8,Legitimate_Awakening,ACC009535
5,689.81,0.279,321.3,Normal,ACC007629
14,599.1,0.448,184.4,Normal,ACC000320
28,18570.22,0.593,1103.3,Normal,ACC008178
22,8694.87,0.381,127.7,Normal,ACC001860
28,6811.42,0.341,907.6,Normal,ACC003625
22,1379.76,0.567,1051.2,Normal,ACC002569
3,15316.23,0.425,641.2,Normal,ACC003955
24,13632.0,0.515,1274.7,Normal,ACC008760
10,8628.27,0.38,686.7,Normal,ACC002835
2,760.67,0.305,975.1,Normal,ACC000930
10,15658.16,0.326,1252.5,Normal,ACC006452
613,27722.87,0.695,2752.4,Legitimate_Awakening,ACC009168
12,4061.99,0.447,1290.8,Normal,ACC005056
629,35140.37,0.694,1935.4,Legitimate_Awakening,ACC009601
12,18522.18,0.12,319.6,Normal,ACC007404
283,36630.56,0.611,2283.3,Legitimate_Awakening,ACC009640
27,18525.03,0.388,961.8,Normal,ACC008372
26,19242.14,0.295,628.9,Normal,ACC000689
19,8504.72,0.567,961.4,Normal,ACC001737
22,16668.44,0.354,938.7,Normal,ACC001372
2,14626.1,0.497,429.3,Normal,ACC008143
16,15136.67,0.218,309.5,Normal,ACC001523
20,19448.48,0.174,1131.6,Normal,ACC006090
2,11417.92,0.25,340.6,Normal,ACC002661
187,20562.53,0.467,1620.3,Legitimate_Awakening,ACC009484
13,7914.7,0.509,603.5,Normal,ACC002934
25,18773.62,0.256,449.7,Normal,ACC001087
22,9843.8,0.193,278.7,Normal,ACC004796
21,8245.94,0.386,1378.1,Normal,ACC002560
24,19831.89,0.122,429.4,Normal,ACC005455
23,8446.92,0.343,1003.1,Normal,ACC004336
7,7737.81,0.493,453.7,Normal,ACC001022
21,3973.59,0.45,156.1,Normal,ACC004474
22,1628.12,0.103,329.1,Normal,ACC005658
22,15031.42,0.339,334.0,Normal,ACC007931
10,18621.12,0.29,1217.4,Normal,ACC000938
16,18117.36,0.171,988.8,Normal,ACC008091
4,952.15,0.349,1144.1,Normal,ACC006444
3,14014.28,0.229,760.9,Normal,ACC008726
14,14569.52,0.262,1161.6,Normal,ACC004469
25,5377.62,0.102,643.5,Normal,ACC006543
1,6042.4,0.552,363.9,Normal,ACC005496
26,6325.15,0.57,462.3,Normal,ACC000559
0,19147.3,0.482,654.9,Normal,ACC004647
12,18745.92,0.433,469.9,Normal,ACC003516
29,19201.28,0.288,815.8,Normal,ACC007819
22,9939.04,0.255,1348.2,Normal,ACC006330
4,1923.21,0.394,870.9,Normal,ACC008777
4,13968.26,0.41,1217.2,Normal,ACC008600
7,17834.57,0.486,1343.0,Normal,ACC005194
29,3055.06,0.247,465.6,Normal,ACC006447
11,16965.85,0.22,668.1,Normal,ACC002210
667,16795.61,0.391,2626.7,Legitimate_Awakening,ACC008896
6,5975.87,0.412,596.5,Normal,ACC005464
26,11198.37,0.587,699.1,Normal,ACC002044
27,9873.35,0.249,670.6,Normal,ACC007598
15,8659.77,0.354,749.3,Normal,ACC002351
25,15702.03,0.232,610.5,Normal,ACC006098
0,11054.15,0.126,1045.5,Normal,ACC001664
1,16208.83,0.496,887.4,Normal,ACC002651
11,19320.24,0.345,267.4,Normal,ACC003254
12,2322.84,0.121,785.3,Normal,ACC006956
29,13230.15,0.317,268.0,Normal,ACC005916
21,16474.18,0.542,421.1,Normal,ACC000440
585,151875.68,0.977,4.1,Dormant_Mule,ACC009856
9,15452.43,0.164,1140.2,Normal,ACC008689
1,5545.85,0.359,941.5,Normal,ACC007800
21,12607.85,0.123,1270.4,Normal,ACC000338
7,932.6,0.349,748.6,Normal,ACC000155
26,15215.12,0.32,1156.0,Normal,ACC005721
14,6001.18,0.369,355.3,Normal,ACC005887
27,19476.32,0.197,576.5,Normal,ACC002226
21,6664.09,0.123,954.5,Normal,ACC008276
5,3728.49,0.302,1307.2,Normal,ACC004427
2,18787.6,0.439,277.1,Normal,ACC001540
24,2712.56,0.565,1406.0,Normal,ACC000120
1,19096.3,0.492,991.1,Normal,ACC003648
1,15017.89,0.36,417.1,Normal,ACC006511
601,19643.08,0.375,2668.8,Legitimate_Awakening,ACC008981
546,50103.87,0.381,1880.7,Legitimate_Awakening,ACC009795
28,13640.4,0.279,1197.2,Normal,ACC008238
12,1738.48,0.118,296.7,Normal,ACC000149
10,14212.4,0.111,953.2,Normal,ACC001784
13,15640.73,0.428,354.2,Normal,ACC000527
19,14779.06,0.33,1013.5,Normal,ACC007012
26,13680.74,0.192,648.8,Normal,ACC006664
0,11255.96,0.592,1068.8,Normal,ACC004722
19,16044.77,0.584,193.0,Normal,ACC006234
299,57465.96,0.47,2614.4,Legitimate_Awakening,ACC009708
1,17871.12,0.588,1044.3,Normal,ACC002891
25,15764.78,0.508,180.8,Normal,ACC007284
21,13753.67,0.276,534.3,Normal,ACC003485
17,4479.42,0.447,1330.5,Normal,ACC003580
9,17497.66,0.353,437.1,Normal,ACC008565
358,59917.38,0.554,2553.7,Legitimate_Awakening,ACC009084
593,15420.87,0.418,1531.6,Legitimate_Awakening,ACC008890
23,2113.37,0.342,519.2,Normal,ACC001004
17,15196.16,0.524,937.9,Normal,ACC008144
15,3157.64,0.23,719.4,Normal,ACC007365
29,16912.96,0.368,1054.4,Normal,ACC006132
8,5245.37,0.12,1420.8,Normal,ACC004093
21,18316.56,0.335,871.3,Normal,ACC002816
17,1968.77,0.116,1038.0,Normal,ACC003565
956,169850.83,0.994,17.6,Dormant_Mule,ACC009997
20,5285.51,0.427,200.7,Normal,ACC005964
10,7220.45,0.456,252.9,Normal,ACC005838
24,3989.11,0.346,604.5,Normal,ACC004670
1,6384.69,0.524,1121.8,Normal,ACC003426
277,20186.37,0.534,2760.1,Legitimate_Awakening,ACC009351
0,6338.75,0.15,478.7,Normal,ACC001642
7,17068.51,0.56,1150.6,Normal,ACC008630
22,18756.69,0.533,1417.0,Normal,ACC002197
10,7362.63,0.323,1006.6,Normal,ACC001590
17,5054.79,0.468,130.4,Normal,ACC003582
17,14297.0,0.411,774.8,Normal,ACC004444
261,38780.2,0.563,474.6,Legitimate_Awakening,ACC009725
6,6600.83,0.568,1242.9,Normal,ACC000850
27,8157.63,0.389,799.9,Normal,ACC002737
10,3608.2,0.584,1327.5,Normal,ACC001936
29,15669.89,0.587,1034.9,Normal,ACC006179
16,5907.78,0.516,994.5,Normal,ACC008818
399,45344.45,0.5,844.1,Legitimate_Awakening,ACC009655
15,15408.75,0.282,1199.0,Normal,ACC006945
25,9805.57,0.552,879.2,Normal,ACC008801
29,3755.23,0.192,168.2,Normal,ACC008290
25,8625.82,0.136,250.4,Normal,ACC003230
14,3240.67,0.243,803.9,Normal,ACC001419
27,6997.65,0.364,219.6,Normal,ACC006440
1,12297.98,0.527,208.0,Normal,ACC007649
16,16950.94,0.397,1155.5,Normal,ACC005313
26,5379.23,0.117,1386.2,Normal,ACC007486
23,10385.18,0.447,706.1,Normal,ACC008171
11,14666.0,0.596,250.9,Normal,ACC000535
24,5007.07,0.301,612.6,Normal,ACC006667
10,19002.76,0.369,1347.6,Normal,ACC007118
12,753.99,0.398,1363.9,Normal,ACC005822
2,14608.69,0.266,1003.2,Normal,ACC005331
27,10471.18,0.351,1173.7,Normal,ACC000078
14,7884.72,0.522,970.4,Normal,ACC001765
21,7647.51,0.59,835.8,Normal,ACC006689
29,18622.83,0.378,874.5,Normal,ACC000194
13,4267.09,0.577,387.6,Normal,ACC007095
8,16013.37,0.304,1204.4,Normal,ACC006718
26,9411.12,0.264,328.9,Normal,ACC003597
6,5330.26,0.552,265.1,Normal,ACC008774
3,8727.05,0.564,733.1,Normal,ACC008277
19,10736.21,0.339,710.9,Normal,ACC002846
24,9053.66,0.119,779.4,Normal,ACC001562
16,16458.21,0.125,1323.2,Normal,ACC000882
3,6024.28,0.1,287.6,Normal,ACC002299
20,12129.68,0.283,1185.4,Normal,ACC001869
693,24746.81,0.34,683.3,Legitimate_Awakening,ACC009567
1,17231.6,0.195,1436.1,Normal,ACC006804
11,15450.61,0.506,1193.5,Normal,ACC004020
20,16962.09,0.316,1213.8,Normal,ACC002668
20,3651.94,0.553,801.4,Normal,ACC002256
9,16670.42,0.139,911.2,Normal,ACC005759
2,8593.39,0.207,952.8,Normal,ACC004700
13,12595.63,0.247,234.1,Normal,ACC002494
28,12745.2,0.238,1320.7,Normal,ACC001941
11,9292.62,0.276,852.5,Normal,ACC002748
26,12762.56,0.222,772.2,Normal,ACC008137
18,17941.82,0.328,705.4,Normal,ACC000707
10,1415.97,0.564,240.3,Normal,ACC001247
29,15124.23,0.205,1305.4,Normal,ACC000241
21,15555.75,0.521,1124.0,Normal,ACC002107
17,13277.47,0.548,1242.5,Normal,ACC006111
26,3253.86,0.385,364.6,Normal,ACC001019
3,10507.51,0.136,959.6,Normal,ACC008829
8,3709.04,0.303,1343.1,Normal,ACC001673
9,13313.82,0.283,927.2,Normal,ACC002339
850,238261.12,0.978,40.9,Dormant_Mule,ACC009908
209,57095.82,0.57,1638.2,Legitimate_Awakening,ACC009744
25,3409.13,0.396,509.3,Normal,ACC005819
19,6653.68,0.596,689.5,Normal,ACC003751
12,5477.01,0.145,223.9,Normal,ACC003549
10,4598.92,0.538,764.1,Normal,ACC006782
22,13102.5,0.189,1398.7,Normal,ACC006310
3,7068.95,0.274,382.6,Normal,ACC006862
5,10710.21,0.164,594.5,Normal,ACC005790
334,17220.16,0.333,2109.6,Legitimate_Awakening,ACC009032
19,10797.26,0.514,413.3,Normal,ACC006180
407,21095.08,0.485,2153.2,Legitimate_Awakening,ACC009815
29,686.11,0.29,1188.1,Normal,ACC004951
27,6781.58,0.265,863.9,Normal,ACC004848
13,9476.99,0.532,841.6,Normal,ACC000622
11,7912.93,0.269,1067.7,Normal,ACC002710
3,9552.65,0.461,986.9,Normal,ACC000937
8,4219.16,0.274,842.4,Normal,ACC001009
28,5099.32,0.446,506.1,Normal,ACC006407
28,6256.95,0.47,1173.6,Normal,ACC004404
12,12390.96,0.362,1154.1,Normal,ACC007757
17,16729.1,0.33,1016.9,Normal,ACC003773
13,9251.19,0.557,370.0,Normal,ACC001056
6,10322.31,0.539,1377.3,Normal,ACC001364
18,13226.28,0.253,434.7,Normal,ACC006937
3,10276.34,0.122,580.0,Normal,ACC002686
12,15443.79,0.284,338.8,Normal,ACC008158
241,33863.03,0.64,2828.4,Legitimate_Awakening,ACC008907
26,12229.06,0.301,371.9,Normal,ACC005761
27,14673.62,0.289,1067.5,Normal,ACC007954
5,11617.35,0.156,1319.8,Normal,ACC003850
13,7338.88,0.484,650.5,Normal,ACC000299
5,11888.75,0.398,1145.8,Normal,ACC004899
11,7231.01,0.153,769.3,Normal,ACC002760
0,7967.07,0.586,1240.6,Normal,ACC000026
21,14169.36,0.274,721.7,Normal,ACC006729
8,2732.92,0.126,602.3,Normal,ACC006565
13,17301.01,0.114,1359.7,Normal,ACC006296
25,11929.76,0.171,512.9,Normal,ACC007529
18,18131.09,0.274,798.5,Normal,ACC000161
16,19326.51,0.249,447.5,Normal,ACC007009
10,18968.64,0.226,1099.7,Normal,ACC006288
11,12363.95,0.283,359.8,Normal,ACC005130
19,14732.84,0.305,950.6,Normal,ACC002027
5,18628.23,0.104,1336.9,Normal,ACC004950
8,1974.23,0.243,236.3,Normal,ACC005471
17,19002.49,0.268,549.3,Normal,ACC003001
21,748.18,0.551,840.2,Normal,ACC005486
8,11582.22,0.32,208.8,Normal,ACC002219
6,9650.8,0.477,1162.8,Normal,ACC007508
19,11672.45,0.387,457.7,Normal,ACC007344
27,11054.41,0.534,1141.2,Normal,ACC006893
28,6422.8,0.268,869.5,Normal,ACC002822
28,2665.18,0.321,454.3,Normal,ACC002330
7,3782.17,0.506,129.5,Normal,ACC008328
6,13442.98,0.159,1379.2,Normal,ACC001478
23,18136.14,0.571,244.2,Normal,ACC008342
27,19496.21,0.11,1093.1,Normal,ACC000464
4,7974.91,0.134,812.5,Normal,ACC006738
24,845.44,0.539,1188.0,Normal,ACC005007
22,10431.14,0.366,473.3,Normal,ACC003133
29,2123.52,0.462,531.2,Normal,ACC001783
2,4657.68,0.444,1386.8,Normal,ACC003633
594,46955.37,0.313,1235.3,Legitimate_Awakening,ACC009403
0,15219.14,0.255,711.3,Normal,ACC001612
24,4208.64,0.161,303.2,Normal,ACC005847
12,3679.78,0.341,731.8,Normal,ACC005645
3,1431.74,0.276,1250.7,Normal,ACC001815
12,4512.05,0.27,420.4,Normal,ACC008033
0,13022.2,0.353,1383.6,Normal,ACC007235
5,15207.51,0.336,317.8,Normal,ACC002806
13,16820.3,0.529,185.4,Normal,ACC008236
29,17789.14,0.459,293.3,Normal,ACC003834
3,4822.89,0.567,555.6,Normal,ACC007923
24,15269.79,0.479,1188.9,Normal,ACC002036
12,13750.41,0.258,1166.1,Normal,ACC003453
25,2129.85,0.511,320.6,Normal,ACC004594
25,18622.3,0.268,208.6,Normal,ACC003732
3,2275.79,0.337,375.7,Normal,ACC003000
25,5061.5,0.2,1064.0,Normal,ACC001943
24,19507.37,0.392,708.8,Normal,ACC003952
5,5958.63,0.214,1183.1,Normal,ACC004912
24,11208.55,0.41,482.1,Normal,ACC007573
2,8774.59,0.558,777.3,Normal,ACC003961
11,7687.33,0.26,682.5,Normal,ACC005592
4,11090.12,0.383,259.6,Normal,ACC005354
8,4862.65,0.326,1288.3,Normal,ACC005825
21,2195.32,0.211,368.2,Normal,ACC002458
7,5690.09,0.208,1209.5,Normal,ACC002531
5,10099.42,0.224,1269.4,Normal,ACC000389
18,4246.79,0.21,182.5,Normal,ACC005719
3,3905.62,0.248,996.2,Normal,ACC001161
22,2102.93,0.264,680.2,Normal,ACC004664
4,12601.96,0.318,656.0,Normal,ACC007953
1,19428.19,0.157,652.8,Normal,ACC000861
18,4556.72,0.542,1270.7,Normal,ACC008121
4,6948.85,0.183,327.3,Normal,ACC007872
8,6859.17,0.144,1425.3,Normal,ACC007945
10,15170.06,0.288,761.5,Normal,ACC004323
5,13498.5,0.186,840.2,Normal,ACC008490
24,5707.13,0.507,1414.1,Normal,ACC007687
22,10242.82,0.43,735.1,Normal,ACC005581
14,10013.1,0.165,1222.8,Normal,ACC000686
21,505.59,0.353,1340.0,Normal,ACC005362
526,30793.84,0.554,2076.1,Legitimate_Awakening,ACC009094
22,11227.38,0.27,1109.8,Normal,ACC007258
8,13712.52,0.151,746.0,Normal,ACC005904
522,48749.8,0.621,1265.9,Legitimate_Awakening,ACC009542
27,9340.39,0.545,1039.2,Normal,ACC005588
29,5293.87,0.293,155.5,Normal,ACC007260
309,24207.51,0.341,1912.4,Legitimate_Awakening,ACC009558
29,16209.4,0.148,586.5,Normal,ACC008723
218,19677.87,0.672,1766.8,Legitimate_Awakening,ACC009298
27,14670.84,0.206,738.8,Normal,ACC008215
28,4077.12,0.527,1285.0,Normal,ACC000929
26,11475.81,0.392,881.5,Normal,ACC008399
11,19735.32,0.316,967.3,Normal,ACC003756
10,19977.11,0.198,925.8,Normal,ACC005532
23,1588.21,0.494,1215.3,Normal,ACC008384
1,3772.38,0.16,209.2,Normal,ACC001338
22,18430.74,0.247,546.1,Normal,ACC004523
1,6449.69,0.299,1222.5,Normal,ACC006010
11,19900.44,0.174,902.4,Normal,ACC007303
425,53464.59,0.509,1103.3,Legitimate_Awakening,ACC009517
29,7054.12,0.29,734.6,Normal,ACC003460
3,18702.12,0.276,602.3,Normal,ACC006003
9,14551.21,0.283,1055.1,Normal,ACC008347
588,47775.1,0.357,733.4,Legitimate_Awakening,ACC009812
20,11797.59,0.129,317.6,Normal,ACC005339
6,18775.2,0.154,251.0,Normal,ACC005400
16,17791.32,0.435,1416.3,Normal,ACC003352
9,18050.45,0.277,432.7,Normal,ACC000442
24,16868.37,0.481,1071.6,Normal,ACC005463
16,12342.52,0.408,1161.8,Normal,ACC006531
902,162191.78,0.975,32.9,Dormant_Mule,ACC009881
16,14392.79,0.361,333.2,Normal,ACC006236
0,15899.77,0.545,1047.4,Normal,ACC006884
5,16208.89,0.349,643.5,Normal,ACC005609
5,1483.88,0.152,1282.9,Normal,ACC002061
24,12640.58,0.179,1256.0,Normal,ACC003389
8,17808.36,0.284,308.5,Normal,ACC002048
23,19994.42,0.175,1198.1,Normal,ACC000695
22,1134.33,0.28,1239.9,Normal,ACC008181
14,18111.47,0.299,1190.1,Normal,ACC004876
5,17950.69,0.193,171.7,Normal,ACC005982
25,4690.87,0.121,600.0,Normal,ACC001212
28,11474.9,0.17,856.8,Normal,ACC007665
14,4565.48,0.243,269.1,Normal,ACC005147
5,770.03,0.334,1100.6,Normal,ACC007567
8,3183.78,0.1,1312.3,Normal,ACC001292
4,18058.15,0.417,567.5,Normal,ACC000055
26,1381.76,0.113,616.9,Normal,ACC000146
5,15982.12,0.343,560.9,Normal,ACC001717
3,14748.65,0.545,352.1,Normal,ACC008208
608,28044.51,0.355,2870.1,Legitimate_Awakening,ACC009469
20,8453.27,0.453,419.5,Normal,ACC003046
422,58141.89,0.405,1083.2,Legitimate_Awakening,ACC009527
8,16292.5,0.592,1207.7,Normal,ACC003777
20,8042.74,0.14,314.3,Normal,ACC001385
17,9490.45,0.496,737.6,Normal,ACC003524
17,18686.64,0.292,1083.0,Normal,ACC001994
685,50239.95,0.673,351.7,Legitimate_Awakening,ACC009710
17,2321.46,0.321,378.2,Normal,ACC000592
2,14867.7,0.401,985.2,Normal,ACC002431
15,19924.4,0.13,124.2,Normal,ACC000709
14,5314.87,0.589,1171.5,Normal,ACC003880
29,3789.68,0.258,903.9,Normal,ACC002681
16,6521.44,0.305,578.9,Normal,ACC003198
19,8648.2,0.246,1129.9,Normal,ACC003477
15,9426.7,0.108,349.8,Normal,ACC004991
15,1452.49,0.395,239.0,Normal,ACC008573
5,13030.26,0.139,1097.5,Normal,ACC000986
11,12483.32,0.149,1301.8,Normal,ACC006110
19,10538.14,0.513,220.5,Normal,ACC004709
24,16844.74,0.335,694.2,Normal,ACC005013
17,3689.26,0.469,1329.5,Normal,ACC005384
22,16426.1,0.134,631.4,Normal,ACC000671
292,41945.24,0.534,1956.1,Legitimate_Awakening,ACC009836
28,6398.34,0.588,344.6,Normal,ACC001002
22,1262.75,0.107,586.5,Normal,ACC007846
2,11709.19,0.402,1026.7,Normal,ACC005983
29,3542.27,0.535,264.5,Normal,ACC006050
16,18592.3,0.266,784.2,Normal,ACC002834
22,14889.39,0.361,210.4,Normal,ACC000888
1,16383.47,0.412,372.1,Normal,ACC006499
1,1140.82,0.168,542.1,Normal,ACC005663
26,15318.7,0.114,1005.2,Normal,ACC007294
8,17992.25,0.551,553.6,Normal,ACC003185
303,53351.9,0.432,1246.8,Legitimate_Awakening,ACC009638
10,3436.32,0.153,1209.4,Normal,ACC006029
19,18891.68,0.15,1248.4,Normal,ACC004448
22,19231.09,0.171,792.0,Normal,ACC002077
512,20821.15,0.373,1540.2,Legitimate_Awakening,ACC009175
8,18179.78,0.191,585.5,Normal,ACC005873
11,11605.66,0.592,407.1,Normal,ACC007037
13,2794.16,0.214,571.0,Normal,ACC000468
6,3027.91,0.224,1204.1,Normal,ACC005425
16,6346.14,0.51,190.2,Normal,ACC006650
18,7445.62,0.513,1055.9,Normal,ACC000692
292,23527.37,0.411,1218.7,Legitimate_Awakening,ACC009675
4,1186.11,0.13,613.0,Normal,ACC004287
25,14896.76,0.268,1129.9,Normal,ACC002004
12,19952.64,0.394,528.4,Normal,ACC007447
10,6427.42,0.26,1389.6,Normal,ACC006497
0,10119.2,0.421,358.9,Normal,ACC004910
17,16309.24,0.574,299.4,Normal,ACC002453
29,7798.16,0.48,717.6,Normal,ACC004241
19,9049.91,0.365,1420.6,Normal,ACC000998
9,878.6,0.241,190.2,Normal,ACC006348
20,10721.1,0.398,598.5,Normal,ACC007485
27,10754.22,0.441,717.6,Normal,ACC007779
491,19718.66,0.482,891.5,Legitimate_Awakening,ACC009632
17,12651.19,0.278,1161.4,Normal,ACC001707
27,4717.87,0.504,1119.8,Normal,ACC002619
17,4221.56,0.228,484.7,Normal,ACC005321
18,12962.75,0.206,1103.7,Normal,ACC006049
28,11390.16,0.225,392.3,Normal,ACC003887
24,4879.36,0.35,1229.4,Normal,ACC002132
15,5565.99,0.227,1437.6,Normal,ACC001924
19,17210.81,0.569,769.9,Normal,ACC001411
4,11972.0,0.272,1002.2,Normal,ACC003182
27,736.69,0.548,1324.2,Normal,ACC006117
4,10291.89,0.531,1006.4,Normal,ACC004236
21,1545.18,0.39,1190.0,Normal,ACC006972
11,13998.21,0.509,1291.5,Normal,ACC005913
11,15794.7,0.304,218.5,Normal,ACC008481
11,16977.74,0.13,478.6,Normal,ACC001517
10,13152.1,0.129,407.8,Normal,ACC005202
6,16496.32,0.381,1006.3,Normal,ACC001376
19,14654.49,0.141,715.4,Normal,ACC007119
7,9073.29,0.323,662.4,Normal,ACC002881
0,6575.99,0.581,303.8,Normal,ACC007374
25,16335.98,0.213,814.6,Normal,ACC004275
13,3778.0,0.273,1124.9,Normal,ACC004156
3,6073.91,0.136,576.3,Normal,ACC001876
10,3964.82,0.375,895.8,Normal,ACC006686
6,12126.06,0.132,472.4,Normal,ACC005851
23,17827.55,0.263,296.3,Normal,ACC003853
24,13415.2,0.405,1327.9,Normal,ACC001553
5,11288.13,0.571,968.4,Normal,ACC005418
16,3804.6,0.337,1402.1,Normal,ACC004090
244,17977.61,0.511,1244.9,Legitimate_Awakening,ACC009405
397,48273.26,0.628,1374.8,Legitimate_Awakening,ACC009052
2,17014.31,0.431,1210.6,Normal,ACC008244
657,37009.62,0.363,2201.5,Legitimate_Awakening,ACC009714
3,18528.94,0.322,850.5,Normal,ACC000901
18,13132.44,0.161,1293.0,Normal,ACC000730
13,3676.87,0.268,852.2,Normal,ACC002753
2,12240.99,0.327,590.2,Normal,ACC003203
7,13389.78,0.139,838.7,Normal,ACC000830
28,11416.82,0.308,1292.6,Normal,ACC006305
12,11899.86,0.594,914.6,Normal,ACC003358
708,362414.55,0.989,38.4,Dormant_Mule,ACC009877
17,6009.55,0.289,255.9,Normal,ACC002198
4,5323.83,0.58,209.1,Normal,ACC004538
28,13092.05,0.242,557.7,Normal,ACC007384
427,40421.57,0.554,460.6,Legitimate_Awakening,ACC009569
590,31911.43,0.566,1224.5,Legitimate_Awakening,ACC008933
2,19346.33,0.418,1152.4,Normal,ACC004163
25,5876.86,0.537,308.8,Normal,ACC007229
19,8366.65,0.409,149.8,Normal,ACC008551
337,17082.16,0.61,899.5,Legitimate_Awakening,ACC009021
7,2948.22,0.582,262.6,Normal,ACC001189
7,18347.22,0.563,1080.0,Normal,ACC007874
27,18805.29,0.197,207.5,Normal,ACC008686
23,12766.61,0.214,738.4,Normal,ACC005052
18,18185.45,0.383,1175.7,Normal,ACC006228
25,4567.1,0.53,281.0,Normal,ACC007949
16,2652.17,0.5,576.9,Normal,ACC007684
19,3230.87,0.261,883.7,Normal,ACC002517
12,7919.4,0.153,821.4,Normal,ACC001405
15,14888.63,0.468,484.9,Normal,ACC008213
5,9353.03,0.444,305.5,Normal,ACC000682
17,1404.18,0.557,250.3,Normal,ACC008141
621,38591.86,0.366,1907.5,Legitimate_Awakening,ACC009717
2,19329.7,0.18,359.2,Normal,ACC003682
4,5562.26,0.101,616.9,Normal,ACC001335
7,10527.96,0.145,968.4,Normal,ACC005170
4,9386.53,0.574,356.7,Normal,ACC006890
20,18097.58,0.2,1122.8,Normal,ACC008514
21,3598.7,0.267,1132.8,Normal,ACC007675
23,13450.12,0.484,554.5,Normal,ACC008331
4,4444.47,0.255,1097.9,Normal,ACC004766
0,8766.92,0.176,430.5,Normal,ACC000445
18,17269.98,0.112,451.7,Normal,ACC007443
11,1562.09,0.191,1394.1,Normal,ACC001298
24,7038.08,0.459,201.9,Normal,ACC008161
26,9358.22,0.504,722.3,Normal,ACC005707
19,17080.83,0.317,1345.6,Normal,ACC002991
11,1304.38,0.316,189.0,Normal,ACC002769
12,15203.45,0.118,641.0,Normal,ACC000754
1,506.72,0.13,691.0,Normal,ACC008265
0,9262.05,0.547,1262.8,Normal,ACC004813
23,16049.81,0.429,1242.8,Normal,ACC000325
11,10348.74,0.169,386.5,Normal,ACC005391
26,9061.31,0.156,1051.8,Normal,ACC002278
24,10202.72,0.103,264.9,Normal,ACC003006
10,15703.02,0.57,995.8,Normal,ACC005548
681,28743.14,0.342,2449.3,Legitimate_Awakening,ACC008878
21,2372.14,0.249,191.6,Normal,ACC002662
9,4849.45,0.238,186.1,Normal,ACC006703
23,7655.68,0.142,189.0,Normal,ACC002550
13,19870.67,0.584,766.2,Normal,ACC004535
3,8220.78,0.478,719.5,Normal,ACC001200
23,4274.1,0.377,625.3,Normal,ACC002948
19,10459.7,0.549,724.4,Normal,ACC005971
0,13544.19,0.408,617.7,Normal,ACC008017
29,13943.52,0.233,147.2,Normal,ACC006681
6,11400.56,0.163,369.8,Normal,ACC005419
29,16451.52,0.226,478.3,Normal,ACC000827
3,7695.79,0.396,583.0,Normal,ACC004672
3,15919.1,0.259,946.2,Normal,ACC000295
4,8140.57,0.373,822.3,Normal,ACC000821
24,7339.01,0.237,882.2,Normal,ACC003951
4,4759.55,0.371,609.9,Normal,ACC004146
21,17535.56,0.598,889.2,Normal,ACC001181
14,16389.09,0.14,1301.2,Normal,ACC000371
19,4584.19,0.147,584.3,Normal,ACC008094
27,11523.62,0.139,780.9,Normal,ACC007531
13,19835.97,0.585,1363.9,Normal,ACC000511
3,9126.99,0.516,1003.9,Normal,ACC000455
27,3610.07,0.188,1332.8,Normal,ACC006093
14,15386.12,0.15,1145.4,Normal,ACC003471
21,19610.01,0.26,1102.3,Normal,ACC004526
25,1005.55,0.524,1375.4,Normal,ACC005447
7,13433.68,0.253,1030.3,Normal,ACC008479
28,4842.18,0.254,841.3,Normal,ACC001113
11,7414.03,0.433,1088.6,Normal,ACC008225
22,2985.35,0.454,1404.1,Normal,ACC000625
6,11400.89,0.407,1347.9,Normal,ACC008196
11,13223.45,0.487,593.0,Normal,ACC002279
6,12650.74,0.541,1426.4,Normal,ACC007124
18,6588.57,0.243,1084.3,Normal,ACC003799
8,13090.86,0.38,180.4,Normal,ACC004583
491,44835.17,0.697,2200.1,Legitimate_Awakening,ACC008867
21,14462.27,0.427,1124.1,Normal,ACC006375
1,899.63,0.114,1013.5,Normal,ACC008831
11,7120.68,0.194,815.6,Normal,ACC008207
20,846.81,0.117,757.5,Normal,ACC003855
29,3983.12,0.153,630.8,Normal,ACC005811
27,19163.15,0.549,740.8,Normal,ACC004370
13,8125.68,0.191,1117.1,Normal,ACC000013
8,8994.36,0.588,1131.3,Normal,ACC006149
4,3627.3,0.424,1346.8,Normal,ACC003087
533,30292.73,0.432,448.9,Legitimate_Awakening,ACC009759
23,12526.89,0.439,947.0,Normal,ACC007456
669,48401.68,0.642,1608.8,Legitimate_Awakening,ACC009827
11,12656.11,0.433,402.1,Normal,ACC002469
19,12848.45,0.418,1165.2,Normal,ACC006888
2,2354.33,0.127,1077.6,Normal,ACC002117
26,8153.9,0.165,543.1,Normal,ACC006370
22,2240.24,0.389,977.9,Normal,ACC006433
26,1509.04,0.115,259.0,Normal,ACC003342
24,3114.62,0.197,1401.7,Normal,ACC006546
13,16414.45,0.454,1213.9,Normal,ACC005029
6,16176.9,0.5,1355.3,Normal,ACC003260
0,8369.62,0.451,855.3,Normal,ACC003101
2,13213.49,0.343,1163.3,Normal,ACC003963
11,13992.13,0.465,1398.6,Normal,ACC008766
14,654.55,0.195,1290.6,Normal,ACC007548
14,6977.38,0.105,384.3,Normal,ACC003956
23,7847.81,0.367,120.3,Normal,ACC001983
12,7397.9,0.47,772.4,Normal,ACC005357
553,23258.87,0.445,1386.4,Legitimate_Awakening,ACC008957
15,19557.5,0.479,333.4,Normal,ACC000794
24,12720.94,0.541,554.4,Normal,ACC005858
26,15688.99,0.435,1276.6,Normal,ACC007011
1,6689.1,0.472,1104.6,Normal,ACC005411
9,4979.2,0.22,611.8,Normal,ACC002289
305,27991.68,0.628,1037.7,Legitimate_Awakening,ACC009183
9,6359.18,0.599,655.8,Normal,ACC008136
2,15304.66,0.376,1154.3,Normal,ACC006777
2,16266.37,0.29,1226.6,Normal,ACC007171
0,9143.83,0.124,170.2,Normal,ACC000508
12,9636.95,0.523,924.2,Normal,ACC005782
23,4294.7,0.413,838.2,Normal,ACC007310
618,40259.13,0.396,427.3,Legitimate_Awakening,ACC009720
28,672.89,0.272,757.4,Normal,ACC004083
29,16022.72,0.104,1232.1,Normal,ACC005619
22,19876.58,0.293,731.5,Normal,ACC007003
20,5385.95,0.577,715.1,Normal,ACC006006
17,3166.72,0.506,1015.7,Normal,ACC004812
5,15900.19,0.153,393.8,Normal,ACC008404
21,9938.76,0.589,1273.8,Normal,ACC002914
2,12247.76,0.182,428.6,Normal,ACC001117
237,18914.81,0.387,1876.0,Legitimate_Awakening,ACC008936
26,4783.66,0.341,176.1,Normal,ACC004126
16,13860.98,0.503,619.6,Normal,ACC006741
3,14895.91,0.267,1317.0,Normal,ACC008302
12,11063.24,0.481,1220.4,Normal,ACC000691
5,2503.55,0.431,504.4,Normal,ACC008494
248,53691.32,0.509,1615.3,Legitimate_Awakening,ACC009437
1,11512.98,0.163,1117.5,Normal,ACC005669
9,847.06,0.32,453.9,Normal,ACC003931
23,14397.31,0.199,291.1,Normal,ACC007041
27,3996.86,0.542,566.1,Normal,ACC006013
17,19003.27,0.583,1187.1,Normal,ACC000010
21,3136.74,0.438,642.7,Normal,ACC001263
12,11857.24,0.474,1191.5,Normal,ACC000519
28,17460.49,0.316,1187.0,Normal,ACC003273
16,13700.21,0.476,646.3,Normal,ACC008542
4,11339.56,0.213,959.9,Normal,ACC007889
15,1172.63,0.263,1386.3,Normal,ACC004372
14,12650.33,0.49,836.6,Normal,ACC007020
13,18721.89,0.273,1013.8,Normal,ACC005385
21,6769.17,0.338,418.4,Normal,ACC000728
13,4631.79,0.368,755.7,Normal,ACC005369
15,2701.91,0.249,483.6,Normal,ACC008779
264,17905.15,0.634,1892.6,Legitimate_Awakening,ACC009847
19,13940.26,0.404,830.3,Normal,ACC002369
21,18767.06,0.409,189.7,Normal,ACC006080
26,16919.88,0.475,1075.1,Normal,ACC007131
3,2524.87,0.162,253.4,Normal,ACC002475
7,934.51,0.554,879.5,Normal,ACC005967
13,15590.65,0.401,1298.1,Normal,ACC000640
21,18287.94,0.294,799.3,Normal,ACC007511
29,13968.03,0.521,755.6,Normal,ACC003083
5,13283.38,0.216,452.3,Normal,ACC004355
25,18187.32,0.596,395.0,Normal,ACC001265
567,17501.33,0.575,2261.6,Legitimate_Awakening,ACC009348
12,1125.26,0.123,574.8,Normal,ACC003711
15,15413.79,0.187,783.4,Normal,ACC000479
13,5412.21,0.298,1417.8,Normal,ACC004432
17,8712.15,0.134,794.2,Normal,ACC002713
12,2165.67,0.468,127.7,Normal,ACC007691
29,6992.53,0.435,405.3,Normal,ACC002333
3,18763.12,0.254,1267.8,Normal,ACC001871
3,12691.73,0.514,1015.8,Normal,ACC002869
11,1646.69,0.365,179.4,Normal,ACC006183
11,9863.38,0.399,358.1,Normal,ACC005018
5,13896.96,0.423,1370.5,Normal,ACC005195
21,3939.55,0.349,673.0,Normal,ACC000236
28,9010.18,0.433,244.5,Normal,ACC000961
7,17638.6,0.547,718.7,Normal,ACC006963
15,13524.71,0.315,702.5,Normal,ACC003175
25,16416.18,0.232,1215.0,Normal,ACC006881
13,1105.05,0.532,643.2,Normal,ACC007182
19,12181.37,0.412,976.0,Normal,ACC000867
12,8922.45,0.12,142.9,Normal,ACC006927
533,241915.93,0.982,14.1,Dormant_Mule,ACC009857
12,11912.59,0.28,747.5,Normal,ACC002246
26,11829.69,0.358,812.3,Normal,ACC007432
11,11591.32,0.158,872.4,Normal,ACC004558
22,18949.25,0.287,477.4,Normal,ACC000246
24,4620.06,0.341,570.3,Normal,ACC002860
9,15695.1,0.413,457.0,Normal,ACC007368
21,1899.63,0.441,439.3,Normal,ACC000732
27,6688.4,0.411,981.6,Normal,ACC002931
21,14593.86,0.234,1202.5,Normal,ACC003428
15,17677.19,0.503,915.3,Normal,ACC002153
26,19406.72,0.43,380.3,Normal,ACC008784
20,17460.59,0.474,680.3,Normal,ACC006365
10,9495.07,0.371,307.3,Normal,ACC008708
27,3510.05,0.225,1094.8,Normal,ACC002915
18,14856.02,0.439,1396.7,Normal,ACC006341
17,7147.22,0.492,373.5,Normal,ACC002535
15,17542.16,0.178,1206.2,Normal,ACC006418
0,12163.2,0.117,600.1,Normal,ACC000598
18,12050.83,0.556,398.1,Normal,ACC000385
22,7500.46,0.357,778.9,Normal,ACC007538
586,51037.32,0.658,2237.5,Legitimate_Awakening,ACC008928
15,9329.87,0.199,337.6,Normal,ACC001054
16,15474.78,0.526,1148.1,Normal,ACC004133
290,58677.08,0.487,717.3,Legitimate_Awakening,ACC009277
28,10427.72,0.378,1208.9,Normal,ACC003737
28,4141.98,0.469,752.7,Normal,ACC005090
12,3850.77,0.279,374.7,Normal,ACC004040
21,15992.47,0.542,575.1,Normal,ACC000907
11,7103.11,0.478,207.7,Normal,ACC007642
18,17272.85,0.306,928.0,Normal,ACC008377
13,7034.3,0.117,500.3,Normal,ACC002793
13,16662.82,0.562,958.8,Normal,ACC005402
261,57106.04,0.4,732.7,Legitimate_Awakening,ACC008888
13,12537.18,0.303,521.8,Normal,ACC003009
2,6796.99,0.297,1360.5,Normal,ACC007707
17,1543.22,0.59,924.7,Normal,ACC006105
2,6239.79,0.482,1104.0,Normal,ACC003588
0,18723.53,0.463,1331.5,Normal,ACC001716
0,8998.35,0.174,175.4,Normal,ACC005133
4,14509.85,0.531,356.6,Normal,ACC000846
16,12264.23,0.307,612.8,Normal,ACC004604
8,1182.65,0.494,663.0,Normal,ACC000891
579,205513.16,0.984,15.1,Dormant_Mule,ACC009925
0,9867.22,0.593,617.3,Normal,ACC000147
20,16964.96,0.149,764.5,Normal,ACC000499
10,7795.05,0.371,1243.6,Normal,ACC008229
21,16636.99,0.467,1135.5,Normal,ACC000493
27,6906.44,0.148,837.7,Normal,ACC008739
225,55789.26,0.608,2219.0,Legitimate_Awakening,ACC009163
7,17465.29,0.521,1080.2,Normal,ACC008159
188,43585.18,0.368,492.3,Legitimate_Awakening,ACC008930
6,2132.64,0.293,613.6,Normal,ACC001296
17,16684.18,0.2,1293.3,Normal,ACC004353
21,17794.68,0.313,558.6,Normal,ACC003237
360,59807.75,0.613,2518.8,Legitimate_Awakening,ACC009801
24,10870.56,0.131,1131.9,Normal,ACC002973
20,8710.89,0.201,632.2,Normal,ACC003803
21,6642.66,0.388,1374.8,Normal,ACC002562
14,12350.31,0.414,239.6,Normal,ACC008485
523,52880.74,0.394,1316.2,Legitimate_Awakening,ACC008884
12,15417.55,0.577,1241.3,Normal,ACC003501
5,4468.15,0.378,409.0,Normal,ACC005048
13,14156.28,0.451,844.0,Normal,ACC006019
21,4755.82,0.362,1232.1,Normal,ACC004740
29,2896.98,0.41,1011.7,Normal,ACC002079
333,49645.82,0.536,2670.0,Legitimate_Awakening,ACC009820
25,10489.55,0.157,1129.5,Normal,ACC000922
27,9533.26,0.173,591.3,Normal,ACC005450
19,4930.0,0.519,488.6,Normal,ACC000616
26,18164.45,0.55,254.9,Normal,ACC003883
684,15724.79,0.456,440.6,Legitimate_Awakening,ACC009787
0,9240.58,0.533,292.8,Normal,ACC007611
1,4791.29,0.294,1262.8,Normal,ACC002468
372,38335.65,0.479,765.8,Legitimate_Awakening,ACC009713
487,26381.99,0.453,1384.0,Legitimate_Awakening,ACC008958
25,6219.11,0.481,1117.6,Normal,ACC008376
9,4126.28,0.555,1212.8,Normal,ACC003888
7,12037.16,0.383,968.2,Normal,ACC007470
3,18848.83,0.343,730.7,Normal,ACC002359
16,17762.51,0.14,682.4,Normal,ACC006736
21,17953.99,0.387,583.0,Normal,ACC001611
5,8016.6,0.442,371.6,Normal,ACC007843
24,11185.45,0.312,870.4,Normal,ACC000110
28,8630.69,0.331,656.6,Normal,ACC007657
21,18351.8,0.163,672.3,Normal,ACC002877
7,3375.95,0.194,1133.3,Normal,ACC006932
4,10613.6,0.49,861.9,Normal,ACC004964
842,439757.36,0.95,40.0,Dormant_Mule,ACC009870
20,17303.98,0.395,418.7,Normal,ACC000673
1,2519.98,0.551,469.2,Normal,ACC005883
9,11107.48,0.358,1032.8,Normal,ACC004096
26,895.29,0.297,1199.2,Normal,ACC006616
14,16615.65,0.464,369.4,Normal,ACC007322
17,8991.58,0.225,1026.8,Normal,ACC002830
10,5087.75,0.461,694.2,Normal,ACC006315
9,11291.84,0.106,1039.4,Normal,ACC002542
19,11963.75,0.574,453.3,Normal,ACC000396
529,16285.68,0.485,925.8,Legitimate_Awakening,ACC009450
16,9660.16,0.233,1371.3,Normal,ACC005767
4,15113.81,0.316,235.6,Normal,ACC001044
28,1162.77,0.521,469.6,Normal,ACC008256
26,7170.35,0.505,434.5,Normal,ACC001522
6,14731.65,0.349,1171.1,Normal,ACC008696
20,14751.92,0.569,359.2,Normal,ACC000204
14,10948.03,0.254,765.8,Normal,ACC006274
25,12651.65,0.335,273.9,Normal,ACC002843
3,7236.28,0.321,626.7,Normal,ACC008301
19,16979.69,0.591,1033.7,Normal,ACC005856
23,5877.47,0.539,1366.1,Normal,ACC000702
4,14291.72,0.436,379.0,Normal,ACC003055
16,15513.7,0.529,120.2,Normal,ACC002820
7,2240.48,0.245,1420.9,Normal,ACC007237
530,32449.12,0.66,1181.9,Legitimate_Awakening,ACC009732
14,14099.7,0.249,1340.2,Normal,ACC000289
9,15795.91,0.399,666.7,Normal,ACC001231
9,12738.56,0.439,1178.8,Normal,ACC008850
7,4311.93,0.175,196.8,Normal,ACC004726
6,4088.8,0.248,1066.5,Normal,ACC002799
14,11514.56,0.452,387.3,Normal,ACC003716
3,14988.21,0.339,615.1,Normal,ACC004793
18,13447.74,0.22,277.1,Normal,ACC005999
323,39970.43,0.338,1081.8,Legitimate_Awakening,ACC009753
17,16138.3,0.477,1038.5,Normal,ACC004264
10,2922.29,0.548,905.1,Normal,ACC000368
4,16220.82,0.522,455.2,Normal,ACC000613
28,8380.65,0.584,486.2,Normal,ACC005961
3,7186.34,0.263,440.6,Normal,ACC005014
0,15606.94,0.302,772.7,Normal,ACC006160
12,14583.85,0.461,999.7,Normal,ACC003062
23,11572.61,0.275,1050.8,Normal,ACC004002
18,12329.28,0.593,803.3,Normal,ACC008680
473,31737.99,0.648,2736.1,Legitimate_Awakening,ACC009120
17,18501.31,0.235,1425.6,Normal,ACC003432
249,51538.4,0.32,926.6,Legitimate_Awakening,ACC008857
14,3636.54,0.379,1191.5,Normal,ACC000534
24,4622.91,0.233,995.0,Normal,ACC001639
5,7910.14,0.532,991.0,Normal,ACC003587
18,6762.91,0.569,684.9,Normal,ACC008836
4,12951.26,0.299,482.0,Normal,ACC000347
4,4552.56,0.352,839.2,Normal,ACC002062
0,17081.2,0.206,1002.8,Normal,ACC002122
8,13294.85,0.541,760.6,Normal,ACC002423
5,11853.63,0.25,165.4,Normal,ACC001650
7,11031.55,0.475,1080.4,Normal,ACC001834
14,18135.9,0.555,693.2,Normal,ACC005215
25,10692.6,0.375,248.3,Normal,ACC003069
28,3569.61,0.158,689.2,Normal,ACC006964
12,16906.71,0.2,1072.0,Normal,ACC007092
9,5193.36,0.544,1245.3,Normal,ACC007973
15,11587.78,0.49,1168.7,Normal,ACC004836
4,6871.48,0.277,787.4,Normal,ACC000904
12,16843.09,0.302,1137.6,Normal,ACC000270
11,536.52,0.275,438.7,Normal,ACC003723
15,3882.38,0.251,1091.8,Normal,ACC007172
460,37791.2,0.644,2476.2,Legitimate_Awakening,ACC009536
9,18791.36,0.341,514.4,Normal,ACC007627
3,1014.48,0.496,461.4,Normal,ACC002632
12,14811.57,0.487,1155.8,Normal,ACC005159
0,3967.16,0.531,830.2,Normal,ACC004999
3,5801.0,0.59,477.0,Normal,ACC003701
8,14926.42,0.436,401.5,Normal,ACC007469
16,5873.34,0.579,655.1,Normal,ACC007495
1,13613.89,0.441,536.1,Normal,ACC001183
213,43239.63,0.666,1467.6,Legitimate_Awakening,ACC009282
513,51126.06,0.418,985.8,Legitimate_Awakening,ACC009039
556,55225.82,0.583,2858.2,Legitimate_Awakening,ACC009331
22,14207.4,0.126,762.3,Normal,ACC000547
27,12809.29,0.275,1135.0,Normal,ACC006289
17,11833.31,0.227,1118.4,Normal,ACC001168
28,19922.25,0.19,783.4,Normal,ACC002439
26,2577.36,0.514,482.0,Normal,ACC008386
24,5990.15,0.137,1362.7,Normal,ACC004212
25,18368.74,0.548,1419.2,Normal,ACC008572
29,5293.46,0.557,562.7,Normal,ACC001669
7,6814.48,0.431,981.0,Normal,ACC001155
1,12806.78,0.268,1191.4,Normal,ACC007977
23,11961.47,0.159,912.3,Normal,ACC005620
2,12640.85,0.194,409.1,Normal,ACC005603
611,52792.57,0.368,374.0,Legitimate_Awakening,ACC009195
23,15983.07,0.548,493.3,Normal,ACC005664
5,3805.8,0.52,554.6,Normal,ACC007179
2,4295.23,0.392,899.2,Normal,ACC006749
648,54412.03,0.355,1815.5,Legitimate_Awakening,ACC009807
27,1397.05,0.12,1249.2,Normal,ACC000095
7,7719.47,0.504,475.4,Normal,ACC005071
22,1085.2,0.252,576.7,Normal,ACC007794
0,3630.8,0.195,1065.3,Normal,ACC006868
26,15120.18,0.168,1305.2,Normal,ACC003032
25,11305.46,0.364,1128.4,Normal,ACC002019
13,6531.5,0.463,522.2,Normal,ACC005135
19,19900.7,0.187,643.0,Normal,ACC000313
5,16279.04,0.27,633.7,Normal,ACC003877
18,19211.67,0.396,1201.8,Normal,ACC002983
20,13223.94,0.308,252.2,Normal,ACC005556
3,17021.8,0.551,1278.1,Normal,ACC000807
229,57984.25,0.543,2618.6,Legitimate_Awakening,ACC009305
20,15476.11,0.317,709.3,Normal,ACC001144
343,34044.46,0.58,411.6,Legitimate_Awakening,ACC009471
332,50518.9,0.398,1651.7,Legitimate_Awakening,ACC008915
0,12678.89,0.581,1217.6,Normal,ACC003916
3,17001.05,0.327,1143.2,Normal,ACC005540
7,13206.98,0.469,536.6,Normal,ACC000755
27,13714.79,0.213,914.6,Normal,ACC001880
24,5494.56,0.31,1221.7,Normal,ACC005741
21,15090.04,0.553,1259.9,Normal,ACC002463
9,7709.89,0.343,534.2,Normal,ACC002286
11,12367.15,0.585,613.2,Normal,ACC002301
15,17216.89,0.393,1148.0,Normal,ACC008078
10,5403.59,0.207,1085.8,Normal,ACC007016
16,7303.35,0.109,217.4,Normal,ACC007763
534,37870.83,0.317,2869.1,Legitimate_Awakening,ACC009790
15,16491.25,0.4,1390.9,Normal,ACC004797
28,12120.34,0.577,915.0,Normal,ACC006585
28,3858.26,0.481,1426.9,Normal,ACC003527
199,44971.07,0.546,1931.6,Legitimate_Awakening,ACC008971
19,5845.81,0.419,1082.6,Normal,ACC008281
9,17807.98,0.435,1437.8,Normal,ACC006046
12,2794.1,0.172,275.5,Normal,ACC007597
5,12857.77,0.211,190.5,Normal,ACC003194
29,11277.79,0.298,293.9,Normal,ACC000847
5,8452.7,0.323,287.4,Normal,ACC008449
3,19010.19,0.593,430.2,Normal,ACC007972
6,7286.76,0.218,724.7,Normal,ACC006224
3,9552.12,0.404,1061.6,Normal,ACC008272
407,53074.67,0.467,2659.7,Legitimate_Awakening,ACC009346
25,3805.64,0.478,1218.9,Normal,ACC004006
21,14961.1,0.152,878.8,Normal,ACC008728
24,14609.41,0.404,781.8,Normal,ACC005776
27,9051.79,0.199,639.0,Normal,ACC008224
16,1851.12,0.243,242.3,Normal,ACC007891
1,7408.18,0.553,1309.3,Normal,ACC002993
27,13288.03,0.349,162.3,Normal,ACC002854
7,5355.67,0.388,208.8,Normal,ACC000962
821,222396.3,0.99,30.1,Dormant_Mule,ACC009958
15,13836.66,0.512,813.7,Normal,ACC008707
17,977.69,0.568,1335.8,Normal,ACC004515
485,29988.22,0.648,1320.4,Legitimate_Awakening,ACC009207
7,12896.59,0.29,564.1,Normal,ACC007832
5,1797.49,0.461,1127.5,Normal,ACC008767
10,14787.65,0.408,123.8,Normal,ACC001989
27,16146.72,0.531,301.2,Normal,ACC001311
29,19449.75,0.581,452.4,Normal,ACC000040
16,4657.48,0.408,710.8,Normal,ACC006914
1,13836.36,0.22,906.5,Normal,ACC007613
690,55861.95,0.335,1108.6,Legitimate_Awakening,ACC009038
14,4002.86,0.431,1007.2,Normal,ACC003158
21,5671.45,0.222,1404.4,Normal,ACC000064
185,15081.73,0.536,1052.0,Legitimate_Awakening,ACC009003
26,14486.64,0.482,341.6,Normal,ACC003011
27,7072.14,0.362,1268.4,Normal,ACC006115
0,4172.76,0.35,1167.1,Normal,ACC003492
14,18243.72,0.5,671.7,Normal,ACC006698
13,8987.0,0.573,737.2,Normal,ACC002322
7,6780.32,0.38,1252.5,Normal,ACC001420
3,9045.44,0.503,893.5,Normal,ACC005794
9,8493.26,0.44,1411.0,Normal,ACC004181
26,12421.46,0.582,246.2,Normal,ACC002396
11,3099.87,0.526,1198.7,Normal,ACC001519
18,15311.86,0.594,1309.7,Normal,ACC000607
25,1746.5,0.457,816.0,Normal,ACC003503
23,17599.58,0.116,1403.5,Normal,ACC005934
23,3541.3,0.248,598.3,Normal,ACC008582
3,5053.12,0.15,265.6,Normal,ACC005797
14,7941.61,0.409,1068.3,Normal,ACC003137
26,9435.94,0.231,439.1,Normal,ACC002029
12,5827.47,0.304,1043.0,Normal,ACC004142
21,19446.16,0.493,606.6,Normal,ACC008664
3,1934.84,0.415,1166.8,Normal,ACC002751
12,10780.88,0.21,1173.4,Normal,ACC004405
25,16486.96,0.333,824.8,Normal,ACC006009
2,16657.18,0.261,514.3,Normal,ACC006748
18,3920.08,0.357,681.5,Normal,ACC004033
9,15389.91,0.135,758.0,Normal,ACC005826
11,19037.18,0.174,1431.5,Normal,ACC006343
25,17022.66,0.337,855.0,Normal,ACC006235
5,3655.38,0.317,1138.9,Normal,ACC007594
24,9567.69,0.524,202.4,Normal,ACC000993
5,16784.96,0.196,1056.4,Normal,ACC004996
8,8904.37,0.463,1035.3,Normal,ACC005547
5,15940.64,0.252,352.9,Normal,ACC007918
19,6522.79,0.429,867.7,Normal,ACC002485
14,13754.32,0.152,1271.2,Normal,ACC005065
11,1973.31,0.223,1037.8,Normal,ACC002653
181,39563.87,0.491,2213.3,Legitimate_Awakening,ACC009150
20,9559.2,0.176,800.6,Normal,ACC005009
5,16593.77,0.508,1353.9,Normal,ACC002627
15,11592.79,0.229,701.2,Normal,ACC006099
6,9400.84,0.154,480.7,Normal,ACC006373
18,12870.75,0.152,805.9,Normal,ACC007035
21,2166.59,0.231,286.3,Normal,ACC005326
11,19894.92,0.191,522.3,Normal,ACC007807
24,2392.56,0.316,566.3,Normal,ACC004669
1,8520.16,0.559,137.3,Normal,ACC007348
1,9185.41,0.278,774.3,Normal,ACC004259
2,16602.29,0.276,1315.8,Normal,ACC003098
18,19138.7,0.5,1001.7,Normal,ACC003085
11,17247.67,0.204,209.3,Normal,ACC007619
16,1379.66,0.304,669.8,Normal,ACC005457
11,16456.22,0.593,491.8,Normal,ACC005247
11,2608.57,0.373,1128.0,Normal,ACC006470
9,6131.79,0.175,438.1,Normal,ACC002316
28,587.62,0.441,662.5,Normal,ACC007062
13,16642.89,0.469,1295.0,Normal,ACC007033
24,4189.58,0.408,1148.8,Normal,ACC004189
4,16299.67,0.241,165.5,Normal,ACC007922
29,7714.35,0.176,460.5,Normal,ACC004001
8,15769.82,0.518,719.8,Normal,ACC004651
2,9751.48,0.267,884.7,Normal,ACC001555
6,14574.22,0.54,870.5,Normal,ACC006903
12,16658.16,0.416,1210.6,Normal,ACC008104
6,16149.69,0.383,1310.1,Normal,ACC004483
29,6989.87,0.541,361.5,Normal,ACC008679
4,4247.37,0.143,564.8,Normal,ACC002851
26,6258.17,0.261,1240.2,Normal,ACC000075
18,7090.91,0.288,244.1,Normal,ACC000080
15,15092.94,0.32,925.9,Normal,ACC000908
22,6405.18,0.465,1045.0,Normal,ACC001266
26,8438.34,0.354,512.4,Normal,ACC008362
7,15486.13,0.157,1170.1,Normal,ACC000412
23,11107.48,0.216,1240.6,Normal,ACC001386
18,16981.9,0.363,1032.8,Normal,ACC002466
14,4344.51,0.34,376.8,Normal,ACC000431
7,13112.11,0.596,941.8,Normal,ACC004610
3,4162.25,0.473,901.0,Normal,ACC006587
13,12358.64,0.213,1027.9,Normal,ACC006594
289,58264.12,0.448,803.8,Legitimate_Awakening,ACC008891
16,5091.69,0.169,928.1,Normal,ACC002970
17,1940.47,0.243,604.1,Normal,ACC003661
11,12020.91,0.353,143.7,Normal,ACC001993
25,17586.35,0.542,263.2,Normal,ACC004424
0,785.62,0.561,1408.4,Normal,ACC001609
26,13067.46,0.191,426.8,Normal,ACC001548
12,9483.76,0.138,1069.2,Normal,ACC006204
619,364720.64,0.99,6.5,Dormant_Mule,ACC009871
3,7260.44,0.397,896.3,Normal,ACC008050
28,9153.13,0.534,353.8,Normal,ACC000409
21,17592.93,0.179,721.5,Normal,ACC002217
8,1716.71,0.302,988.5,Normal,ACC008396
16,17699.94,0.322,897.4,Normal,ACC003018
21,14509.12,0.471,488.5,Normal,ACC007666
4,14866.22,0.169,1227.3,Normal,ACC008407
2,4116.45,0.331,121.6,Normal,ACC000354
18,11547.1,0.425,519.5,Normal,ACC001746
391,53199.29,0.304,2542.7,Legitimate_Awakening,ACC009425
12,6069.72,0.235,1249.1,Normal,ACC002595
0,14412.42,0.563,236.7,Normal,ACC002905
29,10065.79,0.575,1085.4,Normal,ACC007659
12,19405.97,0.457,174.2,Normal,ACC000087
10,1042.9,0.223,726.7,Normal,ACC001807
14,2341.17,0.516,1332.3,Normal,ACC001172
422,43263.71,0.548,2793.3,Legitimate_Awakening,ACC009088
6,15155.28,0.219,122.6,Normal,ACC004872
10,17732.34,0.321,556.8,Normal,ACC000394
19,11141.21,0.414,1354.5,Normal,ACC003613
6,1500.23,0.346,703.6,Normal,ACC001130
18,18611.06,0.272,811.7,Normal,ACC006555
6,17475.58,0.291,1224.9,Normal,ACC005445
25,12921.25,0.254,417.5,Normal,ACC008011
28,5132.42,0.345,497.6,Normal,ACC001724
528,47598.98,0.578,2091.0,Legitimate_Awakening,ACC008869
19,15869.92,0.112,825.1,Normal,ACC001513
2,14486.8,0.284,404.3,Normal,ACC005746
20,14341.22,0.138,539.7,Normal,ACC005677
17,7181.74,0.366,286.0,Normal,ACC000406
21,9503.6,0.592,722.3,Normal,ACC007052
29,3964.53,0.538,814.1,Normal,ACC005493
22,9092.52,0.475,519.4,Normal,ACC007448
22,7998.06,0.273,690.0,Normal,ACC001520
15,9281.83,0.474,591.2,Normal,ACC001402
0,6706.01,0.6,885.7,Normal,ACC006297
24,9384.25,0.282,951.0,Normal,ACC004186
13,15963.22,0.344,1085.6,Normal,ACC006311
15,5278.6,0.38,837.2,Normal,ACC006586
14,7174.51,0.206,917.3,Normal,ACC007790
25,11574.35,0.145,1246.4,Normal,ACC007380
26,9593.09,0.318,1245.3,Normal,ACC004695
2,11767.24,0.533,502.1,Normal,ACC001143
23,11538.06,0.524,1406.4,Normal,ACC007423
6,14764.18,0.512,313.3,Normal,ACC001102
17,19091.83,0.139,826.9,Normal,ACC004879
460,37770.87,0.454,1364.5,Legitimate_Awakening,ACC009626
18,19672.71,0.418,704.6,Normal,ACC003457
27,8119.73,0.179,460.9,Normal,ACC000944
12,16448.09,0.273,1186.2,Normal,ACC002030
19,13310.63,0.578,211.0,Normal,ACC000565
15,10177.39,0.558,1359.0,Normal,ACC006905
4,13198.25,0.211,228.1,Normal,ACC003132
24,9422.17,0.261,1283.6,Normal,ACC005789
245,57413.82,0.467,1488.2,Legitimate_Awakening,ACC009789
3,10442.85,0.152,1252.9,Normal,ACC002988
24,11727.81,0.182,284.9,Normal,ACC002360
23,10314.55,0.479,637.6,Normal,ACC007460
15,9915.67,0.43,794.1,Normal,ACC001950
498,54383.09,0.461,1712.1,Legitimate_Awakening,ACC008973
12,3904.91,0.261,1406.1,Normal,ACC002171
28,7980.44,0.133,1204.4,Normal,ACC000340
15,12507.95,0.417,834.2,Normal,ACC003766
3,3060.59,0.512,1147.7,Normal,ACC007331
4,3117.55,0.518,1109.7,Normal,ACC008103
440,22384.96,0.457,2175.2,Legitimate_Awakening,ACC009521
16,9769.2,0.469,145.3,Normal,ACC006633
583,54651.05,0.486,1603.9,Legitimate_Awakening,ACC009244
0,16804.63,0.35,981.3,Normal,ACC004885
13,12075.49,0.556,716.9,Normal,ACC006832
23,3028.74,0.228,589.0,Normal,ACC001001
11,17688.69,0.565,1114.3,Normal,ACC008770
1,4802.17,0.346,674.4,Normal,ACC007526
2,15468.1,0.276,1294.4,Normal,ACC004898
16,13472.99,0.313,1235.5,Normal,ACC007957
26,13299.99,0.586,862.1,Normal,ACC001088
19,12720.19,0.304,375.5,Normal,ACC007483
28,6082.46,0.224,971.7,Normal,ACC001795
22,3173.51,0.369,312.6,Normal,ACC004150
22,12864.72,0.537,1105.1,Normal,ACC004989
2,902.51,0.262,646.1,Normal,ACC008703
27,15487.34,0.213,1033.9,Normal,ACC001154
9,10175.24,0.506,1000.2,Normal,ACC006561
29,5798.3,0.206,916.7,Normal,ACC002121
19,3297.85,0.542,264.0,Normal,ACC006088
18,12548.25,0.493,561.2,Normal,ACC004144
207,28659.13,0.456,2400.5,Legitimate_Awakening,ACC008967
16,16738.1,0.153,306.2,Normal,ACC004822
10,16876.42,0.417,339.7,Normal,ACC008324
14,17797.33,0.238,415.2,Normal,ACC001628
12,14749.56,0.236,775.9,Normal,ACC007908
20,2292.79,0.443,686.2,Normal,ACC003815
4,3175.69,0.395,1305.5,Normal,ACC003386
364,22581.0,0.481,2867.1,Legitimate_Awakening,ACC009307
27,19996.87,0.455,1015.0,Normal,ACC008316
29,5269.82,0.431,245.4,Normal,ACC008694
8,5074.12,0.504,1220.8,Normal,ACC008039
242,55573.49,0.326,1275.9,Legitimate_Awakening,ACC009241
6,19280.34,0.559,1129.2,Normal,ACC001705
23,19115.99,0.5,439.0,Normal,ACC001545
23,7375.75,0.512,800.7,Normal,ACC000819
180,25829.29,0.605,1681.3,Legitimate_Awakening,ACC009568
388,28596.26,0.331,2504.3,Legitimate_Awakening,ACC008991
29,12383.59,0.438,1038.4,Normal,ACC006472
0,12242.9,0.126,643.6,Normal,ACC007655
8,2335.11,0.209,784.7,Normal,ACC005301
14,14208.81,0.5,816.0,Normal,ACC007038
20,8374.68,0.2,1276.3,Normal,ACC007534
26,7639.99,0.431,570.6,Normal,ACC007299
15,3733.22,0.177,1053.8,Normal,ACC003697
26,12137.37,0.277,732.8,Normal,ACC005735
24,2337.4,0.382,599.6,Normal,ACC008673
655,115936.4,0.971,31.3,Dormant_Mule,ACC009968
6,3431.06,0.119,1280.1,Normal,ACC002252
20,18133.99,0.496,559.7,Normal,ACC008139
17,18295.8,0.189,129.3,Normal,ACC001638
27,8213.01,0.297,1088.6,Normal,ACC006704
2,5607.62,0.444,1339.3,Normal,ACC003207
18,6472.75,0.332,206.3,Normal,ACC007723
8,16796.01,0.478,1113.9,Normal,ACC003112
5,19470.7,0.233,1065.2,Normal,ACC002956
19,18154.52,0.47,372.5,Normal,ACC000611
417,53443.0,0.643,2627.8,Legitimate_Awakening,ACC009108
0,19324.29,0.497,559.4,Normal,ACC005683
19,2546.22,0.114,505.9,Normal,ACC006152
8,2530.43,0.333,377.8,Normal,ACC006462
25,3954.49,0.461,173.2,Normal,ACC001221
12,8903.93,0.266,1287.1,Normal,ACC005311
16,13325.46,0.421,153.8,Normal,ACC001304
13,15498.81,0.284,1387.2,Normal,ACC002593
0,19069.34,0.406,257.0,Normal,ACC005308
0,10722.97,0.435,475.7,Normal,ACC001787
11,13646.89,0.202,1351.1,Normal,ACC003189
11,1654.85,0.153,363.7,Normal,ACC002354
1,7478.83,0.501,580.4,Normal,ACC005754
8,14517.17,0.557,968.3,Normal,ACC008401
4,18160.83,0.228,1127.9,Normal,ACC005945
6,18962.4,0.268,964.5,Normal,ACC004686
24,10142.38,0.59,311.4,Normal,ACC000574
22,14621.1,0.138,910.1,Normal,ACC005757
8,6063.73,0.366,1101.1,Normal,ACC007327
3,16517.41,0.333,414.9,Normal,ACC007015
3,13158.5,0.449,962.3,Normal,ACC001961
29,8698.5,0.534,814.2,Normal,ACC008594
357,48425.5,0.3,1929.8,Legitimate_Awakening,ACC009754
1,4202.7,0.461,559.7,Normal,ACC004921
3,12163.75,0.318,1414.7,Normal,ACC003223
18,1787.89,0.168,996.0,Normal,ACC005972
23,17505.23,0.414,1084.1,Normal,ACC005323
16,16267.93,0.277,214.0,Normal,ACC006933
28,8543.4,0.571,802.1,Normal,ACC005416
20,11782.63,0.22,1172.5,Normal,ACC007439
4,2353.41,0.575,1414.1,Normal,ACC002689
24,13946.09,0.553,1385.6,Normal,ACC004105
24,17938.87,0.487,419.6,Normal,ACC007402
18,6994.37,0.413,293.9,Normal,ACC008776
4,19470.46,0.102,664.7,Normal,ACC001678
1,18467.68,0.164,708.4,Normal,ACC002193
26,3213.52,0.586,705.1,Normal,ACC004795
10,6923.62,0.368,1322.2,Normal,ACC002608
11,7595.43,0.287,1148.5,Normal,ACC005565
20,1599.32,0.532,1193.0,Normal,ACC000150
12,8640.24,0.465,808.9,Normal,ACC002147
26,6233.71,0.54,1225.7,Normal,ACC008042
24,16525.23,0.101,517.1,Normal,ACC000462
9,5323.22,0.301,1068.9,Normal,ACC003583
0,14679.89,0.108,320.1,Normal,ACC005332
9,17307.72,0.373,1063.7,Normal,ACC008515
3,3437.84,0.539,173.7,Normal,ACC004971
1,3600.99,0.426,503.6,Normal,ACC004566
28,16020.56,0.188,1008.0,Normal,ACC001024
8,13693.23,0.336,1328.6,Normal,ACC008162
23,5450.61,0.266,780.6,Normal,ACC003924
24,1185.63,0.323,729.3,Normal,ACC007026
8,11324.16,0.154,1350.4,Normal,ACC004596
29,11492.19,0.6,970.3,Normal,ACC005353
21,15942.18,0.392,1319.8,Normal,ACC002606
3,5120.06,0.488,1402.4,Normal,ACC002774
22,3697.77,0.332,919.5,Normal,ACC003970
2,7060.99,0.395,719.8,Normal,ACC002270
272,29660.35,0.339,1825.3,Legitimate_Awakening,ACC009260
243,18043.18,0.361,680.4,Legitimate_Awakening,ACC008861
1,18858.75,0.187,742.6,Normal,ACC001276
27,4144.83,0.11,635.7,Normal,ACC000852
28,19000.52,0.13,1024.7,Normal,ACC000982
12,16536.67,0.315,1303.7,Normal,ACC000429
578,57794.07,0.649,2534.8,Legitimate_Awakening,ACC009764
5,10263.0,0.553,953.7,Normal,ACC005833
0,15389.02,0.558,433.9,Normal,ACC004636
18,15410.4,0.103,749.7,Normal,ACC006226
11,4119.49,0.512,357.9,Normal,ACC005724
10,2506.29,0.508,1134.6,Normal,ACC006635
1,17190.54,0.317,374.5,Normal,ACC001946
15,16382.82,0.456,201.3,Normal,ACC007342
15,17370.31,0.248,1036.7,Normal,ACC007523
12,14041.78,0.141,1322.1,Normal,ACC000639
506,56220.31,0.373,747.8,Legitimate_Awakening,ACC009667
13,9384.41,0.5,974.8,Normal,ACC003807
663,18348.09,0.605,418.1,Legitimate_Awakening,ACC009145
26,5877.49,0.203,1173.8,Normal,ACC005836
6,4573.69,0.574,1284.6,Normal,ACC004031
0,5744.7,0.303,1296.8,Normal,ACC000645
6,16918.46,0.332,1124.6,Normal,ACC003270
1,14316.95,0.488,284.4,Normal,ACC006477
22,10633.52,0.486,810.0,Normal,ACC002575
28,9676.54,0.206,828.4,Normal,ACC003140
16,5279.82,0.228,245.3,Normal,ACC006428
22,8155.46,0.271,1218.6,Normal,ACC002141
860,50559.91,0.972,24.3,Dormant_Mule,ACC009938
16,10818.68,0.357,871.7,Normal,ACC005000
19,503.42,0.181,1285.1,Normal,ACC004615
7,7783.65,0.416,809.4,Normal,ACC004356
29,5176.72,0.212,607.3,Normal,ACC007302
14,18638.29,0.466,1144.4,Normal,ACC006651
19,11757.58,0.453,469.4,Normal,ACC003860
22,2691.11,0.266,1151.8,Normal,ACC001254
16,5952.32,0.465,138.0,Normal,ACC008366
11,11604.17,0.354,1325.4,Normal,ACC008702
17,9615.64,0.129,748.1,Normal,ACC007864
25,558.11,0.227,487.9,Normal,ACC006593
27,10480.22,0.459,530.5,Normal,ACC003538
4,10402.49,0.52,1262.8,Normal,ACC005733
14,936.95,0.517,193.6,Normal,ACC008122
1,7328.94,0.486,941.7,Normal,ACC004920
3,18279.81,0.173,972.6,Normal,ACC001610
10,7237.4,0.211,1137.1,Normal,ACC007856
23,5009.96,0.222,524.0,Normal,ACC001310
16,18473.68,0.566,439.2,Normal,ACC003218
3,10506.82,0.348,559.2,Normal,ACC002096
6,15647.41,0.511,729.2,Normal,ACC000955
12,12488.82,0.289,577.1,Normal,ACC008538
19,4664.09,0.306,1049.3,Normal,ACC001543
12,3199.85,0.585,291.0,Normal,ACC005151
13,13738.23,0.173,460.3,Normal,ACC006568
9,15719.19,0.201,225.7,Normal,ACC001840
29,13180.78,0.481,663.3,Normal,ACC008741
16,5480.56,0.23,211.4,Normal,ACC000516
8,13438.71,0.306,651.2,Normal,ACC001060
25,12325.32,0.461,236.2,Normal,ACC007063
538,24081.18,0.628,964.1,Legitimate_Awakening,ACC009468
7,12874.05,0.315,144.5,Normal,ACC006828
27,15646.11,0.161,904.5,Normal,ACC000482
17,19744.47,0.477,448.2,Normal,ACC001347
21,3810.3,0.148,673.3,Normal,ACC001449
7,10610.65,0.41,1373.9,Normal,ACC008102
27,18501.89,0.108,1083.5,Normal,ACC001744
11,5892.29,0.164,447.2,Normal,ACC007392
27,16571.17,0.183,880.8,Normal,ACC006067
16,6211.39,0.146,687.6,Normal,ACC007569
15,16249.97,0.455,1013.9,Normal,ACC004060
2,12577.22,0.464,1043.2,Normal,ACC006851
16,11172.21,0.415,1384.0,Normal,ACC004869
2,4800.94,0.309,388.7,Normal,ACC000379
7,3222.45,0.432,1143.7,Normal,ACC005963
8,10516.66,0.394,610.1,Normal,ACC005348
4,1512.9,0.494,692.7,Normal,ACC007552
17,6912.24,0.538,1233.0,Normal,ACC004064
0,11427.41,0.299,1010.6,Normal,ACC003365
27,9823.09,0.437,875.0,Normal,ACC004348
8,12859.4,0.385,625.0,Normal,ACC003165
0,5834.07,0.3,1417.4,Normal,ACC001693
26,16341.19,0.387,371.0,Normal,ACC005431
10,14751.91,0.285,561.5,Normal,ACC008098
17,8678.63,0.352,1376.0,Normal,ACC006509
23,10309.35,0.431,1324.6,Normal,ACC001863
19,5393.97,0.179,487.0,Normal,ACC004845
600,106940.01,0.998,3.9,Dormant_Mule,ACC009989
18,731.18,0.163,549.0,Normal,ACC003659
3,18149.02,0.317,764.3,Normal,ACC002928
2,9018.59,0.465,1130.5,Normal,ACC000563
28,6320.64,0.357,656.3,Normal,ACC005057
13,13309.0,0.491,919.8,Normal,ACC007881
28,10813.43,0.309,1170.8,Normal,ACC004939
28,10097.75,0.338,939.6,Normal,ACC007952
12,2465.69,0.17,1089.5,Normal,ACC005012
3,2384.49,0.237,542.5,Normal,ACC001708
1,10673.38,0.231,1132.8,Normal,ACC001756
24,4527.69,0.3,1097.0,Normal,ACC004880
17,3475.6,0.196,260.5,Normal,ACC007896
27,5976.11,0.407,229.6,Normal,ACC006486
1,599.42,0.599,1124.6,Normal,ACC008699
26,8766.3,0.558,1075.9,Normal,ACC005128
7,15545.98,0.276,1191.8,Normal,ACC002484
14,10772.04,0.239,1044.6,Normal,ACC008440
3,12691.56,0.345,1271.8,Normal,ACC004674
19,18649.47,0.339,569.3,Normal,ACC006277
321,15021.7,0.431,862.6,Legitimate_Awakening,ACC009075
27,1311.8,0.484,757.7,Normal,ACC006553
3,4606.38,0.471,314.7,Normal,ACC006061
22,8005.36,0.596,871.0,Normal,ACC008367
19,7811.48,0.167,1361.8,Normal,ACC005216
26,15915.8,0.217,1413.6,Normal,ACC005460
13,12153.65,0.273,610.3,Normal,ACC006821
23,19536.7,0.486,1382.5,Normal,ACC006112
10,15975.03,0.24,855.0,Normal,ACC003072
870,266494.95,1.0,17.9,Dormant_Mule,ACC009884
24,5209.26,0.207,680.8,Normal,ACC000948
276,47452.85,0.624,1651.4,Legitimate_Awakening,ACC009811
549,33365.04,0.57,1781.9,Legitimate_Awakening,ACC009412
368,42745.09,0.436,2375.0,Legitimate_Awakening,ACC009669
28,13360.2,0.554,429.7,Normal,ACC008325
0,10159.48,0.226,1381.4,Normal,ACC008596
8,5163.6,0.365,979.3,Normal,ACC000774
17,13803.41,0.583,599.2,Normal,ACC004785
22,8574.08,0.48,1273.9,Normal,ACC006001
2,8627.35,0.531,494.3,Normal,ACC006048
21,10327.33,0.202,209.2,Normal,ACC004248
7,15902.77,0.417,823.2,Normal,ACC002609
2,13846.76,0.411,321.8,Normal,ACC004359
22,3329.24,0.45,149.7,Normal,ACC003293
3,6133.26,0.299,1333.8,Normal,ACC000802
24,7678.61,0.12,551.5,Normal,ACC004510
28,18003.47,0.119,1377.7,Normal,ACC004786
16,2892.85,0.511,786.1,Normal,ACC003295
28,6170.21,0.503,745.4,Normal,ACC008128
12,14312.77,0.476,198.6,Normal,ACC007892
428,55627.73,0.365,1114.7,Legitimate_Awakening,ACC009292
4,1291.62,0.295,1163.9,Normal,ACC002334
3,7322.7,0.564,160.9,Normal,ACC007591
6,12890.58,0.415,652.2,Normal,ACC001100
6,4686.31,0.325,1035.3,Normal,ACC007085
6,16302.11,0.498,288.4,Normal,ACC002344
18,2516.2,0.316,423.5,Normal,ACC002211
26,4003.31,0.15,192.0,Normal,ACC001928
12,12145.07,0.54,771.3,Normal,ACC008311
604,57455.82,0.622,2714.8,Legitimate_Awakening,ACC009242
20,5745.37,0.499,529.7,Normal,ACC000357
5,3337.55,0.539,817.2,Normal,ACC001567
7,12357.37,0.154,985.9,Normal,ACC005406
18,15778.28,0.105,1125.7,Normal,ACC001500
0,19304.88,0.469,1214.7,Normal,ACC007528
19,7552.97,0.469,650.3,Normal,ACC004450
8,18050.26,0.448,1375.3,Normal,ACC005801
15,17755.05,0.45,734.8,Normal,ACC002845
4,2223.96,0.496,898.7,Normal,ACC000157
16,17999.44,0.266,1367.3,Normal,ACC004009
21,5583.82,0.545,522.4,Normal,ACC005673
16,7937.47,0.17,944.9,Normal,ACC002248
646,32169.16,0.425,2766.9,Legitimate_Awakening,ACC009505
5,6573.55,0.394,171.8,Normal,ACC006431
12,15402.75,0.26,1376.1,Normal,ACC006859
24,4554.21,0.435,643.0,Normal,ACC006800
12,2257.22,0.485,934.2,Normal,ACC002551
246,42904.72,0.546,1312.0,Legitimate_Awakening,ACC009125
6,14875.94,0.45,445.1,Normal,ACC002720
28,4249.12,0.19,543.8,Normal,ACC005634
8,11513.85,0.53,1204.6,Normal,ACC003271
10,4652.8,0.168,139.2,Normal,ACC000159
524,37992.32,0.59,903.1,Legitimate_Awakening,ACC009311
22,5424.94,0.286,262.8,Normal,ACC003130
438,52143.56,0.402,2234.4,Legitimate_Awakening,ACC009749
224,57475.45,0.386,2346.6,Legitimate_Awakening,ACC009697
18,12910.36,0.517,1175.7,Normal,ACC002440
12,10218.81,0.552,935.0,Normal,ACC007102
9,17252.68,0.35,1010.9,Normal,ACC001293
236,19786.08,0.559,2796.2,Legitimate_Awakening,ACC009493
13,10845.2,0.207,377.2,Normal,ACC004531
28,12138.71,0.314,556.4,Normal,ACC002982
443,48700.41,0.671,535.7,Legitimate_Awakening,ACC008994
9,4281.54,0.218,1277.4,Normal,ACC003681
22,1226.52,0.522,188.0,Normal,ACC007553
23,1841.03,0.496,1093.2,Normal,ACC005426
22,1101.93,0.183,641.6,Normal,ACC004668
10,13684.45,0.169,884.1,Normal,ACC000972
211,56087.31,0.405,607.8,Legitimate_Awakening,ACC009301
2,18482.04,0.127,1029.4,Normal,ACC007749
22,15512.23,0.374,832.1,Normal,ACC005238
9,6552.81,0.336,429.1,Normal,ACC006176
21,13000.79,0.564,1232.1,Normal,ACC006530
24,5670.41,0.108,753.2,Normal,ACC004182
11,13022.89,0.114,608.3,Normal,ACC008295
27,17306.67,0.382,661.6,Normal,ACC001922
6,17691.92,0.581,734.4,Normal,ACC000328
884,320228.36,0.957,6.2,Dormant_Mule,ACC009993
1,2086.3,0.142,1422.4,Normal,ACC000125
21,9845.57,0.191,1100.9,Normal,ACC000932
17,17327.71,0.34,210.8,Normal,ACC001487
9,19699.23,0.433,496.7,Normal,ACC001675
0,3656.96,0.225,416.9,Normal,ACC002732
4,1906.17,0.203,623.5,Normal,ACC000856
8,6911.1,0.405,1270.1,Normal,ACC002228
14,2124.05,0.146,915.2,Normal,ACC000118
5,15230.91,0.234,749.4,Normal,ACC002765
20,2579.77,0.582,876.7,Normal,ACC004169
21,2053.25,0.124,711.3,Normal,ACC002057
544,35977.95,0.537,1135.2,Legitimate_Awakening,ACC009635
26,18417.63,0.405,1185.7,Normal,ACC004255
14,4304.56,0.257,717.1,Normal,ACC006986
27,4858.79,0.128,1172.7,Normal,ACC002613
578,32626.19,0.631,682.9,Legitimate_Awakening,ACC009196
28,17835.64,0.527,1156.0,Normal,ACC008182
29,13591.68,0.362,1306.2,Normal,ACC002479
0,1264.19,0.149,252.6,Normal,ACC008550
1,7500.51,0.504,632.2,Normal,ACC001886
20,17818.22,0.263,868.0,Normal,ACC006714
15,18396.9,0.134,1348.9,Normal,ACC008562
17,12108.11,0.414,267.2,Normal,ACC008089
1,9001.91,0.397,898.3,Normal,ACC001283
3,5266.85,0.506,1174.7,Normal,ACC007233
23,17969.16,0.389,816.2,Normal,ACC003341
21,13571.23,0.421,1348.9,Normal,ACC002759
11,7093.8,0.225,903.8,Normal,ACC003188
25,13813.68,0.254,858.4,Normal,ACC004155
27,9274.21,0.179,857.9,Normal,ACC005222
8,16522.01,0.151,1165.3,Normal,ACC001423
2,4894.57,0.431,738.8,Normal,ACC005224
7,12846.19,0.383,551.3,Normal,ACC007568
5,7253.75,0.273,1093.5,Normal,ACC000234
13,776.71,0.319,1082.1,Normal,ACC005466
6,19973.63,0.201,810.6,Normal,ACC004701
27,10529.37,0.337,1117.2,Normal,ACC003980
12,15274.32,0.382,278.4,Normal,ACC003355
23,3949.22,0.227,252.9,Normal,ACC005346
9,18638.22,0.364,461.8,Normal,ACC001422
20,1741.0,0.516,910.7,Normal,ACC000636
13,2924.01,0.567,962.3,Normal,ACC007837
22,19960.56,0.529,658.5,Normal,ACC001684
22,17784.34,0.371,973.3,Normal,ACC002941
608,41852.71,0.368,2550.7,Legitimate_Awakening,ACC009665
12,12536.36,0.47,403.4,Normal,ACC000876
22,6132.6,0.204,643.5,Normal,ACC004412
26,6254.96,0.281,942.0,Normal,ACC005768
12,15381.9,0.473,792.8,Normal,ACC004688
15,17509.37,0.309,858.9,Normal,ACC003858
11,593.02,0.133,149.6,Normal,ACC007721
19,4977.16,0.159,338.2,Normal,ACC000910
23,10766.73,0.156,123.4,Normal,ACC000439
9,18438.09,0.345,1266.5,Normal,ACC006331
5,14454.97,0.545,1223.2,Normal,ACC004233
17,17425.6,0.392,1067.8,Normal,ACC001526
460,50198.25,0.391,631.0,Legitimate_Awakening,ACC009460
7,6204.04,0.176,471.3,Normal,ACC000727
9,5657.21,0.165,775.6,Normal,ACC003320
8,14403.78,0.283,189.9,Normal,ACC001856
28,17001.78,0.414,1090.7,Normal,ACC000381
13,17747.77,0.44,598.6,Normal,ACC008335
14,1723.07,0.274,1182.3,Normal,ACC004403
8,13638.37,0.564,578.7,Normal,ACC003771
2,9252.63,0.142,647.2,Normal,ACC000669
8,11154.61,0.385,573.0,Normal,ACC002046
29,10318.89,0.133,1286.5,Normal,ACC008391
16,748.41,0.404,206.4,Normal,ACC004413
278,16614.4,0.427,860.6,Legitimate_Awakening,ACC008966
595,42082.88,0.659,2449.5,Legitimate_Awakening,ACC009604
8,8556.12,0.408,274.8,Normal,ACC008084
19,808.55,0.361,741.5,Normal,ACC001012
22,1365.73,0.18,1383.9,Normal,ACC007743
3,10941.68,0.568,908.8,Normal,ACC001930
265,16225.32,0.593,2322.2,Legitimate_Awakening,ACC009265
9,10905.89,0.448,1141.7,Normal,ACC004047
3,6986.18,0.463,885.3,Normal,ACC006737
4,17576.48,0.501,1365.3,Normal,ACC002631
6,5843.93,0.301,665.5,Normal,ACC006621
17,16266.01,0.547,135.3,Normal,ACC003906
22,7703.47,0.382,1366.2,Normal,ACC005685
25,19053.83,0.524,1326.8,Normal,ACC000425
241,26877.71,0.44,684.5,Legitimate_Awakening,ACC008872
7,741.63,0.543,586.8,Normal,ACC006528
5,12357.71,0.418,852.4,Normal,ACC000160
14,14758.81,0.536,249.4,Normal,ACC002362
24,2869.47,0.505,755.3,Normal,ACC003267
13,19192.87,0.285,1230.4,Normal,ACC004054
26,4848.69,0.304,579.1,Normal,ACC001576
2,16075.7,0.48,532.0,Normal,ACC008357
25,13475.13,0.249,274.4,Normal,ACC006119
11,3481.3,0.133,405.0,Normal,ACC003084
8,13681.85,0.453,765.8,Normal,ACC002146
19,16782.75,0.571,717.4,Normal,ACC006227
603,45329.0,0.328,2426.8,Legitimate_Awakening,ACC009369
20,8573.54,0.399,687.3,Normal,ACC006169
10,3391.88,0.528,1011.2,Normal,ACC003739
4,13782.86,0.309,1046.3,Normal,ACC003369
25,14458.59,0.555,357.2,Normal,ACC000387
243,53670.42,0.341,562.7,Legitimate_Awakening,ACC009023
11,8089.57,0.544,1300.0,Normal,ACC001502
14,1714.22,0.488,1372.3,Normal,ACC005693
11,12688.54,0.245,206.2,Normal,ACC006282
27,15554.24,0.114,206.1,Normal,ACC000589
5,12384.18,0.422,236.2,Normal,ACC002528
23,2650.06,0.571,1008.0,Normal,ACC008180
2,17329.01,0.535,741.3,Normal,ACC005564
588,341008.58,0.991,40.9,Dormant_Mule,ACC009992
27,9739.29,0.129,1384.3,Normal,ACC000773
8,13400.48,0.346,630.4,Normal,ACC008722
16,3650.96,0.511,894.3,Normal,ACC003614
4,2333.6,0.241,955.1,Normal,ACC006532
603,43051.69,0.487,1922.0,Legitimate_Awakening,ACC009765
7,15575.24,0.255,426.3,Normal,ACC000795
8,3243.8,0.573,1351.7,Normal,ACC004265
6,15055.19,0.173,1278.9,Normal,ACC001660
4,12894.38,0.182,1131.9,Normal,ACC008502
14,936.63,0.162,1245.7,Normal,ACC008743
22,13235.2,0.424,1373.9,Normal,ACC007375
25,18701.52,0.566,875.2,Normal,ACC006303
419,20201.06,0.61,2397.5,Legitimate_Awakening,ACC009044
4,1603.99,0.185,496.6,Normal,ACC003662
9,903.09,0.235,803.2,Normal,ACC000831
15,6589.3,0.215,392.2,Normal,ACC000447
4,12285.01,0.482,810.9,Normal,ACC001234
27,2519.34,0.308,435.4,Normal,ACC007733
1,18347.34,0.125,1190.6,Normal,ACC007590
29,3799.99,0.122,369.6,Normal,ACC008520
27,19187.8,0.318,942.7,Normal,ACC003644
406,288938.99,0.96,29.1,Dormant_Mule,ACC009920
22,8068.37,0.148,1327.3,Normal,ACC002419
23,6922.32,0.263,475.6,Normal,ACC007139
23,3304.49,0.513,1091.5,Normal,ACC005713
24,13167.29,0.319,1374.1,Normal,ACC006781
8,1430.58,0.266,489.9,Normal,ACC007492
0,12483.19,0.514,703.5,Normal,ACC008486
4,9328.95,0.559,495.8,Normal,ACC008062
22,9259.1,0.444,832.0,Normal,ACC004925
1,14820.48,0.443,539.9,Normal,ACC003374
8,19904.35,0.189,841.3,Normal,ACC004304
21,3075.54,0.507,1192.9,Normal,ACC004480
24,9926.15,0.232,590.5,Normal,ACC002410
23,17302.51,0.201,590.6,Normal,ACC006952
5,2844.82,0.134,467.6,Normal,ACC000629
6,2786.96,0.185,584.4,Normal,ACC001142
2,15348.26,0.14,991.4,Normal,ACC005370
12,19400.77,0.489,671.9,Normal,ACC006435
15,4055.76,0.364,131.2,Normal,ACC005879
26,3103.55,0.124,1143.5,Normal,ACC002381
7,17111.35,0.496,704.4,Normal,ACC006756
11,5503.18,0.233,653.5,Normal,ACC004021
25,3581.95,0.309,673.2,Normal,ACC008647
18,17662.08,0.207,1403.1,Normal,ACC003513
606,31724.99,0.618,2188.3,Legitimate_Awakening,ACC009146
6,15117.31,0.16,801.9,Normal,ACC007667
9,6096.56,0.555,783.7,Normal,ACC003962
683,17406.59,0.501,769.1,Legitimate_Awakening,ACC009420
208,21918.56,0.333,1122.7,Legitimate_Awakening,ACC009220
18,13614.19,0.452,857.4,Normal,ACC002356
19,863.24,0.433,895.8,Normal,ACC006168
26,18149.24,0.391,661.1,Normal,ACC007076
21,15441.34,0.287,866.5,Normal,ACC003709
18,8065.07,0.18,645.6,Normal,ACC002738
417,54465.21,0.53,1966.8,Legitimate_Awakening,ACC008898
9,5551.19,0.454,403.6,Normal,ACC002349
29,2173.92,0.465,1269.9,Normal,ACC003526
20,10257.95,0.454,1129.8,Normal,ACC008683
9,12397.79,0.312,1334.1,Normal,ACC008020
24,10323.58,0.423,1404.2,Normal,ACC002788
4,16036.64,0.476,224.9,Normal,ACC005223
24,5906.68,0.555,179.5,Normal,ACC000304
22,14644.62,0.346,1439.6,Normal,ACC007126
27,15018.86,0.167,295.6,Normal,ACC003028
5,10412.93,0.596,471.3,Normal,ACC001808
10,17788.44,0.112,625.4,Normal,ACC003296
5,4010.2,0.144,256.4,Normal,ACC000402
27,19589.47,0.351,720.5,Normal,ACC001702
1,11106.15,0.188,1136.4,Normal,ACC005866
3,13537.75,0.313,1424.2,Normal,ACC006595
0,853.15,0.536,1350.4,Normal,ACC000225
5,6174.02,0.393,918.6,Normal,ACC004443
3,5664.89,0.275,1055.0,Normal,ACC002635
28,15045.39,0.167,384.6,Normal,ACC007900
21,11613.23,0.119,1171.0,Normal,ACC006427
27,13454.99,0.381,728.3,Normal,ACC007159
9,12835.57,0.216,1304.7,Normal,ACC003053
13,7164.1,0.192,129.0,Normal,ACC001626
27,6723.22,0.152,1066.1,Normal,ACC005161
13,18442.76,0.456,502.7,Normal,ACC007444
10,15726.1,0.484,587.6,Normal,ACC005063
29,5991.9,0.107,276.0,Normal,ACC005726
13,11200.31,0.446,980.6,Normal,ACC000060
0,2277.08,0.174,791.6,Normal,ACC005786
5,19386.48,0.402,221.6,Normal,ACC000865
5,11289.28,0.386,951.7,Normal,ACC008322
22,3609.47,0.353,232.5,Normal,ACC005126
18,8418.6,0.513,420.5,Normal,ACC002271
14,689.75,0.285,920.9,Normal,ACC005218
14,7987.09,0.429,243.3,Normal,ACC006461
467,31509.58,0.573,1822.8,Legitimate_Awakening,ACC009028
584,18420.04,0.562,585.2,Legitimate_Awakening,ACC009239
17,11942.16,0.431,1098.8,Normal,ACC006590
18,7045.64,0.475,874.9,Normal,ACC000916
29,16898.5,0.172,852.1,Normal,ACC007361
17,1267.51,0.383,1090.1,Normal,ACC005394
20,13798.75,0.55,582.6,Normal,ACC007834
13,12340.65,0.173,621.2,Normal,ACC008825
22,8148.25,0.574,306.4,Normal,ACC001371
28,1015.86,0.129,1250.2,Normal,ACC004387
4,16642.66,0.111,441.9,Normal,ACC002719
27,6002.48,0.388,714.9,Normal,ACC004579
7,14425.57,0.285,488.2,Normal,ACC002798
20,18724.03,0.245,1078.5,Normal,ACC006566
15,18288.48,0.546,983.1,Normal,ACC002838
0,16648.12,0.496,1285.0,Normal,ACC004756
24,7733.35,0.551,1184.8,Normal,ACC000828
22,9050.91,0.406,943.9,Normal,ACC002028
25,5343.48,0.453,684.4,Normal,ACC000892
12,10203.95,0.397,1229.6,Normal,ACC004979
623,27575.48,0.574,500.6,Legitimate_Awakening,ACC008992
21,5267.69,0.568,180.7,Normal,ACC007113
21,18530.54,0.56,453.9,Normal,ACC000135
1,14057.85,0.272,1035.9,Normal,ACC002643
6,5000.55,0.453,639.7,Normal,ACC006366
16,5596.26,0.272,799.6,Normal,ACC007345
5,15509.76,0.505,648.5,Normal,ACC001687
18,6116.86,0.495,330.3,Normal,ACC006512
689,17574.83,0.563,1716.5,Legitimate_Awakening,ACC009099
28,18964.16,0.238,645.3,Normal,ACC001582
9,5029.72,0.587,872.9,Normal,ACC006793
11,19338.95,0.516,495.7,Normal,ACC002695
27,14996.75,0.229,284.0,Normal,ACC008239
1,3691.96,0.37,790.7,Normal,ACC005217
9,10110.09,0.386,339.7,Normal,ACC004374
1,4337.41,0.421,724.7,Normal,ACC003408
6,12402.55,0.511,358.2,Normal,ACC007416
19,17391.56,0.545,476.4,Normal,ACC003569
24,14665.8,0.13,825.1,Normal,ACC008651
28,9924.24,0.291,1227.7,Normal,ACC001238
571,37425.98,0.629,773.0,Legitimate_Awakening,ACC008899
11,9771.54,0.478,1029.6,Normal,ACC001486
27,1786.63,0.424,1393.6,Normal,ACC006076
3,14078.75,0.486,1166.1,Normal,ACC004062
26,6403.97,0.33,1199.7,Normal,ACC001898
27,6400.68,0.593,781.1,Normal,ACC008114
16,9359.16,0.447,1218.1,Normal,ACC004770
26,11257.92,0.521,1435.8,Normal,ACC001826
10,13528.93,0.469,1100.0,Normal,ACC008432
27,6413.87,0.151,1033.7,Normal,ACC000488
25,9028.58,0.336,778.1,Normal,ACC005835
1,3498.93,0.212,1383.7,Normal,ACC000476
13,829.74,0.409,203.3,Normal,ACC002855
21,12707.87,0.179,392.1,Normal,ACC005440
18,1156.17,0.171,923.6,Normal,ACC002342
7,10779.51,0.154,385.0,Normal,ACC006630
583,54348.63,0.384,496.0,Legitimate_Awakening,ACC009009
20,3861.66,0.356,1140.2,Normal,ACC005171
6,11289.54,0.44,1097.7,Normal,ACC007252
7,10297.33,0.466,1384.7,Normal,ACC001098
7,16011.27,0.564,429.7,Normal,ACC000463
15,10108.83,0.291,364.6,Normal,ACC003862
20,7813.44,0.301,329.7,Normal,ACC008792
9,19297.09,0.565,1126.1,Normal,ACC003953
27,3671.89,0.467,395.7,Normal,ACC001211
6,6183.87,0.584,541.6,Normal,ACC004816
10,681.55,0.321,180.8,Normal,ACC002047
14,1328.91,0.229,583.9,Normal,ACC008732
16,2883.57,0.347,484.9,Normal,ACC004473
22,6335.12,0.438,847.8,Normal,ACC007078
21,3830.27,0.205,1128.4,Normal,ACC005213
21,5464.88,0.574,958.8,Normal,ACC003061
15,5879.66,0.354,864.5,Normal,ACC006910
28,549.29,0.151,1165.8,Normal,ACC003627
17,14385.24,0.39,237.5,Normal,ACC002924
5,7402.14,0.377,694.6,Normal,ACC008169
28,10402.16,0.553,330.5,Normal,ACC006457
402,58947.95,0.628,2484.2,Legitimate_Awakening,ACC009014
24,13106.14,0.444,456.9,Normal,ACC005575
213,40219.66,0.595,509.6,Legitimate_Awakening,ACC009428
3,9891.13,0.384,1025.8,Normal,ACC008119
16,1670.21,0.41,887.5,Normal,ACC007586
502,55366.68,0.655,665.6,Legitimate_Awakening,ACC009589
29,17070.18,0.256,1199.1,Normal,ACC003910
15,3020.33,0.259,192.3,Normal,ACC003284
5,7441.18,0.174,907.3,Normal,ACC001377
27,7931.08,0.474,351.3,Normal,ACC006101
3,13384.18,0.575,1083.2,Normal,ACC002288
3,18197.55,0.225,661.7,Normal,ACC000030
378,385973.23,0.963,9.0,Dormant_Mule,ACC009951
3,1564.61,0.429,588.3,Normal,ACC007550
5,5083.06,0.311,1334.9,Normal,ACC003847
14,4558.61,0.229,358.2,Normal,ACC007455
18,18579.91,0.551,238.6,Normal,ACC003311
7,12703.9,0.127,1224.1,Normal,ACC001747
4,7470.92,0.465,1392.4,Normal,ACC002697
7,3868.73,0.403,501.3,Normal,ACC005552
24,723.87,0.325,1409.8,Normal,ACC000860
467,40953.35,0.603,2210.8,Legitimate_Awakening,ACC009211
652,452997.38,0.961,10.6,Dormant_Mule,ACC009976
25,736.26,0.167,1241.6,Normal,ACC004570
22,8743.8,0.5,455.0,Normal,ACC002921
22,11625.78,0.539,378.6,Normal,ACC004408
26,19320.03,0.344,318.9,Normal,ACC000530
5,17684.44,0.547,812.3,Normal,ACC004023
2,14035.94,0.356,523.0,Normal,ACC000617
15,12255.5,0.464,272.0,Normal,ACC001734
0,10294.21,0.518,230.1,Normal,ACC007500
5,17894.45,0.461,260.8,Normal,ACC007381
16,2591.1,0.146,1060.6,Normal,ACC004008
25,6071.33,0.205,833.5,Normal,ACC007988
9,16536.43,0.128,672.6,Normal,ACC001008
522,43162.51,0.37,2190.6,Legitimate_Awakening,ACC009366
18,19390.38,0.476,329.7,Normal,ACC006129
9,4984.17,0.208,647.4,Normal,ACC006281
213,51124.11,0.518,686.0,Legitimate_Awakening,ACC008864
27,4904.69,0.406,691.5,Normal,ACC002572
4,9060.54,0.543,1089.0,Normal,ACC005753
8,5219.43,0.457,240.6,Normal,ACC000881
9,15567.08,0.457,884.3,Normal,ACC001285
25,2467.33,0.403,1017.4,Normal,ACC003551
10,2981.24,0.136,1035.5,Normal,ACC007050
26,6221.22,0.539,1129.6,Normal,ACC002778
22,11492.87,0.202,1099.4,Normal,ACC001725
19,17800.34,0.412,1410.2,Normal,ACC007377
29,6856.81,0.146,397.4,Normal,ACC008264
17,17029.08,0.396,1349.3,Normal,ACC004129
21,8193.75,0.496,488.5,Normal,ACC001888
28,9653.19,0.566,1070.1,Normal,ACC004828
510,34584.9,0.394,2241.0,Legitimate_Awakening,ACC009641
24,16554.53,0.491,837.8,Normal,ACC000758
8,14815.87,0.481,518.2,Normal,ACC006740
15,16632.39,0.121,673.3,Normal,ACC001096
23,15673.45,0.547,1076.3,Normal,ACC004391
11,12869.42,0.509,965.9,Normal,ACC002590
8,19598.69,0.332,1199.1,Normal,ACC003236
23,18104.13,0.581,982.8,Normal,ACC003007
207,28626.43,0.63,2438.3,Legitimate_Awakening,ACC008882
3,12150.78,0.492,754.8,Normal,ACC000372
7,7922.6,0.132,206.9,Normal,ACC005573
8,6281.78,0.18,694.7,Normal,ACC002986
11,10826.48,0.115,173.5,Normal,ACC004077
14,16511.96,0.347,1237.8,Normal,ACC002866
8,5296.99,0.366,756.7,Normal,ACC002072
0,11309.58,0.2,508.0,Normal,ACC001028
11,19311.37,0.538,1276.2,Normal,ACC004550
16,12911.57,0.174,1037.9,Normal,ACC000549
3,17519.07,0.518,1362.6,Normal,ACC007751
2,7212.68,0.433,1357.7,Normal,ACC007173
12,18169.79,0.238,1418.2,Normal,ACC000597
20,10044.33,0.593,439.5,Normal,ACC000044
23,3953.77,0.364,1180.7,Normal,ACC004745
5,7629.06,0.435,1040.5,Normal,ACC007926
3,6646.15,0.538,578.3,Normal,ACC004014
26,15914.6,0.207,574.1,Normal,ACC005528
2,16137.95,0.448,1357.3,Normal,ACC004804
16,14677.61,0.381,1370.2,Normal,ACC000840
28,7150.36,0.457,812.0,Normal,ACC005948
181,58151.86,0.384,1666.1,Legitimate_Awakening,ACC009370
10,6714.73,0.18,794.4,Normal,ACC005613
12,5166.98,0.412,745.8,Normal,ACC001632
4,3923.88,0.237,1333.6,Normal,ACC008468
0,1449.1,0.475,1380.7,Normal,ACC008734
28,1934.23,0.211,1108.1,Normal,ACC003021
12,12355.17,0.575,1426.4,Normal,ACC004987
21,10133.23,0.159,138.0,Normal,ACC002221
303,18351.49,0.503,2582.5,Legitimate_Awakening,ACC008875
4,16622.58,0.58,572.1,Normal,ACC000222
21,13871.16,0.555,963.5,Normal,ACC000984
29,17012.31,0.516,652.6,Normal,ACC001715
24,8671.11,0.343,1179.3,Normal,ACC006232
25,11458.86,0.273,536.1,Normal,ACC000570
16,17880.21,0.341,299.0,Normal,ACC005792
21,8118.99,0.573,445.5,Normal,ACC003105
6,4200.69,0.525,1047.8,Normal,ACC003948
9,6317.59,0.232,336.0,Normal,ACC002087
4,10699.31,0.355,537.4,Normal,ACC005854
26,2735.48,0.518,156.5,Normal,ACC003206
6,8454.74,0.349,173.4,Normal,ACC003857
16,1363.71,0.475,214.3,Normal,ACC003995
571,24260.23,0.389,1284.6,Legitimate_Awakening,ACC009586
26,12353.07,0.508,808.5,Normal,ACC007481
6,18040.25,0.481,1237.7,Normal,ACC005360
6,12467.31,0.497,233.0,Normal,ACC002337
20,3089.54,0.271,793.5,Normal,ACC005177
28,10266.21,0.552,1360.6,Normal,ACC007257
10,14423.25,0.152,333.2,Normal,ACC005626
4,4875.38,0.498,1418.0,Normal,ACC005160
27,1369.47,0.172,138.5,Normal,ACC001694
15,11271.18,0.479,966.1,Normal,ACC008833
18,14517.38,0.257,164.7,Normal,ACC006254
28,14713.82,0.273,1291.7,Normal,ACC004238
5,12807.83,0.125,1313.2,Normal,ACC000562
18,1764.27,0.481,684.2,Normal,ACC002880
26,7862.14,0.494,583.9,Normal,ACC003285
5,14407.01,0.131,164.7,Normal,ACC007360
9,3431.74,0.312,366.0,Normal,ACC004061
0,16996.38,0.203,1058.3,Normal,ACC005279
3,8959.26,0.279,831.6,Normal,ACC005084
1,10310.95,0.47,480.1,Normal,ACC008274
214,44524.55,0.355,2395.1,Legitimate_Awakening,ACC009600
656,45982.08,0.528,1041.8,Legitimate_Awakening,ACC009137
28,11751.14,0.273,1180.0,Normal,ACC001213
29,19603.99,0.424,1330.2,Normal,ACC004466
630,30845.09,0.54,1536.6,Legitimate_Awakening,ACC009254
11,4976.95,0.188,545.8,Normal,ACC003462
12,6969.52,0.352,164.4,Normal,ACC008775
22,6339.6,0.595,955.2,Normal,ACC003470
2,15202.26,0.502,143.8,Normal,ACC000626
16,962.47,0.14,671.7,Normal,ACC002626
20,16216.08,0.165,439.8,Normal,ACC003347
0,1440.76,0.286,480.4,Normal,ACC003933
21,10087.71,0.528,375.3,Normal,ACC006337
15,1641.97,0.171,1226.5,Normal,ACC003202
582,35884.05,0.532,2120.2,Legitimate_Awakening,ACC008910
13,7584.79,0.295,260.0,Normal,ACC001935
9,9429.42,0.164,691.2,Normal,ACC004225
28,13074.53,0.458,247.4,Normal,ACC005529
18,7340.07,0.252,1263.6,Normal,ACC006264
6,17007.03,0.559,453.0,Normal,ACC000525
15,13808.29,0.277,949.8,Normal,ACC004495
7,1878.03,0.441,1026.5,Normal,ACC004758
16,8273.37,0.27,695.9,Normal,ACC003749
27,17313.09,0.471,666.9,Normal,ACC002802
22,14681.23,0.275,242.6,Normal,ACC003764
23,3209.09,0.283,771.3,Normal,ACC005625
24,15735.78,0.389,314.0,Normal,ACC000777
681,44821.43,0.446,2142.2,Legitimate_Awakening,ACC009158
0,15229.11,0.551,1328.4,Normal,ACC003171
8,7853.12,0.143,739.9,Normal,ACC005875
5,2537.41,0.219,621.5,Normal,ACC002672
26,1445.98,0.448,1230.4,Normal,ACC006845
8,18959.75,0.24,507.2,Normal,ACC008577
20,7963.22,0.479,523.5,Normal,ACC001964
13,1704.98,0.378,346.1,Normal,ACC003643
21,17851.04,0.362,828.8,Normal,ACC004185
18,15051.96,0.188,205.2,Normal,ACC002375
6,8354.59,0.319,172.6,Normal,ACC008070
23,6047.69,0.329,984.8,Normal,ACC006671
21,9859.15,0.583,439.7,Normal,ACC004918
0,3633.64,0.337,1336.5,Normal,ACC006251
1,3871.76,0.42,1333.6,Normal,ACC006265
14,11014.39,0.355,330.3,Normal,ACC003721
557,34272.98,0.464,2744.5,Legitimate_Awakening,ACC009222
0,10117.62,0.494,773.3,Normal,ACC008282
8,7863.77,0.307,613.3,Normal,ACC005587
14,19187.03,0.547,692.8,Normal,ACC006663
19,11496.43,0.35,211.6,Normal,ACC001163
2,9945.63,0.447,849.6,Normal,ACC001131
9,6501.2,0.243,522.1,Normal,ACC005405
2,709.41,0.54,707.0,Normal,ACC005534
17,1377.37,0.14,987.3,Normal,ACC005089
8,9053.0,0.463,762.4,Normal,ACC000383
21,16338.86,0.256,974.6,Normal,ACC008400
23,19508.47,0.425,383.4,Normal,ACC000378
26,15903.99,0.132,376.2,Normal,ACC003495
14,3870.78,0.402,819.2,Normal,ACC005627
20,17083.82,0.512,1103.4,Normal,ACC004767
448,21058.24,0.597,1045.3,Legitimate_Awakening,ACC008960
19,8611.8,0.473,243.8,Normal,ACC002230
18,8871.13,0.189,1392.8,Normal,ACC007467
25,17705.78,0.514,980.7,Normal,ACC005690
397,29325.18,0.63,717.3,Legitimate_Awakening,ACC009375
635,183152.15,0.967,22.6,Dormant_Mule,ACC009905
7,2043.02,0.428,144.4,Normal,ACC003041
12,19472.88,0.576,130.1,Normal,ACC005392
24,14201.36,0.219,796.3,Normal,ACC000642
14,13041.35,0.409,1173.8,Normal,ACC006092
293,42879.54,0.598,1226.1,Legitimate_Awakening,ACC009015
460,58413.57,0.645,2403.7,Legitimate_Awakening,ACC008929
14,4316.12,0.482,151.0,Normal,ACC003630
12,17421.95,0.182,1349.7,Normal,ACC004977
9,785.03,0.412,274.3,Normal,ACC004902
29,5266.82,0.516,931.0,Normal,ACC003521
12,3941.84,0.146,441.3,Normal,ACC007875
277,36596.29,0.471,2263.4,Legitimate_Awakening,ACC009010
19,4699.51,0.246,348.0,Normal,ACC001957
27,12836.13,0.566,255.3,Normal,ACC000335
11,5330.58,0.506,530.8,Normal,ACC008725
7,15564.77,0.45,304.1,Normal,ACC007028
570,314344.79,0.981,14.5,Dormant_Mule,ACC009903
7,4541.82,0.415,410.0,Normal,ACC001000
199,58097.64,0.445,419.8,Legitimate_Awakening,ACC008906
5,508.0,0.398,1329.0,Normal,ACC002407
0,804.91,0.312,641.2,Normal,ACC000020
564,36468.63,0.691,1163.5,Legitimate_Awakening,ACC009127
12,6450.23,0.266,213.1,Normal,ACC006316
17,11800.98,0.258,1056.1,Normal,ACC006490
7,13646.11,0.285,371.4,Normal,ACC007289
6,4746.1,0.139,876.9,Normal,ACC001630
3,9669.58,0.485,258.9,Normal,ACC003138
5,17955.05,0.378,1355.4,Normal,ACC007287
10,18311.55,0.238,1177.1,Normal,ACC002727
28,12569.46,0.251,1396.0,Normal,ACC005893
6,12573.46,0.589,683.4,Normal,ACC005577
24,14837.4,0.499,475.6,Normal,ACC001817
7,7579.57,0.233,422.7,Normal,ACC007029
24,14034.29,0.484,1302.2,Normal,ACC003795
21,9601.2,0.138,339.2,Normal,ACC001203
1,19828.36,0.278,707.6,Normal,ACC008031
13,8258.74,0.503,901.5,Normal,ACC001162
20,16555.79,0.59,1085.9,Normal,ACC007633
22,18538.42,0.416,191.8,Normal,ACC000978
6,9521.15,0.534,1079.9,Normal,ACC000380
28,13414.14,0.301,1439.3,Normal,ACC008475
28,6185.97,0.233,1346.9,Normal,ACC002173
24,8959.52,0.437,677.0,Normal,ACC004232
6,3951.02,0.419,1158.8,Normal,ACC007537
20,5195.59,0.164,1118.6,Normal,ACC007002
621,42506.29,0.646,2413.3,Legitimate_Awakening,ACC009232
24,18967.2,0.584,361.6,Normal,ACC000576
28,16309.46,0.348,886.7,Normal,ACC008657
2,15488.63,0.457,1212.1,Normal,ACC008363
27,5096.41,0.312,495.4,Normal,ACC008837
28,18635.1,0.292,769.1,Normal,ACC001951
12,10830.49,0.433,582.6,Normal,ACC005032
5,12737.34,0.278,547.0,Normal,ACC002488
8,2031.11,0.391,964.8,Normal,ACC005129
21,12964.45,0.577,333.8,Normal,ACC006692
0,15588.88,0.298,1367.1,Normal,ACC008168
22,18401.2,0.556,1095.4,Normal,ACC002392
14,8629.69,0.28,361.7,Normal,ACC006291
2,11224.79,0.534,1127.5,Normal,ACC005652
3,9032.52,0.218,1419.2,Normal,ACC006387
19,15983.49,0.41,824.2,Normal,ACC000214
1,12763.22,0.421,786.5,Normal,ACC006017
20,11896.61,0.207,239.5,Normal,ACC006000
16,3360.66,0.52,313.0,Normal,ACC003979
29,941.46,0.114,556.3,Normal,ACC007082
14,7936.69,0.231,179.0,Normal,ACC003832
21,17395.8,0.36,1003.4,Normal,ACC001703
303,57971.44,0.64,1809.5,Legitimate_Awakening,ACC009066
408,212254.77,0.975,20.0,Dormant_Mule,ACC009945
13,4898.06,0.288,729.5,Normal,ACC000560
315,20007.24,0.41,2863.1,Legitimate_Awakening,ACC009840
29,13505.25,0.151,135.7,Normal,ACC001586
21,14791.83,0.11,642.4,Normal,ACC006770
14,3930.5,0.332,975.2,Normal,ACC008058
226,23275.93,0.508,836.1,Legitimate_Awakening,ACC009164
26,3627.8,0.267,435.1,Normal,ACC000326
29,16666.23,0.12,1434.1,Normal,ACC004013
4,5465.94,0.344,657.8,Normal,ACC001745
5,4466.84,0.243,1195.8,Normal,ACC006339
28,3139.95,0.287,1189.7,Normal,ACC005226
15,2266.47,0.277,128.2,Normal,ACC004843
621,50667.07,0.579,2586.0,Legitimate_Awakening,ACC008937
18,13740.08,0.306,1114.7,Normal,ACC000918
5,15815.71,0.329,169.6,Normal,ACC004058
6,4799.52,0.481,836.1,Normal,ACC000829
28,6039.76,0.56,683.8,Normal,ACC006242
29,15927.33,0.25,298.2,Normal,ACC006754
12,4840.24,0.298,1297.3,Normal,ACC000124
13,1666.09,0.549,825.3,Normal,ACC008257
23,8384.34,0.513,446.1,Normal,ACC007883
687,15502.18,0.57,2507.4,Legitimate_Awakening,ACC009061
4,5209.37,0.355,621.5,Normal,ACC002379
28,1801.94,0.297,1222.4,Normal,ACC007319
20,5181.38,0.172,272.7,Normal,ACC001077
23,4266.58,0.434,243.4,Normal,ACC002729
663,30705.33,0.459,920.5,Legitimate_Awakening,ACC009502
22,8495.42,0.113,1037.3,Normal,ACC008010
20,10977.68,0.381,1294.9,Normal,ACC007100
8,17409.47,0.437,182.0,Normal,ACC001965
21,14901.51,0.533,946.7,Normal,ACC002020
28,9502.35,0.202,517.9,Normal,ACC003708
28,15410.21,0.256,507.6,Normal,ACC008736
2,9368.73,0.248,1434.3,Normal,ACC008268
20,12696.12,0.12,354.2,Normal,ACC008220
1,5041.83,0.325,247.6,Normal,ACC004882
29,3264.6,0.237,908.1,Normal,ACC000449
24,16786.74,0.205,553.4,Normal,ACC004100
3,10491.66,0.274,614.8,Normal,ACC001340
465,85554.62,0.997,12.9,Dormant_Mule,ACC009999
519,59372.36,0.434,1825.1,Legitimate_Awakening,ACC009722
15,5389.27,0.436,1416.6,Normal,ACC005549
568,32973.4,0.417,735.3,Legitimate_Awakening,ACC009783
22,11336.22,0.342,1222.2,Normal,ACC004130
9,4393.18,0.589,1333.7,Normal,ACC008688
18,7924.99,0.3,782.4,Normal,ACC008730
10,12426.55,0.166,454.0,Normal,ACC005962
1,3905.68,0.524,513.6,Normal,ACC002516
221,27945.04,0.352,1565.6,Legitimate_Awakening,ACC009404
5,17947.58,0.234,662.0,Normal,ACC001881
6,7015.79,0.509,170.6,Normal,ACC002114
367,23192.43,0.451,2412.1,Legitimate_Awakening,ACC009522
1,19171.07,0.329,395.0,Normal,ACC005039
20,12722.65,0.279,1434.3,Normal,ACC001665
17,15193.33,0.363,606.6,Normal,ACC003076
27,17914.08,0.578,798.9,Normal,ACC003331
22,10243.51,0.253,821.9,Normal,ACC006347
21,2315.37,0.253,731.6,Normal,ACC005347
18,17893.41,0.284,1076.2,Normal,ACC005538
25,6530.73,0.158,1421.3,Normal,ACC002384
9,1859.24,0.212,700.7,Normal,ACC007165
11,10097.78,0.564,223.8,Normal,ACC008614
19,19460.64,0.404,809.3,Normal,ACC006840
698,53885.57,0.546,904.1,Legitimate_Awakening,ACC009652
478,21670.46,0.58,1047.5,Legitimate_Awakening,ACC009209
4,8035.1,0.303,340.2,Normal,ACC003127
23,6067.41,0.599,482.0,Normal,ACC008321
20,14009.62,0.535,571.9,Normal,ACC002170
13,12224.38,0.515,912.0,Normal,ACC005578
22,14402.72,0.106,659.6,Normal,ACC000897
361,29516.8,0.685,1484.2,Legitimate_Awakening,ACC009368
20,647.05,0.248,491.3,Normal,ACC004808
7,18730.48,0.595,692.1,Normal,ACC005318
23,12666.94,0.33,172.1,Normal,ACC002868
25,12933.45,0.59,1114.5,Normal,ACC008681
25,2228.34,0.561,753.9,Normal,ACC002908
25,10479.24,0.127,877.6,Normal,ACC006605
18,19609.73,0.541,878.8,Normal,ACC002781
12,14591.11,0.399,968.8,Normal,ACC007473
22,4362.9,0.383,732.4,Normal,ACC000575
8,17044.29,0.311,519.9,Normal,ACC000826
12,3330.22,0.373,201.6,Normal,ACC006527
17,12421.06,0.468,559.8,Normal,ACC006377
25,8428.52,0.172,1063.4,Normal,ACC001165
21,12882.3,0.391,1156.3,Normal,ACC003554
0,19293.69,0.583,618.7,Normal,ACC005142
19,2749.57,0.535,743.3,Normal,ACC001509
10,1914.19,0.452,651.3,Normal,ACC001755
22,5555.58,0.521,1378.1,Normal,ACC007943
5,18191.19,0.537,725.1,Normal,ACC004493
465,58204.6,0.579,2372.6,Legitimate_Awakening,ACC008880
200,16639.2,0.323,592.4,Legitimate_Awakening,ACC009056
24,13009.01,0.236,1169.2,Normal,ACC004978
5,11357.96,0.573,667.8,Normal,ACC002124
20,5641.83,0.233,1086.5,Normal,ACC000268
947,472663.76,0.964,30.9,Dormant_Mule,ACC009960
27,14207.83,0.191,925.0,Normal,ACC003248
1,5328.54,0.236,1411.3,Normal,ACC005101
27,14899.29,0.574,138.1,Normal,ACC005979
19,17755.45,0.395,437.7,Normal,ACC005566
3,18317.48,0.495,603.9,Normal,ACC008659
19,14489.97,0.481,385.9,Normal,ACC002886
459,44134.03,0.41,1018.8,Legitimate_Awakening,ACC009818
19,4995.74,0.335,860.5,Normal,ACC003243
21,3768.57,0.118,1092.1,Normal,ACC000397
6,9039.05,0.522,466.4,Normal,ACC001442
220,37694.17,0.61,2233.1,Legitimate_Awakening,ACC009288
16,12421.06,0.529,1008.7,Normal,ACC000924
12,14200.53,0.187,748.4,Normal,ACC007263
27,7927.36,0.348,130.3,Normal,ACC001537
0,7887.53,0.547,133.0,Normal,ACC002995
22,11060.7,0.231,334.3,Normal,ACC008133
9,13599.57,0.246,766.4,Normal,ACC004926
26,8487.76,0.256,1013.8,Normal,ACC000680
14,10856.63,0.304,481.5,Normal,ACC003135
689,16075.63,0.607,1152.2,Legitimate_Awakening,ACC009132
498,42488.43,0.575,2113.6,Legitimate_Awakening,ACC009683
17,15603.73,0.205,718.2,Normal,ACC003437
22,19421.62,0.421,324.1,Normal,ACC006608
12,13930.97,0.435,331.5,Normal,ACC002683
4,19833.77,0.131,1285.4,Normal,ACC000322
13,18746.65,0.431,1157.9,Normal,ACC007677
24,5651.68,0.251,853.5,Normal,ACC005840
477,26946.68,0.582,652.4,Legitimate_Awakening,ACC009418
1,5211.94,0.395,1025.1,Normal,ACC005597
24,18564.08,0.127,379.9,Normal,ACC006287
26,12814.23,0.293,592.0,Normal,ACC005520
2,12937.53,0.105,163.5,Normal,ACC002757
15,890.9,0.391,1042.5,Normal,ACC002115
14,7561.19,0.532,540.2,Normal,ACC007770
8,2627.64,0.425,1130.1,Normal,ACC000417
301,36863.24,0.483,1199.2,Legitimate_Awakening,ACC009060
27,6092.91,0.247,647.5,Normal,ACC002203
27,16497.36,0.257,1174.1,Normal,ACC000599
18,9083.88,0.174,553.2,Normal,ACC000551
13,4354.58,0.374,273.2,Normal,ACC003199
27,4427.75,0.234,215.8,Normal,ACC003960
25,11343.44,0.416,1425.9,Normal,ACC007106
18,5265.13,0.47,1374.8,Normal,ACC005173
28,16808.69,0.536,185.0,Normal,ACC006973
14,3499.62,0.221,1403.8,Normal,ACC004743
10,4965.53,0.201,1317.6,Normal,ACC003927
12,16811.72,0.125,733.3,Normal,ACC001099
606,48845.89,0.589,1052.3,Legitimate_Awakening,ACC009357
10,1493.99,0.34,1074.4,Normal,ACC004452
22,18913.19,0.11,1394.3,Normal,ACC003967
3,2209.03,0.316,543.5,Normal,ACC005633
9,18432.62,0.451,1134.5,Normal,ACC004376
13,958.88,0.315,488.2,Normal,ACC001146
21,15123.39,0.329,335.8,Normal,ACC006870
5,18360.59,0.579,133.9,Normal,ACC002864
27,11157.19,0.353,413.5,Normal,ACC003114
1,12582.51,0.4,788.4,Normal,ACC001048
0,1846.08,0.103,1357.0,Normal,ACC000718
12,19412.64,0.122,1296.3,Normal,ACC000134
15,5969.84,0.307,1062.5,Normal,ACC007008
27,10524.69,0.54,589.0,Normal,ACC003256
6,16787.84,0.345,863.0,Normal,ACC008003
2,6838.23,0.386,1130.1,Normal,ACC007422
10,14176.29,0.395,490.6,Normal,ACC008252
459,37069.9,0.513,2317.7,Legitimate_Awakening,ACC009320
16,1206.97,0.592,720.5,Normal,ACC003619
1,17167.04,0.203,1141.7,Normal,ACC006513
690,44542.98,0.346,1528.1,Legitimate_Awakening,ACC009793
6,10857.5,0.465,244.5,Normal,ACC006056
14,18798.92,0.594,1127.4,Normal,ACC004778
467,34048.77,0.307,2153.4,Legitimate_Awakening,ACC008989
12,14912.28,0.443,1195.9,Normal,ACC001344
2,14725.44,0.204,617.7,Normal,ACC003805
14,8328.35,0.272,792.0,Normal,ACC005019
4,16305.07,0.588,971.0,Normal,ACC002625
11,13198.98,0.579,563.9,Normal,ACC004811
1,19636.98,0.415,669.3,Normal,ACC001644
21,17784.42,0.124,1389.1,Normal,ACC001323
9,2631.11,0.228,1225.7,Normal,ACC008142
17,19974.62,0.136,177.5,Normal,ACC003511
27,11066.49,0.404,998.8,Normal,ACC006987
8,549.79,0.356,375.0,Normal,ACC004687
13,16849.97,0.197,822.4,Normal,ACC008184
2,6296.54,0.425,300.5,Normal,ACC007762
17,1860.82,0.228,379.8,Normal,ACC003314
27,17587.97,0.236,571.5,Normal,ACC005096
1,10564.43,0.266,485.2,Normal,ACC004139
10,11023.12,0.144,1095.2,Normal,ACC004326
610,136454.41,0.977,1.3,Dormant_Mule,ACC009885
7,13238.53,0.257,373.6,Normal,ACC004140
10,5788.74,0.336,973.5,Normal,ACC006917
17,15697.62,0.361,966.2,Normal,ACC001535
365,28330.65,0.42,2212.3,Legitimate_Awakening,ACC008870
28,844.99,0.136,326.1,Normal,ACC007087
23,8560.8,0.528,1135.9,Normal,ACC005715
20,6027.19,0.149,752.4,Normal,ACC007111
27,3034.12,0.165,1019.2,Normal,ACC005236
7,8411.36,0.143,124.7,Normal,ACC008054
4,9208.69,0.238,257.7,Normal,ACC003444
23,18617.79,0.457,1430.7,Normal,ACC007204
10,15314.38,0.481,1161.4,Normal,ACC004440
13,2081.25,0.484,306.5,Normal,ACC004768
24,3511.0,0.128,756.7,Normal,ACC006969
27,12535.77,0.178,751.6,Normal,ACC001005
15,18629.1,0.47,495.7,Normal,ACC006138
5,17063.73,0.408,505.9,Normal,ACC003666
1,6119.6,0.103,775.0,Normal,ACC001274
445,298445.38,0.972,23.8,Dormant_Mule,ACC009986
4,5006.75,0.583,941.5,Normal,ACC006314
9,14068.66,0.577,1391.2,Normal,ACC005694
26,19474.38,0.59,474.1,Normal,ACC002275
2,13455.06,0.214,303.3,Normal,ACC007040
29,1963.72,0.526,489.8,Normal,ACC007425
4,780.22,0.11,927.8,Normal,ACC006613
7,16125.59,0.493,372.2,Normal,ACC005475
24,13835.47,0.113,1030.9,Normal,ACC001383
10,10627.87,0.596,628.5,Normal,ACC008756
9,18879.36,0.473,1071.1,Normal,ACC000899
567,45334.86,0.415,1711.2,Legitimate_Awakening,ACC009429
239,30052.9,0.416,676.6,Legitimate_Awakening,ACC009673
5,15424.45,0.151,561.4,Normal,ACC000245
13,4145.16,0.323,764.3,Normal,ACC001467
17,15615.09,0.57,1301.2,Normal,ACC000015
24,6744.49,0.317,343.4,Normal,ACC006487
27,11206.53,0.224,808.4,Normal,ACC007371
11,1857.91,0.376,880.0,Normal,ACC004673
12,7186.6,0.135,557.9,Normal,ACC005242
24,1424.6,0.501,917.8,Normal,ACC002293
10,6959.4,0.377,460.0,Normal,ACC007282
29,17023.33,0.251,610.8,Normal,ACC006665
20,18474.89,0.287,1310.8,Normal,ACC002733
29,17347.16,0.261,1426.2,Normal,ACC003541
25,12555.25,0.151,231.0,Normal,ACC000123
25,4058.08,0.111,314.1,Normal,ACC008327
17,5172.1,0.411,355.6,Normal,ACC003157
27,12346.91,0.131,651.1,Normal,ACC006872
16,6048.94,0.388,282.7,Normal,ACC004206
27,2772.22,0.488,1117.5,Normal,ACC005969
2,5247.35,0.126,1359.8,Normal,ACC003849
8,7854.9,0.133,249.9,Normal,ACC008036
16,9913.2,0.266,1097.2,Normal,ACC002296
29,9211.17,0.162,391.9,Normal,ACC001408
22,15298.96,0.51,1338.3,Normal,ACC006648
13,16316.57,0.539,214.3,Normal,ACC003027
2,5005.96,0.436,146.0,Normal,ACC000249
343,15006.56,0.542,325.3,Legitimate_Awakening,ACC009078
13,1444.25,0.264,1079.6,Normal,ACC007073
28,9249.53,0.219,612.7,Normal,ACC000422
23,11874.49,0.542,320.3,Normal,ACC001479
25,615.86,0.124,314.8,Normal,ACC004309
17,13557.15,0.21,905.8,Normal,ACC005344
3,6066.54,0.204,887.1,Normal,ACC008634
23,19808.74,0.145,1000.8,Normal,ACC003166
426,37201.08,0.625,657.2,Legitimate_Awakening,ACC009643
1,17723.73,0.146,836.6,Normal,ACC005319
295,23919.19,0.417,1576.5,Legitimate_Awakening,ACC009668
22,19758.0,0.39,763.3,Normal,ACC008034
25,5018.16,0.371,410.1,Normal,ACC003738
22,19523.74,0.463,1327.9,Normal,ACC005273
14,19781.67,0.197,1134.6,Normal,ACC005779
15,13004.68,0.307,506.5,Normal,ACC001969
22,2138.03,0.441,1017.7,Normal,ACC002904
1,19162.6,0.222,1314.7,Normal,ACC005253
21,3407.37,0.579,653.7,Normal,ACC003417
25,10931.85,0.119,1186.6,Normal,ACC001346
16,16328.42,0.479,470.9,Normal,ACC003282
11,4209.68,0.329,929.9,Normal,ACC005704
4,13882.87,0.344,1164.1,Normal,ACC007265
27,8607.21,0.325,1301.6,Normal,ACC005488
29,4718.24,0.353,1395.1,Normal,ACC005286
27,14891.82,0.264,1211.9,Normal,ACC005725
0,1504.55,0.575,1047.6,Normal,ACC005487
3,3413.0,0.335,1217.1,Normal,ACC003121
29,12156.13,0.565,1339.7,Normal,ACC007646
5,5562.47,0.391,438.1,Normal,ACC004675
471,24554.47,0.577,2430.7,Legitimate_Awakening,ACC008876
8,19870.07,0.476,239.4,Normal,ACC000416
13,17768.9,0.361,299.1,Normal,ACC004945
5,8316.6,0.331,1370.4,Normal,ACC000223
14,16239.69,0.38,1355.8,Normal,ACC004776
9,5864.99,0.354,1157.9,Normal,ACC002705
2,13008.22,0.193,519.6,Normal,ACC003993
18,12535.88,0.352,1245.9,Normal,ACC005509
2,6835.99,0.444,1389.3,Normal,ACC001256
22,6081.35,0.547,359.3,Normal,ACC006693
17,4330.61,0.407,235.8,Normal,ACC002196
27,18552.16,0.423,667.5,Normal,ACC002773
4,19140.42,0.257,1292.7,Normal,ACC000687
11,6403.13,0.516,1155.7,Normal,ACC004821
3,14296.97,0.168,1198.5,Normal,ACC004611
383,45990.8,0.401,2645.3,Legitimate_Awakening,ACC009133
5,13470.35,0.179,276.9,Normal,ACC000839
14,6879.98,0.27,1302.1,Normal,ACC005655
464,38584.88,0.329,1569.4,Legitimate_Awakening,ACC009609
7,10767.23,0.225,270.9,Normal,ACC004209
29,10015.11,0.158,760.7,Normal,ACC006476
597,46411.11,0.306,897.6,Legitimate_Awakening,ACC009085
3,5735.91,0.196,790.9,Normal,ACC005952
22,6860.32,0.334,315.3,Normal,ACC001461
673,18901.86,0.639,2645.1,Legitimate_Awakening,ACC008893
23,18240.0,0.526,189.4,Normal,ACC001552
24,16966.25,0.416,223.9,Normal,ACC003740
14,12218.67,0.117,776.8,Normal,ACC002000
13,8560.18,0.373,695.6,Normal,ACC001974
2,15031.76,0.11,951.9,Normal,ACC006383
10,17355.86,0.255,1036.3,Normal,ACC001892
6,6726.68,0.265,783.3,Normal,ACC007234
16,13073.48,0.305,813.9,Normal,ACC003057
0,9178.98,0.232,1299.8,Normal,ACC007786
23,6047.98,0.124,1002.5,Normal,ACC002051
16,2825.38,0.562,222.5,Normal,ACC003473
411,59209.04,0.304,432.1,Legitimate_Awakening,ACC008993
20,15579.52,0.385,242.0,Normal,ACC003345
26,3171.0,0.381,194.1,Normal,ACC005821
21,11846.37,0.128,310.8,Normal,ACC002183
12,16661.76,0.551,1208.7,Normal,ACC007840
7,5157.7,0.335,714.6,Normal,ACC000647
2,8501.15,0.138,1110.0,Normal,ACC006518
9,3812.79,0.292,1270.5,Normal,ACC003210
20,6699.14,0.104,624.4,Normal,ACC001464
227,34739.71,0.394,2154.9,Legitimate_Awakening,ACC009461
14,8628.39,0.519,942.5,Normal,ACC005772
382,18900.45,0.621,2651.4,Legitimate_Awakening,ACC008921
0,16396.52,0.142,942.3,Normal,ACC002787
28,1514.74,0.22,1023.0,Normal,ACC003579
25,13246.3,0.578,124.0,Normal,ACC002399
24,19349.75,0.524,1281.5,Normal,ACC005848
17,1311.99,0.35,1298.1,Normal,ACC008638
301,29766.68,0.345,1184.9,Legitimate_Awakening,ACC009086
16,14180.52,0.105,660.1,Normal,ACC001549
10,5993.75,0.49,623.0,Normal,ACC007893
689,28830.5,0.589,2223.5,Legitimate_Awakening,ACC009102
26,12183.92,0.148,625.4,Normal,ACC003481
15,18015.65,0.334,637.6,Normal,ACC005035
28,12721.26,0.506,1422.4,Normal,ACC008382
18,11788.29,0.319,832.4,Normal,ACC008622
28,3059.28,0.116,1335.5,Normal,ACC000353
0,1717.59,0.287,1248.7,Normal,ACC008063
28,14118.69,0.308,1065.6,Normal,ACC005115
17,14594.3,0.216,1051.3,Normal,ACC001339
22,17631.35,0.251,978.4,Normal,ACC002497
15,17834.97,0.476,486.4,Normal,ACC005749
10,14995.54,0.543,979.1,Normal,ACC005317
17,8443.95,0.189,264.7,Normal,ACC002185
20,676.73,0.496,496.3,Normal,ACC006451
542,55209.98,0.482,413.2,Legitimate_Awakening,ACC008856
8,1804.9,0.256,982.9,Normal,ACC008800
29,16240.01,0.429,374.4,Normal,ACC004158
17,8935.2,0.58,161.9,Normal,ACC008649
28,10873.89,0.584,1174.7,Normal,ACC007313
15,6216.74,0.495,1288.7,Normal,ACC005915
22,12244.48,0.293,1361.0,Normal,ACC007635
20,1674.99,0.547,436.4,Normal,ACC008165
1,10510.68,0.595,425.6,Normal,ACC000934
11,4249.03,0.255,1406.9,Normal,ACC001534
9,7459.55,0.45,921.8,Normal,ACC007046
643,426837.92,0.975,5.7,Dormant_Mule,ACC009880
9,7216.55,0.493,567.4,Normal,ACC003054
9,9390.53,0.507,622.5,Normal,ACC003300
8,15540.62,0.306,362.7,Normal,ACC004123
26,6712.79,0.547,775.7,Normal,ACC003015
10,6461.6,0.283,643.9,Normal,ACC003734
10,15495.95,0.434,1248.3,Normal,ACC004242
346,36121.22,0.385,2649.6,Legitimate_Awakening,ACC009115
22,14890.04,0.28,1006.1,Normal,ACC001140
21,9655.61,0.311,1434.2,Normal,ACC001222
14,4655.16,0.57,128.8,Normal,ACC000872
25,7140.62,0.502,189.2,Normal,ACC001116
27,5623.06,0.336,548.1,Normal,ACC001505
8,3284.32,0.295,1376.2,Normal,ACC001781
25,11594.92,0.547,960.2,Normal,ACC004042
6,2064.46,0.281,360.3,Normal,ACC004889
29,12837.35,0.11,278.1,Normal,ACC008506
308,48472.9,0.667,2230.6,Legitimate_Awakening,ACC009349
14,3991.15,0.465,1286.4,Normal,ACC007960
11,9686.12,0.299,529.4,Normal,ACC002906
0,6016.28,0.355,794.3,Normal,ACC003922
19,5650.15,0.144,747.8,Normal,ACC005174
21,2621.52,0.401,1177.2,Normal,ACC004819
4,11939.6,0.412,982.3,Normal,ACC002212
2,14599.21,0.38,1180.7,Normal,ACC007660
9,10958.43,0.595,1045.8,Normal,ACC005895
391,29347.57,0.566,501.7,Legitimate_Awakening,ACC009140
1,19560.59,0.2,1035.0,Normal,ACC000366
15,12945.89,0.543,678.7,Normal,ACC003844
1,2211.24,0.178,1134.9,Normal,ACC004298
13,1415.84,0.183,1094.2,Normal,ACC000271
14,15267.02,0.549,231.0,Normal,ACC001115
4,16701.29,0.567,1273.3,Normal,ACC007109
12,11653.92,0.503,1123.4,Normal,ACC001132
15,17347.4,0.385,1264.4,Normal,ACC008235
6,8563.03,0.384,837.3,Normal,ACC004900
26,9380.2,0.359,129.9,Normal,ACC001659
27,17601.28,0.204,774.8,Normal,ACC004110
599,51816.31,0.454,964.5,Legitimate_Awakening,ACC009299
22,16211.24,0.154,1422.4,Normal,ACC002311
25,656.62,0.346,821.4,Normal,ACC002929
15,15778.25,0.45,934.4,Normal,ACC001073
28,7364.32,0.305,144.3,Normal,ACC002257
24,14438.42,0.24,546.7,Normal,ACC006027
9,15288.57,0.401,1418.4,Normal,ACC007765
14,1900.38,0.474,190.0,Normal,ACC002388
23,5781.23,0.319,223.6,Normal,ACC000088
472,56006.06,0.604,576.7,Legitimate_Awakening,ACC008999
3,5769.47,0.432,276.2,Normal,ACC007445
21,2676.9,0.158,1178.0,Normal,ACC001952
11,19641.41,0.516,1323.5,Normal,ACC003965
26,17943.77,0.5,681.3,Normal,ACC000261
608,40365.99,0.656,584.0,Legitimate_Awakening,ACC008932
5,15543.35,0.35,587.1,Normal,ACC008185
6,3634.82,0.509,1218.4,Normal,ACC000330
4,12428.55,0.31,447.0,Normal,ACC000093
20,2343.85,0.479,919.9,Normal,ACC002060
22,15820.8,0.21,1210.2,Normal,ACC008109
25,16684.17,0.177,1206.1,Normal,ACC003247
16,7187.07,0.337,588.7,Normal,ACC000183
2,5313.55,0.255,1289.2,Normal,ACC003852
25,9080.65,0.296,865.4,Normal,ACC005506
22,13149.25,0.486,655.5,Normal,ACC007917
23,1441.35,0.193,510.9,Normal,ACC006523
8,14123.0,0.27,621.5,Normal,ACC005481
9,15057.25,0.38,953.4,Normal,ACC003686
11,17752.5,0.351,977.5,Normal,ACC007803
13,8709.91,0.5,490.5,Normal,ACC008383
19,13262.97,0.237,1375.1,Normal,ACC000345
2,14883.42,0.499,446.3,Normal,ACC005641
6,13369.69,0.509,852.9,Normal,ACC000053
467,44359.56,0.675,2247.6,Legitimate_Awakening,ACC009347
10,13049.74,0.154,695.8,Normal,ACC002241
21,16432.4,0.279,982.5,Normal,ACC008287
0,11870.46,0.568,1265.3,Normal,ACC003327
4,4482.72,0.309,409.9,Normal,ACC001336
654,45753.63,0.541,620.8,Legitimate_Awakening,ACC009064
24,7127.97,0.55,185.7,Normal,ACC003424
26,5507.97,0.366,1363.2,Normal,ACC005064
1,16502.53,0.419,984.0,Normal,ACC006864
19,18686.1,0.302,1254.7,Normal,ACC007673
4,1303.94,0.225,1030.4,Normal,ACC002547
11,3003.03,0.291,892.8,Normal,ACC003508
5,9034.22,0.528,186.2,Normal,ACC005250
5,14977.88,0.141,810.9,Normal,ACC004607
5,14801.42,0.462,848.7,Normal,ACC008006
4,12656.59,0.182,587.2,Normal,ACC007146
28,11380.0,0.192,171.4,Normal,ACC003941
551,54292.0,0.686,958.2,Legitimate_Awakening,ACC009019
6,5742.64,0.284,1301.9,Normal,ACC000890
3,7284.08,0.334,970.8,Normal,ACC008043
12,3460.21,0.247,1133.3,Normal,ACC008060
526,314790.96,0.959,2.3,Dormant_Mule,ACC009866
4,5247.91,0.32,635.3,Normal,ACC006201
18,4397.28,0.107,1086.7,Normal,ACC004907
20,19234.43,0.12,223.0,Normal,ACC003474
192,29997.61,0.309,667.1,Legitimate_Awakening,ACC009769
0,11259.75,0.59,216.9,Normal,ACC004299
14,7818.77,0.413,312.8,Normal,ACC001635
16,857.82,0.281,145.7,Normal,ACC006060
13,16043.14,0.271,1308.8,Normal,ACC004544
10,11345.72,0.49,141.4,Normal,ACC001147
2,10110.86,0.302,820.8,Normal,ACC000761
11,7104.1,0.453,1211.0,Normal,ACC006430
29,18307.1,0.524,753.0,Normal,ACC003452
18,17197.85,0.541,511.9,Normal,ACC003703
16,6897.36,0.43,1084.1,Normal,ACC002332
2,1383.96,0.281,1118.6,Normal,ACC004984
25,12085.77,0.306,286.8,Normal,ACC001158
23,18296.05,0.366,501.0,Normal,ACC005809
6,11020.7,0.191,699.1,Normal,ACC005088
1,5362.83,0.545,1068.5,Normal,ACC002865
18,10041.16,0.195,140.7,Normal,ACC003122
24,11102.18,0.336,475.0,Normal,ACC004162
12,9991.47,0.553,693.4,Normal,ACC000065
3,7713.6,0.324,555.6,Normal,ACC003235
6,8205.19,0.12,747.7,Normal,ACC000698
15,18537.05,0.493,550.0,Normal,ACC002055
21,7805.9,0.185,1245.9,Normal,ACC004599
13,1395.97,0.583,681.6,Normal,ACC007248
24,15428.97,0.509,284.9,Normal,ACC005808
20,13062.71,0.11,1076.5,Normal,ACC003780
3,9139.98,0.183,1416.3,Normal,ACC003029
15,15199.17,0.32,1104.8,Normal,ACC003147
28,12467.39,0.412,755.8,Normal,ACC003294
26,5353.76,0.532,449.8,Normal,ACC006496
25,13915.69,0.261,840.0,Normal,ACC003226
1,1866.34,0.128,278.9,Normal,ACC001646
15,2724.68,0.165,1036.2,Normal,ACC004685
13,19815.37,0.501,1107.7,Normal,ACC002800
26,7273.19,0.55,148.8,Normal,ACC000571
10,11359.13,0.308,686.2,Normal,ACC000917
394,39466.96,0.683,1920.8,Legitimate_Awakening,ACC008976
16,9143.52,0.285,1004.1,Normal,ACC005499
16,16008.11,0.168,710.8,Normal,ACC001995
26,15453.19,0.293,740.4,Normal,ACC006167
3,19009.57,0.416,291.5,Normal,ACC000833
557,46625.76,0.308,2029.8,Legitimate_Awakening,ACC009238
7,13312.09,0.549,647.4,Normal,ACC001069
8,8359.97,0.598,348.8,Normal,ACC005452
2,3524.34,0.108,1031.1,Normal,ACC005629
2,16615.85,0.557,1281.5,Normal,ACC002251
25,4876.29,0.355,807.5,Normal,ACC004003
15,19089.82,0.343,1405.4,Normal,ACC002450
7,18454.42,0.12,504.7,Normal,ACC001029
13,1712.96,0.174,130.4,Normal,ACC000781
29,9196.13,0.11,202.5,Normal,ACC001401
8,6189.03,0.32,256.3,Normal,ACC006154
27,9755.59,0.379,708.6,Normal,ACC004276
25,17849.42,0.319,219.5,Normal,ACC004213
17,1748.15,0.299,233.7,Normal,ACC007144
28,7107.06,0.576,1094.1,Normal,ACC001392
25,8839.14,0.373,589.8,Normal,ACC008782
678,59844.93,0.363,2129.0,Legitimate_Awakening,ACC009580
9,12065.7,0.286,489.7,Normal,ACC003163
17,8724.6,0.215,383.4,Normal,ACC001953
24,10722.56,0.235,1214.5,Normal,ACC004693
19,16845.96,0.568,539.0,Normal,ACC004320
26,17374.8,0.539,1154.4,Normal,ACC004922
1,16237.88,0.198,575.9,Normal,ACC000838
25,10968.89,0.207,1328.8,Normal,ACC007072
27,11512.21,0.215,202.7,Normal,ACC008560
22,3772.41,0.305,799.6,Normal,ACC007396
28,14806.36,0.528,926.1,Normal,ACC007354
7,18560.4,0.456,661.6,Normal,ACC006694
14,9544.52,0.405,128.6,Normal,ACC004393
5,12488.29,0.299,1015.2,Normal,ACC007386
26,7933.98,0.149,349.4,Normal,ACC007350
15,16810.69,0.127,1144.4,Normal,ACC004379
20,13524.44,0.417,339.1,Normal,ACC000602
7,14871.73,0.486,1413.6,Normal,ACC008447
6,16649.62,0.413,219.4,Normal,ACC001569
411,27870.17,0.699,490.0,Legitimate_Awakening,ACC009594
10,13197.38,0.41,585.1,Normal,ACC000612
19,13088.45,0.144,1365.6,Normal,ACC008092
26,7446.51,0.162,185.9,Normal,ACC004362
240,50133.58,0.505,2352.3,Legitimate_Awakening,ACC009017
0,17537.84,0.504,1156.7,Normal,ACC008411
29,11855.47,0.186,1325.9,Normal,ACC006213
19,12164.29,0.455,812.9,Normal,ACC008284
28,15295.45,0.172,463.8,Normal,ACC008375
9,5885.63,0.299,481.6,Normal,ACC005978
9,13031.47,0.545,826.7,Normal,ACC005330
13,15160.76,0.109,473.8,Normal,ACC004143
28,3391.08,0.329,1307.9,Normal,ACC007413
16,7172.37,0.595,379.4,Normal,ACC004887
3,18185.38,0.166,902.8,Normal,ACC000699
24,8400.4,0.22,950.1,Normal,ACC001473
528,53376.0,0.462,508.7,Legitimate_Awakening,ACC009170
14,970.19,0.271,1020.7,Normal,ACC007877
13,3860.08,0.158,883.9,Normal,ACC003305
28,15319.36,0.206,1377.6,Normal,ACC005773
0,19416.94,0.591,815.5,Normal,ACC008558
24,5846.39,0.157,270.5,Normal,ACC003434
14,5570.94,0.293,1364.7,Normal,ACC001571
28,10410.91,0.358,467.4,Normal,ACC005386
11,6374.15,0.516,996.8,Normal,ACC007340
4,17563.65,0.509,914.1,Normal,ACC004895
11,1621.77,0.339,962.0,Normal,ACC005970
614,22139.95,0.355,1886.1,Legitimate_Awakening,ACC008851
426,35586.62,0.359,1651.5,Legitimate_Awakening,ACC009611
3,7994.92,0.113,1227.5,Normal,ACC000842
24,4149.47,0.116,1368.5,Normal,ACC003100
7,859.9,0.373,1053.0,Normal,ACC002894
28,17726.04,0.573,270.0,Normal,ACC003671
6,4862.0,0.42,1403.7,Normal,ACC006588
325,40121.82,0.339,1775.8,Legitimate_Awakening,ACC009310
565,29313.13,0.398,693.1,Legitimate_Awakening,ACC009304
18,17381.17,0.116,969.9,Normal,ACC002832
27,4559.61,0.488,514.5,Normal,ACC007910
11,5877.05,0.125,1324.0,Normal,ACC005417
11,11763.41,0.28,995.3,Normal,ACC008156
14,19819.6,0.541,744.3,Normal,ACC001772
27,5986.1,0.398,1031.0,Normal,ACC004555
27,10403.31,0.599,1037.4,Normal,ACC003523
18,12506.81,0.535,724.4,Normal,ACC007161
7,7331.28,0.146,544.4,Normal,ACC006544
22,16929.81,0.281,991.8,Normal,ACC001972
9,10425.57,0.544,1035.8,Normal,ACC003035
364,18776.06,0.681,1893.5,Legitimate_Awakening,ACC009309
28,4107.49,0.215,467.9,Normal,ACC006280
16,6242.61,0.387,544.3,Normal,ACC005834
1,6575.69,0.322,1200.6,Normal,ACC008569
8,11299.56,0.356,491.4,Normal,ACC001337
25,7497.43,0.376,490.3,Normal,ACC006130
5,4423.43,0.193,1384.8,Normal,ACC007220
27,5720.35,0.126,905.4,Normal,ACC004919
610,148195.34,0.981,10.4,Dormant_Mule,ACC009995
6,12616.22,0.38,949.3,Normal,ACC000627
7,10048.06,0.295,238.4,Normal,ACC003564
6,2334.27,0.106,1195.2,Normal,ACC008652
14,15724.29,0.208,1064.6,Normal,ACC002746
24,18698.12,0.258,1033.7,Normal,ACC007805
25,14545.86,0.51,999.4,Normal,ACC007599
2,13691.43,0.397,916.2,Normal,ACC001152
17,9385.17,0.341,1120.3,Normal,ACC001448
18,18822.96,0.422,240.9,Normal,ACC006345
5,5157.61,0.544,559.5,Normal,ACC005543
19,15537.37,0.316,1342.4,Normal,ACC005407
16,18735.66,0.577,1385.8,Normal,ACC003733
10,3873.97,0.233,277.8,Normal,ACC001531
420,50100.93,0.378,2101.5,Legitimate_Awakening,ACC009067
16,4586.78,0.309,1258.4,Normal,ACC004205
23,7166.06,0.317,1240.0,Normal,ACC001398
16,4349.02,0.348,1051.0,Normal,ACC006275
19,16304.16,0.514,663.3,Normal,ACC002876
21,2238.17,0.105,142.6,Normal,ACC004302
25,9538.18,0.421,832.0,Normal,ACC008015
645,409126.75,0.963,2.7,Dormant_Mule,ACC009931
6,19711.2,0.248,971.0,Normal,ACC007178
16,13104.94,0.329,817.9,Normal,ACC001563
21,19486.19,0.14,727.7,Normal,ACC008152
7,4880.88,0.463,1054.4,Normal,ACC002715
12,2835.68,0.182,965.8,Normal,ACC005026
6,11212.61,0.135,834.1,Normal,ACC003396
10,8469.1,0.471,252.9,Normal,ACC008388
12,2970.69,0.157,1017.4,Normal,ACC005233
3,3817.08,0.347,742.2,Normal,ACC004108
3,3688.76,0.147,744.3,Normal,ACC006455
27,6078.95,0.441,999.4,Normal,ACC007194
24,14209.06,0.564,1025.9,Normal,ACC005985
29,13067.17,0.51,560.1,Normal,ACC000714
13,5665.46,0.423,906.4,Normal,ACC000453
430,20401.72,0.515,2455.2,Legitimate_Awakening,ACC009462
8,19076.52,0.322,350.6,Normal,ACC002425
671,43397.11,0.463,550.4,Legitimate_Awakening,ACC009565
18,8619.98,0.499,334.0,Normal,ACC006874
19,12052.57,0.142,1182.0,Normal,ACC005211
15,5764.19,0.286,1048.8,Normal,ACC007621
564,46686.35,0.609,620.7,Legitimate_Awakening,ACC009808
12,16166.45,0.533,890.6,Normal,ACC006936
7,5607.29,0.408,890.8,Normal,ACC008198
0,16955.25,0.564,434.1,Normal,ACC005793
4,18158.01,0.518,379.9,Normal,ACC001228
18,18310.45,0.338,1335.2,Normal,ACC006207
23,2853.43,0.355,224.5,Normal,ACC004762
12,17856.34,0.333,297.6,Normal,ACC006787
27,5075.74,0.252,502.8,Normal,ACC000733
25,755.34,0.432,355.0,Normal,ACC000238
13,18042.44,0.555,1365.2,Normal,ACC001998
6,3046.18,0.457,1018.4,Normal,ACC006362
13,17891.36,0.124,1117.0,Normal,ACC008771
19,11476.88,0.471,955.6,Normal,ACC007408
23,6713.77,0.49,1025.8,Normal,ACC004937
21,3553.95,0.587,1232.2,Normal,ACC001773
27,3644.12,0.108,1045.1,Normal,ACC006300
24,16502.51,0.119,604.7,Normal,ACC002142
24,12143.77,0.312,709.6,Normal,ACC002097
5,8258.18,0.585,1262.5,Normal,ACC000192
9,8236.64,0.152,1224.9,Normal,ACC003957
27,1155.39,0.298,891.1,Normal,ACC003838
4,4667.2,0.466,272.1,Normal,ACC007966
2,2840.25,0.475,414.1,Normal,ACC004846
0,7051.35,0.265,754.0,Normal,ACC005980
6,11460.25,0.396,761.8,Normal,ACC004499
1,2151.67,0.4,299.0,Normal,ACC005859
4,5028.38,0.303,475.3,Normal,ACC001301
23,8750.71,0.169,331.9,Normal,ACC004217
9,9676.29,0.362,394.9,Normal,ACC008731
6,8998.07,0.455,726.8,Normal,ACC006559
19,8065.47,0.515,296.5,Normal,ACC001466
535,50440.62,0.407,545.3,Legitimate_Awakening,ACC009070
13,19967.22,0.371,495.0,Normal,ACC001597
23,11936.98,0.363,1122.3,Normal,ACC001380
11,16428.78,0.25,317.6,Normal,ACC003525
12,3882.86,0.419,774.9,Normal,ACC000554
3,13518.07,0.504,1126.2,Normal,ACC000418
17,5618.45,0.223,1394.8,Normal,ACC003193
268,19690.08,0.41,1031.1,Legitimate_Awakening,ACC009817
15,3504.48,0.423,361.1,Normal,ACC003044
22,6673.59,0.582,1189.4,Normal,ACC004563
3,17658.16,0.355,228.6,Normal,ACC003466
256,38771.75,0.689,2405.5,Legitimate_Awakening,ACC008914
1,16951.53,0.356,1162.1,Normal,ACC003873
448,50592.04,0.64,1485.6,Legitimate_Awakening,ACC009263
382,17702.92,0.354,1615.6,Legitimate_Awakening,ACC009599
4,4094.51,0.14,685.4,Normal,ACC000089
435,33684.01,0.409,1664.7,Legitimate_Awakening,ACC008980
21,2229.7,0.16,728.2,Normal,ACC000171
4,5298.36,0.338,640.6,Normal,ACC000427
29,12382.45,0.284,1008.2,Normal,ACC006728
28,6022.77,0.541,903.6,Normal,ACC001857
10,10306.07,0.584,237.4,Normal,ACC006812
9,4591.62,0.591,1046.6,Normal,ACC003480
27,2879.75,0.348,165.4,Normal,ACC000012
26,4961.9,0.231,231.9,Normal,ACC005959
27,7882.05,0.231,596.7,Normal,ACC008291
6,5775.13,0.146,1437.7,Normal,ACC008624
0,9435.93,0.373,1362.7,Normal,ACC000103
9,5901.3,0.221,1267.8,Normal,ACC007030
24,13703.99,0.537,1109.0,Normal,ACC002813
26,17144.35,0.394,1273.3,Normal,ACC003856
17,9605.88,0.27,1361.4,Normal,ACC000739
22,11350.66,0.442,134.5,Normal,ACC005871
27,11790.83,0.125,610.7,Normal,ACC007134
593,45532.05,0.33,2217.4,Legitimate_Awakening,ACC009648
26,5080.36,0.251,443.6,Normal,ACC006340
8,1126.19,0.316,1141.1,Normal,ACC007797
28,14081.72,0.156,772.7,Normal,ACC006085
28,16544.41,0.472,1019.0,Normal,ACC000131
0,3960.2,0.383,699.5,Normal,ACC005148
17,15708.36,0.582,778.0,Normal,ACC005248
14,10586.41,0.125,1283.6,Normal,ACC005366
18,10278.22,0.36,711.8,Normal,ACC002611
28,14548.59,0.452,1044.2,Normal,ACC008195
536,47222.29,0.514,1571.3,Legitimate_Awakening,ACC009408
19,12083.32,0.447,1070.8,Normal,ACC008459
19,15917.86,0.449,1434.1,Normal,ACC003900
8,5462.41,0.531,793.8,Normal,ACC005732
12,9748.62,0.395,828.8,Normal,ACC000649
29,7721.78,0.284,1185.6,Normal,ACC006668
612,51928.31,0.42,2115.4,Legitimate_Awakening,ACC008879
7,14250.21,0.328,1001.4,Normal,ACC000981
28,4985.01,0.103,979.7,Normal,ACC003088
16,19363.83,0.54,718.7,Normal,ACC008544
13,907.67,0.576,1076.5,Normal,ACC003964
23,16309.05,0.122,511.3,Normal,ACC002622
12,19237.63,0.547,1069.3,Normal,ACC002582
4,13113.77,0.585,575.0,Normal,ACC004624
18,13048.94,0.297,813.7,Normal,ACC005706
15,8822.93,0.538,671.1,Normal,ACC000296
0,2675.22,0.189,1159.0,Normal,ACC004676
28,17753.75,0.216,653.6,Normal,ACC001445
6,3710.79,0.367,760.0,Normal,ACC000037
23,2020.88,0.153,770.5,Normal,ACC002064
24,15537.15,0.431,660.3,Normal,ACC002782
3,6721.32,0.287,535.1,Normal,ACC006744
16,12113.24,0.493,1135.2,Normal,ACC005490
1,14815.93,0.575,230.2,Normal,ACC003605
4,17480.8,0.535,884.2,Normal,ACC003336
27,6973.68,0.382,1078.9,Normal,ACC005444
24,19371.35,0.32,487.4,Normal,ACC000999
303,21404.53,0.37,331.1,Legitimate_Awakening,ACC009446
28,9958.53,0.404,331.5,Normal,ACC006062
661,43376.42,0.657,1171.3,Legitimate_Awakening,ACC009410
19,5088.85,0.379,1383.1,Normal,ACC003760
22,7959.1,0.426,1093.3,Normal,ACC007744
14,15408.29,0.387,1382.0,Normal,ACC000708
27,13746.65,0.17,705.8,Normal,ACC004138
23,6040.92,0.492,1005.7,Normal,ACC005718
26,6067.45,0.274,771.4,Normal,ACC004497
11,12502.31,0.164,941.5,Normal,ACC003871
27,11896.09,0.22,1092.7,Normal,ACC005973
6,1558.23,0.375,1068.4,Normal,ACC005437
15,4803.63,0.367,1434.7,Normal,ACC001680
28,7001.35,0.45,1394.8,Normal,ACC007005
10,14782.07,0.541,280.4,Normal,ACC000913
12,18014.0,0.333,603.8,Normal,ACC006243
15,16774.15,0.568,365.2,Normal,ACC001053
4,858.62,0.557,275.4,Normal,ACC000265
10,6980.64,0.297,732.1,Normal,ACC005921
29,18850.44,0.536,716.8,Normal,ACC001205
0,12673.66,0.136,1224.5,Normal,ACC003401
8,9443.67,0.438,776.4,Normal,ACC002109
2,14425.37,0.451,930.5,Normal,ACC003449
13,14802.48,0.294,691.5,Normal,ACC002954
24,18400.26,0.186,329.3,Normal,ACC006324
786,312613.71,0.978,21.7,Dormant_Mule,ACC009895
7,16737.97,0.239,939.9,Normal,ACC006135
19,14144.27,0.147,939.8,Normal,ACC003536
14,2602.01,0.203,570.5,Normal,ACC008219
332,37659.12,0.389,1275.4,Legitimate_Awakening,ACC009702
272,49810.26,0.568,1293.1,Legitimate_Awakening,ACC008962
402,51068.68,0.678,899.5,Legitimate_Awakening,ACC009210
20,19620.28,0.249,129.5,Normal,ACC007010
28,9993.17,0.224,341.9,Normal,ACC005846
13,10424.7,0.326,487.9,Normal,ACC001504
8,11773.74,0.126,457.0,Normal,ACC004736
474,55513.62,0.343,1736.3,Legitimate_Awakening,ACC009063
17,10555.75,0.56,776.0,Normal,ACC000471
283,52988.03,0.659,1020.3,Legitimate_Awakening,ACC009380
18,6323.6,0.371,692.0,Normal,ACC003612
0,8168.6,0.408,1256.3,Normal,ACC001443
4,14243.29,0.525,1379.8,Normal,ACC004288
0,15722.18,0.406,798.3,Normal,ACC007976
994,489324.52,0.954,42.3,Dormant_Mule,ACC009932
18,18826.62,0.225,535.2,Normal,ACC005908
27,16212.39,0.105,532.5,Normal,ACC003909
22,8687.78,0.211,126.6,Normal,ACC007853
19,18538.36,0.112,981.9,Normal,ACC007566
12,16861.46,0.566,545.6,Normal,ACC002901
2,8645.54,0.379,286.3,Normal,ACC007589
294,21116.31,0.327,2332.6,Legitimate_Awakening,ACC009040
2,3187.55,0.432,122.5,Normal,ACC000543
12,1316.67,0.352,891.2,Normal,ACC002500
21,8784.2,0.309,996.2,Normal,ACC002559
28,5193.9,0.22,230.1,Normal,ACC001979
1,14798.88,0.567,577.8,Normal,ACC006058
610,301002.6,0.974,10.5,Dormant_Mule,ACC009865
9,12724.87,0.187,204.3,Normal,ACC003790
364,20635.17,0.442,2368.4,Legitimate_Awakening,ACC009768
5,10296.84,0.267,1211.0,Normal,ACC007070
23,8825.84,0.551,979.3,Normal,ACC004844
4,7716.52,0.298,266.5,Normal,ACC007452
23,11192.25,0.164,1284.4,Normal,ACC000572
27,12640.28,0.595,1201.6,Normal,ACC005152
1,18766.13,0.358,776.4,Normal,ACC001413
15,7580.74,0.282,527.9,Normal,ACC007518
19,13861.0,0.234,321.6,Normal,ACC006948
657,43009.55,0.324,2124.5,Legitimate_Awakening,ACC009695
6,14447.71,0.378,1248.3,Normal,ACC002214
667,36786.75,0.493,2673.5,Legitimate_Awakening,ACC008917
21,19139.13,0.597,869.0,Normal,ACC006480
18,6859.92,0.407,188.8,Normal,ACC005156
369,47050.54,0.551,1584.3,Legitimate_Awakening,ACC009202
20,11692.03,0.527,645.6,Normal,ACC002981
5,13947.95,0.251,946.3,Normal,ACC002094
180,42943.56,0.436,2191.0,Legitimate_Awakening,ACC009098
25,6312.48,0.239,1138.4,Normal,ACC001190
6,2235.02,0.531,1193.3,Normal,ACC003131
25,17336.04,0.228,873.6,Normal,ACC006591
329,36196.14,0.632,508.3,Legitimate_Awakening,ACC009755
10,19273.98,0.138,602.7,Normal,ACC000775
6,5643.8,0.45,1376.3,Normal,ACC004988
487,30006.08,0.664,1878.0,Legitimate_Awakening,ACC009760
15,3792.76,0.33,525.4,Normal,ACC001719
27,6564.55,0.183,441.7,Normal,ACC000915
28,17272.72,0.461,209.3,Normal,ACC000579
19,1149.07,0.351,534.6,Normal,ACC004496
12,8025.63,0.412,158.1,Normal,ACC007662
29,9538.15,0.236,1308.2,Normal,ACC007017
28,606.15,0.118,1323.6,Normal,ACC002105
6,17544.69,0.461,968.6,Normal,ACC003572
19,9867.18,0.16,982.2,Normal,ACC006549
11,15602.38,0.204,664.5,Normal,ACC007700
522,35252.13,0.403,348.8,Legitimate_Awakening,ACC009544
1,14412.51,0.102,181.4,Normal,ACC002917
15,4459.88,0.301,1236.4,Normal,ACC002493
3,1317.56,0.202,384.9,Normal,ACC006640
19,5043.35,0.293,816.8,Normal,ACC006861
28,4660.26,0.263,319.0,Normal,ACC003611
26,9606.33,0.564,459.7,Normal,ACC003826
21,10052.94,0.289,1037.3,Normal,ACC004434
8,2466.21,0.219,151.8,Normal,ACC008280
343,29304.69,0.469,1498.3,Legitimate_Awakening,ACC009400
9,5355.17,0.332,1394.8,Normal,ACC006824
25,14517.59,0.207,989.5,Normal,ACC008155
4,13223.05,0.258,715.4,Normal,ACC008511
6,19595.63,0.448,1007.0,Normal,ACC001853
5,5566.36,0.48,301.0,Normal,ACC000495
21,9539.25,0.544,720.8,Normal,ACC001997
3,2879.42,0.453,1403.2,Normal,ACC008126
24,19425.77,0.312,1221.9,Normal,ACC003227
24,3930.89,0.336,430.5,Normal,ACC005169
10,18337.28,0.274,479.6,Normal,ACC006484
12,10193.42,0.217,375.7,Normal,ACC005712
11,5394.62,0.189,987.5,Normal,ACC005804
447,27599.46,0.371,1754.7,Legitimate_Awakening,ACC009647
24,6740.97,0.548,633.7,Normal,ACC000115
11,11661.95,0.302,600.0,Normal,ACC002095
19,11924.33,0.588,822.6,Normal,ACC002290
5,12331.97,0.265,793.5,Normal,ACC004990
28,8205.39,0.153,247.9,Normal,ACC007475
29,6504.63,0.452,386.4,Normal,ACC000407
6,6242.12,0.543,776.9,Normal,ACC006073
7,15794.59,0.127,1122.2,Normal,ACC008318
29,16149.27,0.515,1375.9,Normal,ACC005461
196,32119.69,0.639,563.4,Legitimate_Awakening,ACC009079
9,754.99,0.186,983.0,Normal,ACC002452
19,19944.67,0.406,1158.1,Normal,ACC004855
5,1455.48,0.114,760.4,Normal,ACC008640
8,17455.91,0.19,1370.9,Normal,ACC001474
2,6775.64,0.177,718.2,Normal,ACC004407
26,13270.1,0.393,325.7,Normal,ACC007228
16,17050.68,0.105,1357.0,Normal,ACC002968
14,4495.18,0.539,1281.0,Normal,ACC000587
22,16353.22,0.459,1381.3,Normal,ACC000428
8,18431.4,0.427,487.2,Normal,ACC004115
28,9454.19,0.306,1072.9,Normal,ACC000909
10,11283.37,0.256,1317.7,Normal,ACC008666
2,11231.56,0.493,493.1,Normal,ACC005154
23,16763.82,0.107,587.9,Normal,ACC005031
11,1760.61,0.146,309.0,Normal,ACC007166
10,13373.13,0.412,541.6,Normal,ACC008663
26,19375.09,0.453,460.1,Normal,ACC007154
25,1624.13,0.271,476.7,Normal,ACC000693
20,565.77,0.201,899.4,Normal,ACC004439
4,3851.59,0.338,1094.0,Normal,ACC001360
8,5709.72,0.222,420.1,Normal,ACC001899
13,1497.07,0.577,307.8,Normal,ACC003200
8,18444.79,0.414,1279.7,Normal,ACC005734
23,5120.09,0.447,1407.1,Normal,ACC003747
0,17687.24,0.175,1289.3,Normal,ACC008212
20,14696.24,0.507,459.9,Normal,ACC001429
25,17937.24,0.164,555.7,Normal,ACC000172
8,1146.1,0.234,739.9,Normal,ACC004341
17,16864.24,0.29,1044.3,Normal,ACC007503
4,15263.08,0.289,438.2,Normal,ACC000152
22,1168.59,0.464,1365.2,Normal,ACC007390
29,8341.56,0.422,846.8,Normal,ACC002580
5,3610.1,0.18,213.0,Normal,ACC000898
29,1093.26,0.264,1318.8,Normal,ACC002805
13,18522.26,0.112,887.5,Normal,ACC002204
2,18475.99,0.118,1250.1,Normal,ACC003936
19,8068.97,0.243,1051.4,Normal,ACC008300
13,16199.82,0.525,501.7,Normal,ACC001691
27,3843.07,0.336,1297.1,Normal,ACC007615
660,44179.3,0.605,1492.3,Legitimate_Awakening,ACC009286
25,14156.78,0.479,259.7,Normal,ACC001711
13,6133.98,0.588,1424.5,Normal,ACC005928
20,8271.9,0.185,456.2,Normal,ACC002481
955,129366.41,0.997,40.1,Dormant_Mule,ACC009937
17,9073.09,0.475,965.2,Normal,ACC008175
9,10357.42,0.172,943.7,Normal,ACC001006
22,4018.91,0.12,895.7,Normal,ACC007713
17,16224.95,0.187,264.8,Normal,ACC006467
5,14921.35,0.115,1037.2,Normal,ACC007379
19,18522.99,0.48,699.6,Normal,ACC008512
5,8311.91,0.433,1188.5,Normal,ACC004861
2,3916.87,0.487,1369.8,Normal,ACC003393
3,14265.4,0.45,1431.7,Normal,ACC006627
8,15096.43,0.268,632.5,Normal,ACC008684
5,5792.3,0.56,426.9,Normal,ACC007288
186,29342.63,0.558,1117.2,Legitimate_Awakening,ACC009281
26,9285.46,0.106,855.0,Normal,ACC002536
27,10619.28,0.403,1391.0,Normal,ACC002460
9,17536.72,0.163,1263.9,Normal,ACC001709
17,13256.66,0.168,502.9,Normal,ACC005568
17,10764.67,0.434,327.5,Normal,ACC007499
10,17067.2,0.34,612.6,Normal,ACC002084
10,14996.99,0.366,1256.1,Normal,ACC001453
22,4557.7,0.292,838.1,Normal,ACC005190
14,8215.56,0.194,861.4,Normal,ACC003727
6,12362.44,0.267,1211.2,Normal,ACC004595
7,3479.35,0.391,915.1,Normal,ACC005011
16,19068.32,0.121,470.2,Normal,ACC000832
16,10900.09,0.529,1092.5,Normal,ACC003326
16,10527.82,0.499,1218.9,Normal,ACC005977
14,1810.34,0.457,1048.1,Normal,ACC004203
1,7171.76,0.384,190.6,Normal,ACC005494
25,6395.7,0.593,479.0,Normal,ACC004149
486,477357.52,0.992,38.7,Dormant_Mule,ACC009900
395,59834.31,0.342,2378.5,Legitimate_Awakening,ACC009374
7,883.94,0.445,1353.6,Normal,ACC004052
23,6101.16,0.248,428.4,Normal,ACC000303
8,15907.14,0.43,1250.7,Normal,ACC004065
22,6017.48,0.219,1275.2,Normal,ACC002893
13,6241.4,0.374,956.9,Normal,ACC004857
1,12342.83,0.1,1183.2,Normal,ACC003983
26,8378.39,0.108,901.0,Normal,ACC003545
29,832.11,0.391,1282.6,Normal,ACC006796
22,9929.76,0.302,609.9,Normal,ACC005025
12,19504.88,0.444,1301.4,Normal,ACC003990
15,9036.74,0.215,504.4,Normal,ACC001902
21,9805.49,0.273,787.7,Normal,ACC007958
27,12763.03,0.481,1130.2,Normal,ACC001954
1,15328.27,0.356,1049.4,Normal,ACC001032
5,15667.68,0.581,547.2,Normal,ACC007145
19,11467.75,0.162,225.7,Normal,ACC004628
6,4485.87,0.223,1351.6,Normal,ACC004504
21,19453.75,0.573,613.2,Normal,ACC005574
6,2044.13,0.344,535.2,Normal,ACC002424
19,17223.42,0.132,1378.3,Normal,ACC005448
6,11090.72,0.251,992.3,Normal,ACC007025
19,8686.7,0.556,580.8,Normal,ACC005119
551,45163.95,0.457,1494.9,Legitimate_Awakening,ACC009076
4,15490.76,0.519,383.0,Normal,ACC004431
7,14816.16,0.166,421.3,Normal,ACC006569
27,5711.43,0.21,293.6,Normal,ACC000764
14,4708.82,0.523,667.4,Normal,ACC003683
322,42517.41,0.364,1306.3,Legitimate_Awakening,ACC009645
23,7007.32,0.171,979.2,Normal,ACC000003
28,12722.0,0.397,160.9,Normal,ACC005257
19,10095.06,0.498,427.0,Normal,ACC001188
29,6087.55,0.395,160.3,Normal,ACC000082
19,7276.39,0.318,642.7,Normal,ACC000994
5,19725.72,0.49,635.1,Normal,ACC001763
19,15450.88,0.248,148.2,Normal,ACC003845
5,794.59,0.13,781.2,Normal,ACC008294
29,3071.11,0.354,1034.0,Normal,ACC004196
4,7675.99,0.435,417.5,Normal,ACC005149
24,12577.81,0.207,1348.8,Normal,ACC007911
20,15164.86,0.178,336.8,Normal,ACC005545
7,7693.25,0.247,1213.1,Normal,ACC004377
24,13818.15,0.326,1062.2,Normal,ACC000209
893,169746.84,0.989,17.4,Dormant_Mule,ACC009867
1,1776.54,0.401,1437.5,Normal,ACC007238
27,694.1,0.336,685.8,Normal,ACC005047
26,9016.09,0.426,189.7,Normal,ACC004697
5,7452.85,0.516,178.5,Normal,ACC003776
11,1103.93,0.237,163.3,Normal,ACC002254
25,9963.17,0.175,975.7,Normal,ACC001698
4,11653.66,0.536,972.0,Normal,ACC004554
4,4988.61,0.35,875.0,Normal,ACC000067
3,15299.48,0.279,268.0,Normal,ACC008019
0,4607.59,0.373,357.4,Normal,ACC003982
25,9858.38,0.291,527.0,Normal,ACC005783
25,5270.77,0.311,1227.3,Normal,ACC001589
4,10466.72,0.402,728.4,Normal,ACC001319
29,10194.91,0.409,1267.0,Normal,ACC000411
341,45666.95,0.476,2746.0,Legitimate_Awakening,ACC009267
3,5999.83,0.374,229.8,Normal,ACC003829
8,4959.54,0.578,315.6,Normal,ACC000809
15,6781.2,0.443,404.9,Normal,ACC004365
26,16879.67,0.441,1150.4,Normal,ACC007625
639,31244.92,0.536,2338.0,Legitimate_Awakening,ACC009585
24,2607.34,0.241,901.0,Normal,ACC008149
16,11947.83,0.116,1324.8,Normal,ACC000235
305,28858.87,0.458,2111.1,Legitimate_Awakening,ACC009083
8,6905.73,0.449,1199.6,Normal,ACC006638
253,55879.3,0.303,645.5,Legitimate_Awakening,ACC009226
0,6583.69,0.341,788.8,Normal,ACC000841
18,9586.24,0.167,681.5,Normal,ACC007343
14,12402.36,0.112,273.7,Normal,ACC001226
525,53822.91,0.562,558.5,Legitimate_Awakening,ACC009020
434,38088.66,0.529,2010.4,Legitimate_Awakening,ACC009620
621,50769.36,0.302,589.9,Legitimate_Awakening,ACC009566
22,12714.56,0.459,308.3,Normal,ACC005449
17,5591.97,0.149,933.0,Normal,ACC003351
7,15510.06,0.588,877.1,Normal,ACC001412
21,15187.15,0.235,832.2,Normal,ACC000528
23,19463.0,0.359,930.7,Normal,ACC001436
676,19879.11,0.383,1866.2,Legitimate_Awakening,ACC009089
10,16013.12,0.339,292.8,Normal,ACC001929
25,11085.84,0.591,1166.3,Normal,ACC008096
25,9730.46,0.31,1290.9,Normal,ACC006436
457,31282.88,0.664,1501.6,Legitimate_Awakening,ACC009189
19,19541.89,0.581,1412.4,Normal,ACC004312
29,10507.2,0.458,1404.7,Normal,ACC001492
25,5352.22,0.22,797.4,Normal,ACC007414
27,9135.58,0.259,1074.7,Normal,ACC002818
29,10498.57,0.565,1093.0,Normal,ACC004199
1,13401.83,0.589,614.1,Normal,ACC000410
337,25897.06,0.378,1819.3,Legitimate_Awakening,ACC009464
21,19015.98,0.27,262.8,Normal,ACC003074
17,5725.95,0.556,955.8,Normal,ACC001633
23,11166.86,0.561,1329.9,Normal,ACC006617
5,19599.9,0.256,1382.4,Normal,ACC008197
11,11711.62,0.44,568.3,Normal,ACC005820
1,19213.94,0.15,756.6,Normal,ACC004409
7,1116.49,0.487,188.7,Normal,ACC004075
15,11954.6,0.545,1357.9,Normal,ACC003070
13,10754.44,0.359,879.1,Normal,ACC006766
18,7779.45,0.309,516.8,Normal,ACC003632
8,4904.31,0.459,766.9,Normal,ACC005542
25,12032.44,0.114,876.9,Normal,ACC004764
0,13813.5,0.57,995.8,Normal,ACC003507
0,10224.98,0.499,200.8,Normal,ACC006405
5,1967.81,0.137,378.5,Normal,ACC003459
17,14549.13,0.45,549.6,Normal,ACC006799
21,18963.49,0.524,902.1,Normal,ACC008067
0,1675.8,0.237,421.8,Normal,ACC007669
8,14058.67,0.279,334.4,Normal,ACC008336
24,3479.28,0.19,416.6,Normal,ACC008721
21,6489.34,0.53,1386.5,Normal,ACC001316
12,4810.74,0.589,1107.6,Normal,ACC000526
2,3301.12,0.556,1003.0,Normal,ACC005676
28,11088.97,0.129,593.8,Normal,ACC006454
330,24480.63,0.64,1716.2,Legitimate_Awakening,ACC009705
303,34079.94,0.571,1645.9,Legitimate_Awakening,ACC009391
9,12902.04,0.573,393.2,Normal,ACC005200
23,6412.64,0.235,151.3,Normal,ACC005744
26,6326.27,0.546,138.0,Normal,ACC001174
1,14152.53,0.598,164.4,Normal,ACC005987
25,1965.29,0.167,971.1,Normal,ACC002106
7,2317.32,0.305,335.6,Normal,ACC001126
28,1828.13,0.209,1354.7,Normal,ACC001230
8,8399.14,0.455,1402.8,Normal,ACC006747
13,15655.48,0.235,1191.7,Normal,ACC002274
10,9694.96,0.277,589.6,Normal,ACC005051
27,17358.55,0.256,551.4,Normal,ACC005380
18,16014.37,0.367,412.3,Normal,ACC008585
6,13101.55,0.379,1157.0,Normal,ACC007616
28,1166.66,0.593,282.3,Normal,ACC000400
27,5149.33,0.571,916.9,Normal,ACC002136
2,15649.18,0.494,943.3,Normal,ACC005280
655,22849.74,0.636,2658.6,Legitimate_Awakening,ACC009595
431,28381.8,0.662,438.4,Legitimate_Awakening,ACC008866
4,14130.21,0.328,821.1,Normal,ACC003919
2,9376.08,0.331,685.4,Normal,ACC004421
20,8831.8,0.149,1102.9,Normal,ACC008310
18,15976.42,0.482,1096.9,Normal,ACC007901
1,13678.39,0.413,942.1,Normal,ACC005788
27,6560.44,0.4,433.8,Normal,ACC004521
536,18424.23,0.66,2749.5,Legitimate_Awakening,ACC008938
8,4140.34,0.303,1084.3,Normal,ACC004188
29,18690.92,0.561,783.1,Normal,ACC001432
27,12552.01,0.417,422.1,Normal,ACC000489
24,8176.76,0.326,1096.4,Normal,ACC008214
22,16432.28,0.433,1090.7,Normal,ACC005926
18,18581.79,0.146,246.5,Normal,ACC006657
472,32011.71,0.477,2529.1,Legitimate_Awakening,ACC009284
29,10930.64,0.33,1318.1,Normal,ACC004494
26,13521.75,0.279,732.9,Normal,ACC008254
24,10646.75,0.565,1350.8,Normal,ACC004168
23,6718.73,0.306,1323.5,Normal,ACC008769
3,8486.44,0.49,1138.0,Normal,ACC002033
483,290736.33,0.957,22.5,Dormant_Mule,ACC009990
26,17740.18,0.149,957.3,Normal,ACC004679
9,14132.01,0.23,1082.5,Normal,ACC005427
20,5954.75,0.369,1041.7,Normal,ACC007083
20,2580.46,0.559,1301.8,Normal,ACC006325
9,5020.03,0.315,1063.6,Normal,ACC005533
3,1259.29,0.519,937.8,Normal,ACC000969
16,13022.5,0.575,393.4,Normal,ACC004281
271,35863.77,0.601,1327.3,Legitimate_Awakening,ACC009203
12,10556.31,0.423,1394.2,Normal,ACC008179
5,12541.34,0.422,473.1,Normal,ACC007985
17,13531.64,0.5,420.4,Normal,ACC005155
4,6061.14,0.496,1315.6,Normal,ACC001915
300,38048.21,0.598,1321.5,Legitimate_Awakening,ACC008939
22,4432.28,0.139,1160.3,Normal,ACC002647
807,376814.76,0.95,13.2,Dormant_Mule,ACC009918
14,13603.14,0.15,622.4,Normal,ACC004082
7,15681.64,0.528,695.0,Normal,ACC003804
13,15418.74,0.574,1066.2,Normal,ACC003563
9,4852.97,0.182,723.3,Normal,ACC005553
6,14444.56,0.42,996.2,Normal,ACC003279
14,19458.19,0.19,401.8,Normal,ACC006752
22,12848.63,0.325,821.1,Normal,ACC001374
17,15969.31,0.28,1359.2,Normal,ACC002586
24,18616.99,0.537,297.6,Normal,ACC003005
27,13341.54,0.483,1236.6,Normal,ACC000719
26,8254.85,0.555,1381.9,Normal,ACC005068
24,6357.08,0.364,734.6,Normal,ACC003813
23,3172.72,0.386,240.6,Normal,ACC004826
11,9418.27,0.432,510.7,Normal,ACC007325
14,4845.37,0.594,322.5,Normal,ACC007544
19,3918.94,0.109,1127.6,Normal,ACC000096
6,11551.68,0.229,798.0,Normal,ACC006221
9,1574.48,0.313,739.1,Normal,ACC001581
11,7122.02,0.173,1252.8,Normal,ACC005955
7,14759.41,0.438,440.8,Normal,ACC005336
20,18862.26,0.413,943.8,Normal,ACC007783
587,51465.07,0.697,2537.7,Legitimate_Awakening,ACC009770
12,10285.88,0.489,1230.6,Normal,ACC002089
25,6758.97,0.31,904.0,Normal,ACC003972
25,4679.71,0.441,1425.6,Normal,ACC007717
15,5132.53,0.271,869.0,Normal,ACC004662
362,23497.29,0.63,1216.0,Legitimate_Awakening,ACC009166
3,19336.88,0.582,705.7,Normal,ACC003134
11,7770.55,0.356,665.2,Normal,ACC000388
13,10642.25,0.405,468.9,Normal,ACC001916
8,2209.03,0.568,851.0,Normal,ACC000469
21,3227.16,0.299,772.9,Normal,ACC005097
251,47335.3,0.532,1920.6,Legitimate_Awakening,ACC009819
26,15089.14,0.381,445.0,Normal,ACC001075
16,9062.47,0.466,1344.2,Normal,ACC006202
188,31697.59,0.589,968.7,Legitimate_Awakening,ACC009628
1,4205.74,0.486,765.5,Normal,ACC005342
11,3608.17,0.265,733.3,Normal,ACC008231
8,19894.59,0.341,1117.9,Normal,ACC002007
7,8042.25,0.587,1258.1,Normal,ACC005703
6,10608.79,0.156,1352.9,Normal,ACC002039
654,56926.05,0.391,1383.4,Legitimate_Awakening,ACC009280
234,23248.26,0.388,1044.3,Legitimate_Awakening,ACC009159
15,628.51,0.504,282.1,Normal,ACC007959
13,9346.0,0.416,831.7,Normal,ACC006687
26,9521.29,0.364,542.7,Normal,ACC007718
17,19632.97,0.195,1166.2,Normal,ACC000792
444,52395.76,0.591,626.6,Legitimate_Awakening,ACC009005
22,1796.91,0.313,286.2,Normal,ACC006830
8,16896.48,0.493,138.2,Normal,ACC008173
14,6221.1,0.117,1196.9,Normal,ACC002827
27,6471.67,0.519,215.5,Normal,ACC002176
26,10404.0,0.364,1190.0,Normal,ACC002139
745,489029.05,0.971,1.1,Dormant_Mule,ACC009886
10,4459.69,0.571,910.5,Normal,ACC000031
11,11473.63,0.336,837.1,Normal,ACC000350
18,17657.32,0.387,159.2,Normal,ACC000654
13,9541.76,0.499,1085.7,Normal,ACC005584
603,49642.46,0.554,2432.6,Legitimate_Awakening,ACC009027
21,17020.59,0.346,1205.7,Normal,ACC003978
19,4924.48,0.332,131.6,Normal,ACC008534
188,59787.63,0.467,1594.4,Legitimate_Awakening,ACC009841
24,5029.82,0.211,1099.2,Normal,ACC006727
9,14604.94,0.168,1223.6,Normal,ACC001743
26,2595.69,0.493,268.5,Normal,ACC005668
4,3102.64,0.503,1426.5,Normal,ACC002191
19,5190.43,0.358,872.0,Normal,ACC003344
349,51626.66,0.396,1097.3,Legitimate_Awakening,ACC009160
7,12004.23,0.488,1160.0,Normal,ACC005814
545,16669.6,0.659,2772.9,Legitimate_Awakening,ACC008863
607,28350.54,0.425,1837.1,Legitimate_Awakening,ACC009659
25,14075.04,0.291,1204.8,Normal,ACC000950
29,7256.77,0.398,1401.7,Normal,ACC003184
536,44478.58,0.342,2623.5,Legitimate_Awakening,ACC009221
25,18275.99,0.147,850.3,Normal,ACC007811
29,15637.66,0.165,866.4,Normal,ACC001114
3,4701.16,0.53,708.4,Normal,ACC006198
8,6942.96,0.27,1425.5,Normal,ACC000633
23,5413.83,0.322,967.8,Normal,ACC008583
24,11612.31,0.208,310.8,Normal,ACC007215
24,11241.72,0.143,659.2,Normal,ACC000319
22,1751.74,0.247,887.9,Normal,ACC005480
20,1210.3,0.551,216.8,Normal,ACC001986
19,19789.73,0.183,181.6,Normal,ACC002135
24,1870.39,0.352,698.6,Normal,ACC007658
0,8358.5,0.461,1022.9,Normal,ACC004699
4,8475.65,0.362,298.0,Normal,ACC003973
15,2776.7,0.343,659.2,Normal,ACC007479
29,16888.77,0.262,1227.0,Normal,ACC002951
19,10123.03,0.158,698.1,Normal,ACC003211
29,10891.36,0.48,1127.2,Normal,ACC003190
0,17861.43,0.105,1408.7,Normal,ACC006338
428,32944.88,0.692,396.3,Legitimate_Awakening,ACC009344
512,26217.23,0.39,433.5,Legitimate_Awakening,ACC008947
7,2178.06,0.128,1278.8,Normal,ACC004256
27,13584.15,0.303,219.9,Normal,ACC008615
28,6692.31,0.23,235.6,Normal,ACC001127
19,11192.47,0.146,618.3,Normal,ACC004810
29,18529.94,0.513,561.0,Normal,ACC003381
4,16673.38,0.547,365.6,Normal,ACC005630
16,6808.83,0.528,903.6,Normal,ACC003376
15,4763.06,0.328,1245.1,Normal,ACC006379
7,5855.42,0.237,519.5,Normal,ACC003187
24,6861.3,0.478,639.8,Normal,ACC001475
14,18888.18,0.311,618.1,Normal,ACC000742
24,18428.05,0.188,402.4,Normal,ACC000791
9,10088.33,0.459,801.9,Normal,ACC006811
15,2769.95,0.328,1419.3,Normal,ACC006412
18,15081.99,0.505,666.3,Normal,ACC000980
21,4765.9,0.379,653.1,Normal,ACC000039
22,18215.04,0.213,842.1,Normal,ACC003496
259,58748.63,0.508,596.1,Legitimate_Awakening,ACC009520
25,17725.68,0.18,568.2,Normal,ACC003257
12,7522.77,0.333,1030.7,Normal,ACC002680
12,7992.03,0.119,160.9,Normal,ACC000684
9,3049.33,0.208,986.2,Normal,ACC003283
5,7496.68,0.306,1222.5,Normal,ACC006533
18,3985.06,0.336,1352.3,Normal,ACC008716
365,43949.24,0.503,865.1,Legitimate_Awakening,ACC009062
16,1994.44,0.398,1265.2,Normal,ACC007497
24,12637.81,0.262,723.7,Normal,ACC005989
21,17317.71,0.364,257.5,Normal,ACC007852
13,12595.91,0.422,614.2,Normal,ACC005844
13,5553.39,0.563,1348.9,Normal,ACC007378
18,5038.43,0.428,738.8,Normal,ACC007281
6,19753.22,0.459,987.9,Normal,ACC004419
19,9912.91,0.489,1008.2,Normal,ACC001160
22,3545.46,0.153,1022.1,Normal,ACC003848
22,13777.89,0.193,475.6,Normal,ACC002207
12,14472.71,0.58,337.8,Normal,ACC006269
673,16759.03,0.662,1635.9,Legitimate_Awakening,ACC009414
27,3507.34,0.278,354.3,Normal,ACC004324
387,61579.38,0.999,14.0,Dormant_Mule,ACC009862
9,655.54,0.517,801.5,Normal,ACC008307
18,15120.47,0.435,485.4,Normal,ACC005268
28,11243.76,0.58,848.9,Normal,ACC005958
6,3574.39,0.187,1124.2,Normal,ACC002323
246,37310.86,0.346,525.4,Legitimate_Awakening,ACC009095
6,6353.29,0.454,255.7,Normal,ACC006104
24,16716.97,0.428,792.6,Normal,ACC007748
2,7879.8,0.264,753.4,Normal,ACC007639
20,6098.61,0.523,274.1,Normal,ACC005894
5,15854.24,0.2,544.6,Normal,ACC007697
998,80405.93,0.976,34.0,Dormant_Mule,ACC009930
24,3259.66,0.541,888.8,Normal,ACC002177
3,7483.72,0.595,1023.3,Normal,ACC001246
18,2955.0,0.529,450.8,Normal,ACC005608
26,18695.01,0.535,676.8,Normal,ACC001971
29,4988.41,0.483,993.1,Normal,ACC005736
19,3704.99,0.5,202.7,Normal,ACC007217
16,3874.71,0.408,864.0,Normal,ACC006977
24,9132.22,0.208,516.4,Normal,ACC007651
20,19770.6,0.508,1304.7,Normal,ACC005745
21,16589.77,0.147,805.9,Normal,ACC007605
21,5700.17,0.462,1278.5,Normal,ACC000762
806,116768.47,0.976,42.1,Dormant_Mule,ACC009940
23,15919.33,0.472,484.0,Normal,ACC007278
11,14928.18,0.354,270.2,Normal,ACC008740
20,9201.27,0.428,691.6,Normal,ACC008563
26,946.18,0.316,683.3,Normal,ACC007963
27,15972.16,0.107,1282.1,Normal,ACC008350
9,9694.75,0.268,614.1,Normal,ACC007199
22,17308.82,0.286,614.8,Normal,ACC007821
9,10345.06,0.544,592.8,Normal,ACC002444
21,7179.21,0.577,439.9,Normal,ACC004593
17,6440.4,0.372,147.0,Normal,ACC002808
25,4844.31,0.164,701.3,Normal,ACC003589
27,1066.18,0.467,1165.0,Normal,ACC006867
11,12945.38,0.275,1345.5,Normal,ACC001775
27,4389.44,0.231,1104.2,Normal,ACC003905
12,12164.56,0.232,816.5,Normal,ACC002665
7,13819.33,0.44,960.9,Normal,ACC007226
19,13080.87,0.187,1032.0,Normal,ACC000050
24,17620.7,0.403,446.2,Normal,ACC000854
6,8063.51,0.528,1095.4,Normal,ACC008484
15,12140.43,0.505,687.2,Normal,ACC001280
9,6658.48,0.204,663.2,Normal,ACC008674
11,14449.53,0.448,894.0,Normal,ACC004609
22,6223.8,0.175,606.5,Normal,ACC004616
13,6289.89,0.148,1301.0,Normal,ACC007421
187,25455.03,0.628,732.4,Legitimate_Awakening,ACC009142
29,16847.88,0.427,483.6,Normal,ACC002009
16,7339.38,0.479,888.8,Normal,ACC002319
22,1257.93,0.36,339.4,Normal,ACC007688
371,24083.15,0.544,534.6,Legitimate_Awakening,ACC009218
8,4330.42,0.427,1024.0,Normal,ACC003713
22,15199.85,0.273,693.7,Normal,ACC006419
28,12961.13,0.303,1402.4,Normal,ACC004308
18,11753.64,0.181,317.1,Normal,ACC008619
863,55472.65,0.959,36.6,Dormant_Mule,ACC009961
11,12599.14,0.33,375.8,Normal,ACC004386
2,12244.0,0.261,1145.5,Normal,ACC001603
16,5419.25,0.178,1377.8,Normal,ACC002711
356,45873.05,0.52,1841.2,Legitimate_Awakening,ACC009315
25,4479.26,0.246,1108.2,Normal,ACC001404
18,18509.08,0.598,911.8,Normal,ACC004933
5,2423.82,0.41,309.7,Normal,ACC002912
12,19529.54,0.501,1386.6,Normal,ACC000497
19,17904.9,0.37,1185.8,Normal,ACC000034
7,8048.0,0.553,507.5,Normal,ACC004193
17,2404.39,0.497,1209.1,Normal,ACC004631
10,5022.97,0.295,904.7,Normal,ACC000448
424,41385.19,0.376,1010.1,Legitimate_Awakening,ACC009613
968,169717.38,0.971,37.8,Dormant_Mule,ACC009959
25,19164.13,0.314,747.1,Normal,ACC001406
13,6182.4,0.313,461.2,Normal,ACC007330
2,8483.04,0.216,1412.7,Normal,ACC006392
21,5032.17,0.545,1199.7,Normal,ACC008088
19,13646.75,0.502,990.1,Normal,ACC002417
16,14919.76,0.313,560.5,Normal,ACC001927
14,17959.36,0.28,499.4,Normal,ACC008359
5,6049.05,0.505,365.7,Normal,ACC005554
23,12979.82,0.16,423.0,Normal,ACC008636
27,15344.43,0.268,961.9,Normal,ACC006170
28,17413.0,0.288,586.0,Normal,ACC008202
17,14200.45,0.55,416.1,Normal,ACC008101
4,10363.9,0.422,1320.7,Normal,ACC006148
20,1861.42,0.378,447.2,Normal,ACC004552
664,30970.69,0.592,1843.1,Legitimate_Awakening,ACC009703
190,16123.7,0.677,480.8,Legitimate_Awakening,ACC009364
8,15097.39,0.241,1193.0,Normal,ACC003307
28,18648.11,0.112,1039.6,Normal,ACC001575
17,3425.47,0.352,400.3,Normal,ACC004667
20,972.19,0.257,290.2,Normal,ACC008435
25,13652.0,0.247,817.9,Normal,ACC006047
17,19989.62,0.411,688.9,Normal,ACC001825
24,8589.1,0.294,990.8,Normal,ACC001206
23,5089.97,0.347,1327.6,Normal,ACC001608
3,8796.01,0.354,440.0,Normal,ACC000196
476,33497.71,0.643,1417.2,Legitimate_Awakening,ACC009252
1,13423.71,0.548,452.1,Normal,ACC008358
1,931.76,0.573,1039.5,Normal,ACC000920
5,3094.95,0.188,1175.2,Normal,ACC008392
4,908.22,0.258,195.1,Normal,ACC001198
4,19075.74,0.558,227.6,Normal,ACC005314
391,41301.91,0.51,768.1,Legitimate_Awakening,ACC009276
21,3880.19,0.343,274.3,Normal,ACC001064
22,2782.6,0.163,367.5,Normal,ACC006218
8,11346.64,0.277,1225.1,Normal,ACC005605
7,1812.22,0.132,460.1,Normal,ACC007824
3,16552.91,0.152,420.2,Normal,ACC002811
23,19394.34,0.385,430.4,Normal,ACC004975
3,972.34,0.273,1184.9,Normal,ACC007130
19,7134.22,0.103,753.0,Normal,ACC002181
19,17339.18,0.394,615.4,Normal,ACC000704
14,12785.67,0.27,517.5,Normal,ACC002548
337,49787.1,0.432,2705.0,Legitimate_Awakening,ACC009051
1,6438.2,0.112,125.2,Normal,ACC001897
18,14743.32,0.244,193.3,Normal,ACC007871
12,964.22,0.126,1385.5,Normal,ACC004022
17,2386.29,0.501,832.6,Normal,ACC006464
12,13356.95,0.458,346.5,Normal,ACC008841
8,19371.21,0.151,777.0,Normal,ACC004589
25,2354.39,0.168,1166.5,Normal,ACC005015
17,6802.28,0.259,712.1,Normal,ACC002674
249,15476.63,0.413,1522.2,Legitimate_Awakening,ACC008995
27,16984.03,0.347,777.8,Normal,ACC004711
23,15971.44,0.193,1331.4,Normal,ACC000437
10,18875.7,0.593,236.9,Normal,ACC003058
0,9527.28,0.184,144.5,Normal,ACC005069
6,2941.12,0.443,688.0,Normal,ACC000355
698,17905.69,0.681,1966.4,Legitimate_Awakening,ACC009625
11,649.45,0.413,879.5,Normal,ACC008374
26,15664.33,0.145,357.0,Normal,ACC006205
28,3984.77,0.392,998.1,Normal,ACC003642
568,36250.36,0.415,2845.8,Legitimate_Awakening,ACC008952
903,468215.64,0.983,6.0,Dormant_Mule,ACC009910
7,9933.94,0.326,1076.8,Normal,ACC006143
19,8786.59,0.291,1069.2,Normal,ACC001441
570,31254.12,0.4,1786.0,Legitimate_Awakening,ACC009550
8,5426.6,0.36,809.0,Normal,ACC001025
9,8019.6,0.365,910.5,Normal,ACC003568
10,17557.87,0.391,812.4,Normal,ACC004661
587,41767.15,0.681,1969.4,Legitimate_Awakening,ACC009329
27,10661.38,0.588,334.4,Normal,ACC003620
13,7043.19,0.328,339.8,Normal,ACC007996
26,13495.32,0.391,764.1,Normal,ACC003606
694,39835.26,0.534,2299.6,Legitimate_Awakening,ACC009823
13,11867.81,0.53,943.9,Normal,ACC007742
3,14720.09,0.445,270.4,Normal,ACC003998
14,4435.0,0.554,1123.7,Normal,ACC001458
26,8057.54,0.407,193.9,Normal,ACC003656
1,1930.6,0.432,905.9,Normal,ACC001330
28,4552.95,0.507,1100.5,Normal,ACC002073
25,17874.41,0.348,1208.6,Normal,ACC002708
15,9426.11,0.157,916.3,Normal,ACC005206
24,7851.89,0.179,894.2,Normal,ACC008051
1,18158.73,0.18,157.7,Normal,ACC003846
27,14198.07,0.38,132.9,Normal,ACC000363
6,12971.76,0.158,1084.9,Normal,ACC006137
21,15199.61,0.541,346.4,Normal,ACC006414
22,6081.37,0.33,375.4,Normal,ACC002103
29,6853.58,0.196,853.3,Normal,ACC001415
15,11464.49,0.571,796.2,Normal,ACC004467
15,15358.0,0.578,999.8,Normal,ACC005900
24,16152.2,0.125,910.0,Normal,ACC007147
4,6957.73,0.114,713.9,Normal,ACC005042
29,11247.62,0.319,1227.7,Normal,ACC001037
621,38312.16,0.593,2180.6,Legitimate_Awakening,ACC009514
13,9613.5,0.178,731.0,Normal,ACC006432
6,8080.98,0.166,466.5,Normal,ACC001527
303,17406.99,0.368,375.1,Legitimate_Awakening,ACC009235
19,13536.2,0.237,146.0,Normal,ACC008556
11,7421.03,0.126,161.9,Normal,ACC000987
23,2221.42,0.598,1304.4,Normal,ACC004084
8,4725.39,0.185,120.2,Normal,ACC003363
21,1739.27,0.412,799.3,Normal,ACC007858
16,8604.74,0.229,1264.5,Normal,ACC001663
8,3697.99,0.319,1076.8,Normal,ACC000373
506,43349.47,0.465,1603.2,Legitimate_Awakening,ACC009619
19,14722.24,0.285,982.5,Normal,ACC004724
9,17667.21,0.126,852.5,Normal,ACC004153
19,14612.08,0.56,550.1,Normal,ACC006899
26,13535.07,0.421,310.6,Normal,ACC008259
314,37546.42,0.511,2289.3,Legitimate_Awakening,ACC009073
15,15617.07,0.271,948.5,Normal,ACC001373
16,19173.38,0.433,255.3,Normal,ACC008004
21,1822.03,0.462,1183.9,Normal,ACC002464
22,2922.62,0.39,998.0,Normal,ACC002825
27,17735.9,0.408,292.0,Normal,ACC003372
16,6439.93,0.49,1342.2,Normal,ACC005947
0,11637.17,0.238,816.4,Normal,ACC008466
15,1782.47,0.572,937.2,Normal,ACC004835
17,12365.58,0.549,649.9,Normal,ACC004901
25,18859.89,0.492,730.4,Normal,ACC001059
5,7671.77,0.416,956.3,Normal,ACC000046
184,38497.28,0.59,1941.2,Legitimate_Awakening,ACC008943
27,7625.42,0.335,471.8,Normal,ACC003794
11,11897.87,0.32,518.9,Normal,ACC004573
9,10923.9,0.198,339.4,Normal,ACC001390
16,19039.98,0.481,876.0,Normal,ACC008692
7,13583.39,0.229,1010.5,Normal,ACC000657
4,14727.32,0.419,1291.1,Normal,ACC000025
20,1301.44,0.348,136.9,Normal,ACC004619
12,18248.93,0.159,362.3,Normal,ACC008443
20,1147.19,0.252,982.2,Normal,ACC000618
24,4542.6,0.57,1040.4,Normal,ACC004850
14,9695.74,0.306,580.5,Normal,ACC000202
6,12170.35,0.165,1073.6,Normal,ACC008170
0,6753.64,0.429,942.5,Normal,ACC002985
1,14825.76,0.564,950.3,Normal,ACC004606
2,16453.14,0.556,386.9,Normal,ACC004301
17,11162.35,0.472,567.6,Normal,ACC003266
12,18235.23,0.152,1427.8,Normal,ACC005343
16,10251.22,0.545,719.4,Normal,ACC005303
4,15434.24,0.446,1394.6,Normal,ACC001297
5,19859.88,0.439,1083.7,Normal,ACC003891
6,12998.83,0.333,370.7,Normal,ACC001196
10,5485.02,0.367,489.9,Normal,ACC007739
23,15226.15,0.207,1410.2,Normal,ACC003707
7,8461.53,0.391,1051.9,Normal,ACC006002
16,10524.57,0.515,705.8,Normal,ACC002523
10,14015.25,0.469,752.7,Normal,ACC008827
669,59139.76,0.305,1558.0,Legitimate_Awakening,ACC009481
414,22054.64,0.537,1306.0,Legitimate_Awakening,ACC009335
26,12783.22,0.376,1191.7,Normal,ACC005179
231,37444.58,0.434,1966.0,Legitimate_Awakening,ACC009828
12,16598.51,0.303,1026.7,Normal,ACC008491
13,9243.41,0.419,400.1,Normal,ACC008641
12,16658.67,0.166,1336.8,Normal,ACC005176
4,17228.23,0.252,374.3,Normal,ACC001491
1,18310.74,0.47,601.8,Normal,ACC005907
12,19565.4,0.154,1350.2,Normal,ACC002546
15,19437.4,0.185,1140.0,Normal,ACC007188
11,9423.18,0.536,233.5,Normal,ACC008052
23,6650.43,0.444,697.6,Normal,ACC000503
29,18132.1,0.167,1331.8,Normal,ACC006187
686,36427.01,0.479,2241.2,Legitimate_Awakening,ACC009489
28,8213.77,0.338,255.8,Normal,ACC005058
26,13797.71,0.409,527.8,Normal,ACC007364
27,17551.56,0.463,449.4,Normal,ACC006852
16,6745.56,0.596,899.3,Normal,ACC008749
16,17015.89,0.547,202.4,Normal,ACC000710
17,16123.68,0.337,971.5,Normal,ACC004839
20,1502.93,0.57,722.0,Normal,ACC008421
11,11605.48,0.538,1345.2,Normal,ACC003146
19,16139.44,0.145,1040.4,Normal,ACC007533
7,14707.71,0.582,1153.1,Normal,ACC005513
2,1898.15,0.525,1214.7,Normal,ACC008625
9,8523.95,0.458,762.9,Normal,ACC003649
16,3818.0,0.19,158.1,Normal,ACC008469
18,5913.44,0.385,450.7,Normal,ACC003744
23,1431.93,0.123,1190.3,Normal,ACC007218
8,11179.5,0.209,153.2,Normal,ACC008176
27,17532.77,0.532,824.7,Normal,ACC007053
5,19194.61,0.111,1095.0,Normal,ACC003755
11,14813.08,0.187,497.1,Normal,ACC003309
376,45328.73,0.36,873.3,Legitimate_Awakening,ACC009654
9,6468.15,0.209,551.9,Normal,ACC003603
22,1691.71,0.428,736.3,Normal,ACC004561
4,6909.6,0.161,735.5,Normal,ACC005579
5,9855.54,0.473,391.0,Normal,ACC002950
19,8919.47,0.291,974.8,Normal,ACC004666
28,15889.4,0.488,1149.0,Normal,ACC006023
18,19659.7,0.19,900.1,Normal,ACC004128
2,19755.4,0.453,504.1,Normal,ACC004698
315,43268.54,0.365,1627.7,Legitimate_Awakening,ACC009427
10,4602.83,0.493,266.3,Normal,ACC007947
8,4775.84,0.117,403.3,Normal,ACC000729
25,16342.9,0.25,847.0,Normal,ACC002923
19,8399.96,0.536,812.6,Normal,ACC004154
18,19817.25,0.233,202.3,Normal,ACC004249
24,15178.88,0.417,1344.5,Normal,ACC007123
29,10570.67,0.33,693.3,Normal,ACC007212
8,13789.53,0.275,400.7,Normal,ACC003531
6,14856.95,0.487,986.2,Normal,ACC002021
11,11703.4,0.471,877.5,Normal,ACC005356
28,3901.71,0.276,615.7,Normal,ACC003759
634,33405.05,0.361,2826.4,Legitimate_Awakening,ACC009219
22,4449.7,0.427,997.6,Normal,ACC007727
20,13198.48,0.15,1236.3,Normal,ACC007636
287,40754.88,0.576,2833.2,Legitimate_Awakening,ACC009107
19,4704.39,0.507,406.6,Normal,ACC001690
20,9482.94,0.226,614.8,Normal,ACC003831
27,3333.67,0.499,1250.7,Normal,ACC003038
25,17099.41,0.327,120.3,Normal,ACC007318
27,5087.07,0.537,321.8,Normal,ACC006400
1,14581.79,0.367,1268.4,Normal,ACC000700
8,18435.06,0.432,531.9,Normal,ACC007730
17,1274.56,0.24,195.4,Normal,ACC007564
451,37610.87,0.573,1601.3,Legitimate_Awakening,ACC009528
14,10395.75,0.563,564.6,Normal,ACC005932
8,16932.88,0.257,1161.4,Normal,ACC000741
2,14432.77,0.309,286.7,Normal,ACC006266
450,19895.19,0.517,550.1,Legitimate_Awakening,ACC009324
27,19026.21,0.575,876.9,Normal,ACC000117
673,48589.84,0.604,2525.5,Legitimate_Awakening,ACC009779
603,28105.81,0.533,2168.7,Legitimate_Awakening,ACC009193
28,16975.07,0.112,1195.1,Normal,ACC000107
24,5288.24,0.506,572.5,Normal,ACC001387
29,9443.89,0.484,901.0,Normal,ACC003323
2,4473.23,0.23,242.1,Normal,ACC001643
7,2874.16,0.397,575.3,Normal,ACC003559
5,16578.08,0.309,216.5,Normal,ACC001796
27,18464.79,0.395,1142.7,Normal,ACC008419
14,3674.42,0.398,318.6,Normal,ACC001055
13,16283.74,0.36,166.7,Normal,ACC008160
4,10851.77,0.581,1358.4,Normal,ACC006721
25,1268.82,0.453,1341.3,Normal,ACC000287
18,15183.13,0.252,485.5,Normal,ACC007309
485,227285.62,0.961,18.8,Dormant_Mule,ACC009861
295,18511.31,0.639,1843.0,Legitimate_Awakening,ACC009112
11,10391.82,0.433,1157.5,Normal,ACC003929
5,19343.15,0.522,815.0,Normal,ACC008279
258,59758.26,0.66,1938.3,Legitimate_Awakening,ACC009743
19,13065.13,0.479,275.7,Normal,ACC003060
18,2700.73,0.367,253.7,Normal,ACC002553
17,7715.53,0.2,498.4,Normal,ACC007494
29,8414.64,0.593,307.1,Normal,ACC008456
29,15496.69,0.313,866.3,Normal,ACC001463
0,6431.99,0.427,763.5,Normal,ACC004253
8,19346.39,0.544,1168.8,Normal,ACC007882
21,1279.73,0.34,911.1,Normal,ACC003574
11,10594.73,0.516,990.4,Normal,ACC002758
5,9793.84,0.5,787.3,Normal,ACC004735
7,3807.67,0.449,416.3,Normal,ACC004660
2,1791.67,0.329,1093.8,Normal,ACC006562
22,5151.29,0.331,368.4,Normal,ACC005364
9,15493.9,0.133,180.5,Normal,ACC000164
7,18973.33,0.413,1154.1,Normal,ACC000370
7,7991.12,0.555,1224.7,Normal,ACC004460
20,17841.99,0.42,534.0,Normal,ACC007152
25,14811.06,0.499,1325.1,Normal,ACC007921
2,16633.69,0.487,1003.5,Normal,ACC006743
29,19001.23,0.31,1197.9,Normal,ACC007349
27,6231.37,0.387,668.5,Normal,ACC005024
3,11222.6,0.41,995.8,Normal,ACC001771
10,6275.4,0.535,144.2,Normal,ACC005092
22,19672.27,0.58,865.0,Normal,ACC005925
15,4988.53,0.552,964.7,Normal,ACC005739
19,2596.22,0.531,330.3,Normal,ACC003585
8,17885.68,0.504,1201.1,Normal,ACC005489
27,15046.44,0.343,596.5,Normal,ACC008348
20,1519.03,0.309,463.4,Normal,ACC000573
902,492965.86,0.958,25.3,Dormant_Mule,ACC009912
14,14679.03,0.487,976.7,Normal,ACC006606
577,52019.17,0.647,2660.3,Legitimate_Awakening,ACC009592
29,16356.3,0.406,1148.4,Normal,ACC002907
15,13811.52,0.226,637.4,Normal,ACC004468
17,6817.89,0.532,1143.8,Normal,ACC005990
22,13132.27,0.131,766.0,Normal,ACC005074
9,16631.9,0.443,824.9,Normal,ACC004802
27,15934.86,0.461,594.0,Normal,ACC006539
8,12614.6,0.37,1057.5,Normal,ACC005136
6,7374.32,0.461,541.4,Normal,ACC001727
5,5190.37,0.436,1210.4,Normal,ACC001138
0,1982.66,0.501,428.3,Normal,ACC006240
7,11690.38,0.383,1279.0,Normal,ACC001240
8,19976.92,0.292,447.1,Normal,ACC008576
2,15775.35,0.212,519.9,Normal,ACC006712
2,9302.05,0.182,1169.1,Normal,ACC000343
358,48801.63,0.367,1544.9,Legitimate_Awakening,ACC009576
686,22285.02,0.601,2364.1,Legitimate_Awakening,ACC009457
24,16173.33,0.543,448.2,Normal,ACC004087
10,5257.75,0.124,893.2,Normal,ACC007346
29,17895.43,0.182,1077.8,Normal,ACC008714
23,13154.37,0.274,508.1,Normal,ACC006495
27,18401.93,0.223,442.3,Normal,ACC005912
13,17876.51,0.261,655.9,Normal,ACC005778
598,32868.12,0.568,611.4,Legitimate_Awakening,ACC009376
9,9689.12,0.538,705.8,Normal,ACC003868
29,19899.89,0.129,1037.4,Normal,ACC000486
11,4731.46,0.161,804.1,Normal,ACC006525
319,49124.94,0.47,629.2,Legitimate_Awakening,ACC009839
267,18646.67,0.62,1951.5,Legitimate_Awakening,ACC009188
16,6827.23,0.482,722.4,Normal,ACC007521
3,18961.31,0.153,324.4,Normal,ACC000871
21,3236.29,0.286,1050.6,Normal,ACC003695
14,5544.88,0.317,1075.0,Normal,ACC000879
20,1331.3,0.439,1292.4,Normal,ACC008819
23,7924.39,0.16,1427.3,Normal,ACC005876
23,1682.52,0.309,1002.8,Normal,ACC006212
6,7801.51,0.474,1186.7,Normal,ACC006822
10,2979.96,0.369,446.8,Normal,ACC006014
19,2616.29,0.362,1121.1,Normal,ACC003938
25,2107.45,0.483,212.1,Normal,ACC002017
17,2235.69,0.356,1332.4,Normal,ACC001934
313,18525.13,0.348,1988.2,Legitimate_Awakening,ACC009838
269,22588.44,0.411,1039.6,Legitimate_Awakening,ACC009139
2,4740.51,0.564,525.2,Normal,ACC003288
4,12785.78,0.529,1154.6,Normal,ACC000959
0,19745.01,0.332,544.7,Normal,ACC007725
6,6004.29,0.238,1173.1,Normal,ACC006775
8,6853.05,0.508,650.2,Normal,ACC007617
1,7322.12,0.481,889.2,Normal,ACC004029
15,19344.98,0.387,1294.7,Normal,ACC003067
4,19849.21,0.34,963.2,Normal,ACC005953
19,11174.59,0.467,577.5,Normal,ACC001133
355,47647.53,0.304,2410.0,Legitimate_Awakening,ACC009093
14,4114.97,0.189,892.6,Normal,ACC008190
18,19317.46,0.414,321.6,Normal,ACC004858
16,17298.19,0.533,133.1,Normal,ACC001345
1,1767.31,0.14,1123.3,Normal,ACC005379
26,11118.68,0.502,530.2,Normal,ACC006066
7,5357.0,0.386,144.2,Normal,ACC004224
19,9794.95,0.596,880.8,Normal,ACC006155
14,2699.03,0.573,819.9,Normal,ACC005758
11,4354.96,0.259,903.4,Normal,ACC001749
29,14114.28,0.334,372.1,Normal,ACC005751
24,5188.74,0.148,211.5,Normal,ACC006402
18,11847.9,0.493,343.4,Normal,ACC004293
9,16598.04,0.189,193.4,Normal,ACC005468
7,13773.39,0.441,555.9,Normal,ACC007223
1,1772.48,0.53,1266.4,Normal,ACC004180
23,14468.36,0.252,1065.1,Normal,ACC008821
17,13951.91,0.383,222.3,Normal,ACC003377
440,23750.81,0.667,814.6,Legitimate_Awakening,ACC009345
12,17355.14,0.328,747.1,Normal,ACC001485
26,14094.15,0.424,483.4,Normal,ACC000979
21,3062.4,0.594,559.6,Normal,ACC006327
13,6242.63,0.598,1039.9,Normal,ACC000137
29,11607.55,0.54,1207.5,Normal,ACC007850
12,18786.81,0.314,1075.1,Normal,ACC006485
26,11641.6,0.227,1177.8,Normal,ACC003110
10,3670.71,0.215,221.1,Normal,ACC004928
12,15262.66,0.576,1318.3,Normal,ACC000360
11,17558.04,0.538,1184.5,Normal,ACC004741
537,20154.79,0.598,2112.4,Legitimate_Awakening,ACC009136
24,10149.36,0.583,1401.3,Normal,ACC005829
15,9865.74,0.431,409.2,Normal,ACC001403
920,454409.25,0.959,19.7,Dormant_Mule,ACC009898
222,33794.39,0.496,1346.3,Legitimate_Awakening,ACC009356
570,18218.34,0.509,349.9,Legitimate_Awakening,ACC009479
3,14894.98,0.49,1135.9,Normal,ACC006106
2,14040.52,0.207,1027.3,Normal,ACC004908
5,15357.79,0.196,535.9,Normal,ACC006087
29,19717.29,0.333,1109.8,Normal,ACC004627
26,10952.49,0.357,175.5,Normal,ACC005780
19,19847.35,0.428,835.6,Normal,ACC003537
9,18420.1,0.435,137.7,Normal,ACC003930
15,4730.65,0.244,854.4,Normal,ACC001095
8,1151.82,0.283,432.9,Normal,ACC002182
365,42283.1,0.519,1054.1,Legitimate_Awakening,ACC009698
20,7036.35,0.501,126.1,Normal,ACC000232
323,37312.15,0.342,564.9,Legitimate_Awakening,ACC009059
6,8647.44,0.24,840.9,Normal,ACC006233
25,11972.34,0.202,784.9,Normal,ACC006398
10,10879.69,0.152,347.7,Normal,ACC001074
21,8380.89,0.538,668.5,Normal,ACC002303
16,16569.94,0.185,637.7,Normal,ACC007297
15,1889.54,0.527,1151.8,Normal,ACC002042
0,1853.23,0.238,915.9,Normal,ACC008497
6,17114.71,0.52,258.2,Normal,ACC008434
383,39680.62,0.341,1888.2,Legitimate_Awakening,ACC008883
16,2039.13,0.196,746.4,Normal,ACC001712
26,5042.96,0.553,168.7,Normal,ACC003304
4,18038.82,0.495,888.2,Normal,ACC003653
9,19946.08,0.115,240.4,Normal,ACC005477
24,9242.0,0.473,851.5,Normal,ACC008223
10,3942.81,0.417,505.0,Normal,ACC004608
18,18184.75,0.395,1094.5,Normal,ACC005310
26,12472.17,0.104,1069.5,Normal,ACC008187
4,17103.36,0.151,405.8,Normal,ACC008480
420,140236.28,0.954,3.1,Dormant_Mule,ACC009860
1,16664.6,0.289,453.6,Normal,ACC008643
26,10798.09,0.41,652.9,Normal,ACC007844
28,850.18,0.137,793.7,Normal,ACC002345
21,19475.49,0.457,754.9,Normal,ACC008794
18,10001.37,0.278,452.0,Normal,ACC002966
23,10666.85,0.548,379.1,Normal,ACC001278
9,11838.94,0.556,913.5,Normal,ACC007638
12,19145.25,0.412,368.7,Normal,ACC006036
22,1770.18,0.49,1117.8,Normal,ACC004046
29,9512.11,0.558,390.7,Normal,ACC006683
15,4340.35,0.41,1169.0,Normal,ACC004789
21,8342.32,0.433,1353.3,Normal,ACC006947
460,59890.94,0.389,2107.0,Legitimate_Awakening,ACC009096
14,6183.44,0.159,982.9,Normal,ACC003639
3,3662.33,0.592,220.3,Normal,ACC002081
19,6384.27,0.334,396.7,Normal,ACC005891
478,53786.82,0.561,608.0,Legitimate_Awakening,ACC009250
26,15843.4,0.579,328.3,Normal,ACC004157
3,19770.83,0.403,1234.6,Normal,ACC006786
19,760.37,0.362,879.7,Normal,ACC008693
25,11484.96,0.247,519.3,Normal,ACC008037
603,46115.0,0.301,1813.8,Legitimate_Awakening,ACC009622
247,59720.72,0.565,2403.3,Legitimate_Awakening,ACC009026
2,2556.74,0.428,1205.2,Normal,ACC000591
11,8474.58,0.187,326.5,Normal,ACC000090
26,10904.98,0.268,558.2,Normal,ACC005439
8,5390.4,0.33,332.3,Normal,ACC008677
7,2065.03,0.403,1255.8,Normal,ACC006673
20,4148.46,0.334,1129.8,Normal,ACC007583
17,8788.79,0.395,486.8,Normal,ACC008333
21,15490.9,0.233,1132.7,Normal,ACC001947
10,14588.0,0.518,646.9,Normal,ACC003149
25,15046.31,0.167,534.5,Normal,ACC006406
1,17116.71,0.327,1269.6,Normal,ACC006108
12,5679.38,0.452,1179.7,Normal,ACC002578
28,18564.46,0.11,749.4,Normal,ACC000712
277,21848.25,0.637,561.6,Legitimate_Awakening,ACC009532
9,19521.95,0.339,1142.6,Normal,ACC007138
14,5941.68,0.181,682.7,Normal,ACC003918
450,57474.82,0.674,1229.2,Legitimate_Awakening,ACC009752
0,15672.76,0.484,227.6,Normal,ACC006261
11,13588.13,0.59,822.2,Normal,ACC004346
23,1307.91,0.269,319.0,Normal,ACC008337
10,6923.11,0.302,1318.3,Normal,ACC007753
26,7423.3,0.449,641.7,Normal,ACC000793
17,830.12,0.361,562.5,Normal,ACC004194
25,13684.76,0.451,1071.6,Normal,ACC002599
5,16031.16,0.56,198.5,Normal,ACC005146
19,2454.71,0.459,1017.4,Normal,ACC002801
4,16125.01,0.392,995.9,Normal,ACC008642
5,12162.94,0.263,361.7,Normal,ACC007942
12,18634.29,0.528,727.7,Normal,ACC005760
6,13543.55,0.428,708.5,Normal,ACC003584
9,5775.88,0.511,1106.3,Normal,ACC008305
23,8062.53,0.523,1424.7,Normal,ACC005121
18,12795.91,0.475,697.3,Normal,ACC002201
272,44151.57,0.554,484.3,Legitimate_Awakening,ACC009488
3,16812.18,0.286,721.1,Normal,ACC006755
590,37095.09,0.339,2669.7,Legitimate_Awakening,ACC009804
16,4481.88,0.224,373.2,Normal,ACC008024
24,14933.15,0.415,845.5,Normal,ACC000864
15,13268.41,0.554,1431.1,Normal,ACC006658
24,7082.2,0.291,1404.3,Normal,ACC005467
28,5295.57,0.193,1075.7,Normal,ACC005817
23,6571.84,0.11,1134.1,Normal,ACC005028
24,19457.55,0.41,1250.6,Normal,ACC006697
20,3869.99,0.272,201.2,Normal,ACC002427
17,2663.26,0.359,637.7,Normal,ACC007488
27,5066.6,0.493,1401.4,Normal,ACC000643
9,13583.31,0.451,281.4,Normal,ACC003828
28,11353.82,0.521,321.7,Normal,ACC005412
2,14820.28,0.16,412.1,Normal,ACC003602
29,15790.58,0.464,666.6,Normal,ACC006449
29,9164.91,0.56,1169.4,Normal,ACC007276
22,1284.69,0.561,379.1,Normal,ACC005910
3,5815.59,0.389,1044.8,Normal,ACC003489
3,10212.77,0.134,654.9,Normal,ACC000266
1,3619.28,0.107,1152.4,Normal,ACC003155
382,320259.89,0.996,23.4,Dormant_Mule,ACC009946
28,5994.86,0.203,1402.3,Normal,ACC006044
5,9993.15,0.567,961.0,Normal,ACC001670
9,13405.31,0.508,1109.4,Normal,ACC001584
9,13057.37,0.241,1421.1,Normal,ACC005382
13,3147.01,0.454,212.8,Normal,ACC004932
12,8483.29,0.407,365.8,Normal,ACC007927
3,18990.75,0.312,572.2,Normal,ACC005656
28,13248.67,0.294,974.3,Normal,ACC002229
15,19693.49,0.13,947.9,Normal,ACC008690
16,17734.8,0.194,809.2,Normal,ACC008665
751,305753.02,0.989,32.5,Dormant_Mule,ACC009982
3,13292.89,0.358,480.0,Normal,ACC005397
289,32539.42,0.494,1830.9,Legitimate_Awakening,ACC009557
18,4687.81,0.193,720.5,Normal,ACC003986
15,14199.82,0.511,1204.7,Normal,ACC008393
483,36419.23,0.597,377.7,Legitimate_Awakening,ACC009644
23,13876.37,0.109,546.5,Normal,ACC000404
22,1380.36,0.22,904.3,Normal,ACC007352
27,14485.78,0.516,1100.4,Normal,ACC002465
760,278449.66,0.956,13.4,Dormant_Mule,ACC009944
26,8828.6,0.509,1256.2,Normal,ACC000036
1,6531.22,0.13,431.6,Normal,ACC006724
5,17226.59,0.565,1143.0,Normal,ACC006854
23,7512.92,0.262,802.5,Normal,ACC004592
3,1330.52,0.585,1051.7,Normal,ACC004753
1,1772.9,0.511,973.1,Normal,ACC001577
20,15118.88,0.225,122.2,Normal,ACC007286
17,16056.67,0.288,723.5,Normal,ACC008752
23,4772.35,0.592,1238.4,Normal,ACC006125
304,18578.22,0.403,901.1,Legitimate_Awakening,ACC009121
29,15775.07,0.276,514.6,Normal,ACC002501
2,8836.4,0.466,563.9,Normal,ACC001945
20,3415.31,0.355,1345.0,Normal,ACC007833
12,13409.19,0.376,481.7,Normal,ACC005044
11,13151.47,0.262,1343.4,Normal,ACC004731
17,4619.99,0.243,975.2,Normal,ACC007391
18,10165.25,0.311,661.9,Normal,ACC002223
0,8112.87,0.136,880.0,Normal,ACC006237
7,8329.57,0.315,1397.5,Normal,ACC003392
5,17612.84,0.131,891.6,Normal,ACC007049
3,2827.93,0.264,1196.8,Normal,ACC001414
347,47427.74,0.37,707.8,Legitimate_Awakening,ACC009699
1,3753.77,0.315,308.2,Normal,ACC000677
590,347100.92,0.968,23.9,Dormant_Mule,ACC009977
217,53552.42,0.388,1901.0,Legitimate_Awakening,ACC009270
9,2403.39,0.22,656.6,Normal,ACC004307
21,13555.0,0.597,993.6,Normal,ACC000458
25,4079.48,0.312,637.4,Normal,ACC003446
1,6240.6,0.379,1342.5,Normal,ACC004623
20,1788.08,0.586,595.3,Normal,ACC001583
1,17028.33,0.475,1357.5,Normal,ACC008531
15,16996.64,0.506,749.0,Normal,ACC003784
8,16911.11,0.58,655.3,Normal,ACC007809
12,12410.24,0.259,1139.6,Normal,ACC005037
11,11968.18,0.228,864.1,Normal,ACC004491
8,4257.48,0.403,1014.3,Normal,ACC001804
22,2891.25,0.317,643.7,Normal,ACC002281
7,5980.47,0.187,621.3,Normal,ACC001040
6,18283.22,0.411,707.3,Normal,ACC005302
23,14637.13,0.369,200.0,Normal,ACC000780
4,18603.25,0.232,437.2,Normal,ACC006820
23,1228.38,0.323,269.3,Normal,ACC002245
10,14769.55,0.476,1106.0,Normal,ACC004626
18,14031.99,0.371,452.4,Normal,ACC000221
13,6233.77,0.455,272.3,Normal,ACC002786
23,18106.8,0.12,800.1,Normal,ACC004787
25,15345.54,0.266,883.2,Normal,ACC006836
0,10580.54,0.38,1006.7,Normal,ACC003915
27,5817.44,0.204,385.5,Normal,ACC007829
1,8638.28,0.581,151.9,Normal,ACC003002
28,5324.6,0.591,1172.1,Normal,ACC007652
19,1650.57,0.553,369.4,Normal,ACC003450
22,2939.94,0.525,574.9,Normal,ACC000837
5,8876.21,0.344,302.2,Normal,ACC003439
29,14114.07,0.392,712.1,Normal,ACC004801
2,6102.85,0.452,614.9,Normal,ACC007827
14,12843.49,0.127,440.8,Normal,ACC002937
10,15333.74,0.175,874.8,Normal,ACC002382
29,17342.23,0.485,872.2,Normal,ACC007013
21,7419.06,0.448,362.7,Normal,ACC008477
3,15551.9,0.358,924.8,Normal,ACC004176
7,8818.75,0.415,166.7,Normal,ACC007610
4,18062.99,0.512,1021.2,Normal,ACC002467
8,741.88,0.334,517.7,Normal,ACC000630
19,15613.23,0.542,198.8,Normal,ACC006875
11,13654.07,0.514,837.5,Normal,ACC007174
4,12526.39,0.413,511.1,Normal,ACC003550
12,12786.83,0.591,1025.1,Normal,ACC005335
28,844.91,0.401,601.5,Normal,ACC000484
11,16658.73,0.492,485.7,Normal,ACC001219
298,48067.49,0.423,1488.9,Legitimate_Awakening,ACC009465
4,18443.58,0.281,524.8,Normal,ACC005651
8,780.27,0.125,911.2,Normal,ACC001695
15,9329.34,0.358,296.1,Normal,ACC003997
13,15654.61,0.478,1197.3,Normal,ACC008124
15,10435.96,0.573,809.4,Normal,ACC007868
4,7382.69,0.411,560.9,Normal,ACC000853
13,9019.88,0.523,456.2,Normal,ACC008546
4,16494.94,0.424,673.0,Normal,ACC001332
1,5160.84,0.401,974.5,Normal,ACC005939
3,7216.35,0.447,1122.6,Normal,ACC002955
4,4955.49,0.589,822.1,Normal,ACC000683
12,15664.03,0.346,1293.8,Normal,ACC004137
22,10012.29,0.525,236.0,Normal,ACC000189
16,1350.27,0.597,740.3,Normal,ACC000068
8,9754.92,0.2,547.8,Normal,ACC006765
8,15022.37,0.306,378.4,Normal,ACC001271
14,12516.97,0.345,726.1,Normal,ACC008465
16,5877.27,0.202,142.1,Normal,ACC001085
0,8512.79,0.491,139.4,Normal,ACC007359
13,11118.83,0.18,1032.4,Normal,ACC001365
16,2934.43,0.457,597.2,Normal,ACC006071
17,12979.15,0.53,1368.4,Normal,ACC002352
3,10056.99,0.155,1324.5,Normal,ACC005885
20,8504.62,0.196,1103.6,Normal,ACC003319
16,14231.02,0.464,1303.8,Normal,ACC003836
24,16658.91,0.534,810.8,Normal,ACC006120
14,5510.92,0.281,1254.5,Normal,ACC006929
28,10047.66,0.145,1105.7,Normal,ACC006208
28,5478.53,0.248,903.8,Normal,ACC000815
23,6856.06,0.178,1055.5,Normal,ACC005743
7,14159.89,0.227,1188.6,Normal,ACC005104
648,39662.14,0.581,782.8,Legitimate_Awakening,ACC009247
27,4576.89,0.597,1141.0,Normal,ACC005621
853,233312.16,0.972,38.4,Dormant_Mule,ACC009921
16,15388.29,0.355,854.9,Normal,ACC003073
9,8702.45,0.198,592.5,Normal,ACC008266
3,3376.71,0.148,137.7,Normal,ACC002883
29,13011.82,0.452,612.7,Normal,ACC000868
18,12508.8,0.398,703.8,Normal,ACC006126
21,7058.21,0.502,261.4,Normal,ACC008451
24,12762.78,0.481,1277.0,Normal,ACC003904
3,8306.06,0.282,1048.7,Normal,ACC004750
28,16707.39,0.196,560.2,Normal,ACC005697
5,15966.92,0.452,154.8,Normal,ACC006919
19,15803.13,0.425,887.6,Normal,ACC006813
17,15598.68,0.422,1269.0,Normal,ACC007764
671,22083.18,0.642,1791.5,Legitimate_Awakening,ACC008862
4,2898.56,0.379,573.0,Normal,ACC000670
9,16621.87,0.154,791.2,Normal,ACC008056
1,951.35,0.258,363.8,Normal,ACC005710
351,57113.32,0.487,1301.7,Legitimate_Awakening,ACC009190
27,17133.68,0.247,628.3,Normal,ACC000071
3,2578.52,0.511,400.1,Normal,ACC008590
25,1188.57,0.473,387.3,Normal,ACC000539
21,13840.71,0.152,810.3,Normal,ACC005642
3,613.91,0.148,393.6,Normal,ACC006678
12,17535.74,0.487,227.2,Normal,ACC007110
5,3457.63,0.223,507.6,Normal,ACC004645
9,16271.4,0.439,945.0,Normal,ACC000848
2,11064.33,0.166,1131.3,Normal,ACC002037
26,10428.14,0.17,1263.4,Normal,ACC001544
27,11810.33,0.26,1385.5,Normal,ACC007795
26,9661.95,0.246,750.4,Normal,ACC006996
10,14530.28,0.321,984.9,Normal,ACC004086
1,14691.93,0.305,953.8,Normal,ACC005686
15,15377.4,0.177,1405.0,Normal,ACC005229
29,3735.15,0.43,532.0,Normal,ACC006007
10,18947.3,0.382,1260.2,Normal,ACC006690
13,17499.05,0.479,1073.9,Normal,ACC005998
13,692.65,0.253,637.9,Normal,ACC005617
2,9693.61,0.172,1059.3,Normal,ACC006708
0,3728.44,0.257,1088.0,Normal,ACC005855
1,19646.99,0.446,1285.8,Normal,ACC001829
29,9848.9,0.595,1067.0,Normal,ACC007702
5,2964.22,0.587,424.4,Normal,ACC002483
26,9916.02,0.587,504.5,Normal,ACC008519
7,7864.01,0.581,549.9,Normal,ACC004943
8,8425.12,0.54,976.3,Normal,ACC001456
10,17428.25,0.467,148.6,Normal,ACC007515
9,5677.23,0.251,474.8,Normal,ACC002858
12,18010.03,0.184,947.3,Normal,ACC006556
503,42398.33,0.395,518.0,Legitimate_Awakening,ACC009715
11,11053.47,0.502,791.7,Normal,ACC001778
21,13577.44,0.423,408.8,Normal,ACC006127
15,5192.19,0.551,886.3,Normal,ACC006589
22,1348.64,0.3,292.1,Normal,ACC004364
455,40550.86,0.351,1246.5,Legitimate_Awakening,ACC009745
6,19444.1,0.275,504.1,Normal,ACC006267
11,12391.72,0.382,622.2,Normal,ACC000421
8,934.88,0.405,605.5,Normal,ACC003156
1,10419.49,0.461,585.6,Normal,ACC001976
399,28480.56,0.355,735.7,Legitimate_Awakening,ACC009777
10,12596.69,0.452,228.7,Normal,ACC005623
13,11215.81,0.321,1291.8,Normal,ACC000121
28,15260.31,0.168,1394.1,Normal,ACC007388
15,7160.48,0.369,727.4,Normal,ACC000166
27,7236.75,0.173,885.5,Normal,ACC005157
639,40533.18,0.514,1335.3,Legitimate_Awakening,ACC008908
1,12730.84,0.39,569.3,Normal,ACC007631
12,3384.27,0.354,974.0,Normal,ACC005234
18,9504.52,0.555,551.3,Normal,ACC002965
8,14845.93,0.598,1134.9,Normal,ACC006424
18,11623.51,0.395,1207.9,Normal,ACC008340
10,9712.39,0.556,1096.4,Normal,ACC008228
674,82889.19,0.974,23.8,Dormant_Mule,ACC009914
12,13364.76,0.262,570.4,Normal,ACC003493
21,5320.35,0.46,445.4,Normal,ACC008341
445,41240.19,0.437,2512.1,Legitimate_Awakening,ACC009343
17,8328.19,0.179,1284.2,Normal,ACC000735
25,16155.56,0.511,1040.8,Normal,ACC007602
11,5203.61,0.196,1004.8,Normal,ACC006450
18,16013.78,0.171,292.0,Normal,ACC001620
15,14541.07,0.446,391.2,Normal,ACC007292
10,12943.01,0.197,277.4,Normal,ACC007484
12,852.3,0.404,1216.2,Normal,ACC004985
9,16471.84,0.186,1070.5,Normal,ACC007839
8,11780.18,0.593,1439.9,Normal,ACC005954
4,13761.11,0.569,962.7,Normal,ACC003890
16,15675.87,0.262,297.9,Normal,ACC007693
15,8595.54,0.185,367.5,Normal,ACC001768
19,4993.12,0.101,1082.7,Normal,ACC000824
8,19885.52,0.312,958.1,Normal,ACC006378
587,30947.79,0.453,2421.1,Legitimate_Awakening,ACC009268
13,18492.55,0.288,788.3,Normal,ACC004454
27,16606.58,0.15,436.6,Normal,ACC000610
22,4346.43,0.468,1082.1,Normal,ACC007525
21,10518.07,0.172,1095.8,Normal,ACC005632
28,7154.33,0.29,646.4,Normal,ACC000426
8,16184.25,0.55,943.4,Normal,ACC002684
22,16882.11,0.595,1294.2,Normal,ACC001011
20,15349.39,0.533,916.0,Normal,ACC006359
16,7544.6,0.111,1379.0,Normal,ACC004708
21,16512.27,0.212,1273.9,Normal,ACC003400
690,18968.14,0.411,1117.5,Legitimate_Awakening,ACC009750
10,5184.28,0.322,492.7,Normal,ACC001389
22,2007.64,0.441,584.0,Normal,ACC004266
7,19005.06,0.524,559.6,Normal,ACC002942
191,57916.46,0.431,1525.6,Legitimate_Awakening,ACC009690
281,24239.13,0.694,2364.7,Legitimate_Awakening,ACC009510
21,3299.76,0.431,993.1,Normal,ACC003859
26,831.39,0.198,642.6,Normal,ACC006757
6,19155.17,0.112,830.0,Normal,ACC005956
4,2425.38,0.138,597.2,Normal,ACC001071
28,6643.6,0.371,240.4,Normal,ACC002892
11,19103.82,0.161,144.1,Normal,ACC001350
6,8821.34,0.307,1147.3,Normal,ACC005720
25,9268.4,0.24,305.9,Normal,ACC004581
6,2350.7,0.295,656.7,Normal,ACC002414
23,6675.12,0.253,256.7,Normal,ACC005559
11,15694.78,0.403,391.6,Normal,ACC007157
28,5638.67,0.215,646.9,Normal,ACC004588
516,42272.16,0.536,434.0,Legitimate_Awakening,ACC009810
27,15708.3,0.551,531.3,Normal,ACC008780
29,839.08,0.303,1342.6,Normal,ACC004178
2,16900.61,0.465,731.0,Normal,ACC008429
13,12580.06,0.332,621.3,Normal,ACC000424
22,4421.13,0.162,575.5,Normal,ACC004229
2,12411.98,0.296,795.8,Normal,ACC006997
16,665.06,0.584,901.6,Normal,ACC007043
0,13298.78,0.493,1043.1,Normal,ACC007510
25,13746.1,0.247,702.8,Normal,ACC008172
3,13456.79,0.454,354.8,Normal,ACC001907
12,9990.04,0.449,642.4,Normal,ACC006271
19,4797.21,0.212,1354.7,Normal,ACC006572
26,9220.67,0.255,757.3,Normal,ACC002259
23,9683.72,0.431,1111.6,Normal,ACC001057
14,15210.33,0.238,705.6,Normal,ACC003275
8,16384.29,0.518,595.8,Normal,ACC005255
21,14713.59,0.576,1222.2,Normal,ACC002958
2,1158.43,0.358,904.4,Normal,ACC006195
10,5542.62,0.282,1272.6,Normal,ACC005501
27,8616.23,0.19,1029.6,Normal,ACC002389
8,17582.34,0.126,517.3,Normal,ACC006178
13,3764.75,0.233,708.0,Normal,ACC003819
20,19146.33,0.167,254.8,Normal,ACC000502
3,9153.88,0.219,466.9,Normal,ACC004873
19,17023.18,0.295,849.6,Normal,ACC005378
22,3866.8,0.229,737.8,Normal,ACC003604
25,15290.79,0.107,393.6,Normal,ACC000942
17,13505.91,0.324,1353.0,Normal,ACC003779
183,59962.96,0.614,611.4,Legitimate_Awakening,ACC009388
25,9160.51,0.537,1094.3,Normal,ACC007851
9,14210.59,0.157,231.8,Normal,ACC005622
11,1552.41,0.481,1048.6,Normal,ACC002833
7,18087.66,0.551,1366.3,Normal,ACC007193
19,3342.95,0.469,998.7,Normal,ACC007434
24,6623.37,0.346,384.7,Normal,ACC005123
9,18744.58,0.214,660.2,Normal,ACC006273
429,54607.22,0.655,1353.1,Legitimate_Awakening,ACC009646
22,16875.79,0.571,1184.4,Normal,ACC006939
23,6577.82,0.254,501.5,Normal,ACC003482
5,4967.74,0.578,153.3,Normal,ACC007122
7,11123.06,0.168,1299.6,Normal,ACC001195
3,14357.82,0.422,1136.4,Normal,ACC006542
27,12735.99,0.293,1355.9,Normal,ACC000874
24,19401.69,0.259,661.0,Normal,ACC003143
21,7440.84,0.121,488.3,Normal,ACC005874
0,10778.34,0.263,1118.1,Normal,ACC008073
26,19430.42,0.494,1391.4,Normal,ACC003949
3,997.33,0.229,334.5,Normal,ACC006802
24,8228.1,0.248,309.4,Normal,ACC001215
9,16085.16,0.334,1023.7,Normal,ACC005828
29,4780.67,0.508,1088.6,Normal,ACC006858
8,15766.97,0.436,776.6,Normal,ACC005823
3,9770.81,0.31,556.7,Normal,ACC008345
10,18790.78,0.427,1401.0,Normal,ACC006355
16,1334.65,0.472,761.7,Normal,ACC004913
0,14415.34,0.204,870.8,Normal,ACC001779
19,6904.96,0.582,1416.5,Normal,ACC007731
29,13424.66,0.522,1130.9,Normal,ACC004389
23,13218.64,0.175,934.7,Normal,ACC007283
15,13677.35,0.409,870.5,Normal,ACC001262
20,1869.21,0.367,1329.2,Normal,ACC007734
11,14617.69,0.431,702.4,Normal,ACC003418
8,5490.25,0.152,1051.4,Normal,ACC008452
13,8076.31,0.421,487.2,Normal,ACC006185
11,1530.02,0.11,275.7,Normal,ACC007244
5,9907.8,0.399,743.6,Normal,ACC003048
29,10984.71,0.51,618.5,Normal,ACC007784
29,6414.83,0.223,1177.6,Normal,ACC006677
11,2405.21,0.334,227.5,Normal,ACC006190
573,29971.08,0.415,2271.9,Legitimate_Awakening,ACC009174
15,931.51,0.382,1106.7,Normal,ACC003761
23,13362.79,0.488,401.3,Normal,ACC006666
0,16356.42,0.579,1286.6,Normal,ACC002119
16,3456.11,0.574,445.8,Normal,ACC008343
28,14893.94,0.195,877.0,Normal,ACC002074
24,2014.48,0.58,1280.3,Normal,ACC003798
0,15579.81,0.453,277.0,Normal,ACC005004
21,9568.36,0.43,151.9,Normal,ACC006943
1,17870.9,0.516,752.8,Normal,ACC005537
5,16115.95,0.326,1068.7,Normal,ACC001667
9,3787.83,0.479,186.8,Normal,ACC005307
13,9126.15,0.121,1023.7,Normal,ACC001170
24,9477.53,0.282,586.0,Normal,ACC002779
727,167618.48,0.993,2.3,Dormant_Mule,ACC009948
20,10301.42,0.388,770.1,Normal,ACC000066
26,14455.64,0.295,1131.2,Normal,ACC004102
346,22411.25,0.671,1756.5,Legitimate_Awakening,ACC009842
5,4886.53,0.539,756.1,Normal,ACC002997
24,16245.12,0.428,306.6,Normal,ACC008093
4,19020.85,0.404,520.4,Normal,ACC006826
5,13670.06,0.412,999.5,Normal,ACC005103
510,17845.3,0.585,1247.9,Legitimate_Awakening,ACC009258
5,19735.07,0.466,1145.6,Normal,ACC002521
25,18354.04,0.264,1051.2,Normal,ACC003402
360,15770.16,0.324,606.9,Legitimate_Awakening,ACC008944
4,10231.21,0.566,890.0,Normal,ACC002377
0,14882.53,0.363,163.1,Normal,ACC000637
21,12333.12,0.16,543.4,Normal,ACC002071
18,4810.19,0.114,1413.1,Normal,ACC003917
26,16798.61,0.266,1035.6,Normal,ACC000818
25,18396.64,0.213,278.4,Normal,ACC008066
25,11186.63,0.361,582.3,Normal,ACC000941
15,1639.93,0.25,746.1,Normal,ACC001477
29,13608.89,0.341,1188.8,Normal,ACC001223
630,40012.63,0.663,486.7,Legitimate_Awakening,ACC009680
299,46588.4,0.662,2808.2,Legitimate_Awakening,ACC009264
1,713.79,0.185,981.3,Normal,ACC003224
13,9336.16,0.258,1362.4,Normal,ACC003872
23,11377.15,0.531,415.6,Normal,ACC002977
29,3824.7,0.526,1265.6,Normal,ACC005567
16,17124.67,0.569,232.3,Normal,ACC000995
20,13560.49,0.262,792.1,Normal,ACC004222
29,18721.01,0.124,397.6,Normal,ACC001959
10,16684.99,0.189,410.8,Normal,ACC008574
320,56166.39,0.398,2089.3,Legitimate_Awakening,ACC009584
20,8816.02,0.218,711.8,Normal,ACC007478
9,18278.65,0.12,796.1,Normal,ACC001294
22,18479.95,0.152,289.9,Normal,ACC002161
12,6882.61,0.168,326.4,Normal,ACC003382
20,7165.17,0.47,414.7,Normal,ACC000767
26,15736.45,0.44,958.4,Normal,ACC002413
1,1998.81,0.35,1168.8,Normal,ACC000724
825,244869.44,0.954,44.9,Dormant_Mule,ACC009854
8,11138.85,0.153,179.8,Normal,ACC001139
0,5872.41,0.291,614.8,Normal,ACC003622
3,543.53,0.219,181.5,Normal,ACC007279
2,19814.85,0.306,611.1,Normal,ACC000111
18,6989.73,0.564,835.8,Normal,ACC008378
1,11103.69,0.532,1088.8,Normal,ACC000324
3,7617.19,0.59,596.2,Normal,ACC008370
21,10348.05,0.115,294.0,Normal,ACC002566
285,33753.25,0.591,998.7,Legitimate_Awakening,ACC009540
12,13252.89,0.409,529.0,Normal,ACC002006
11,15805.49,0.454,1161.0,Normal,ACC000550
7,7548.16,0.345,1385.9,Normal,ACC006734
649,44713.66,0.49,435.3,Legitimate_Awakening,ACC009090
21,12823.17,0.378,296.2,Normal,ACC004081
24,10320.62,0.238,375.2,Normal,ACC007271
20,16893.24,0.319,434.7,Normal,ACC006502
21,18614.3,0.138,845.6,Normal,ACC007520
20,18588.95,0.304,1438.5,Normal,ACC003694
26,14867.93,0.338,281.8,Normal,ACC002612
25,7596.04,0.517,719.6,Normal,ACC002556
674,31199.39,0.566,733.5,Legitimate_Awakening,ACC009570
13,16495.45,0.502,931.1,Normal,ACC007884
21,1156.69,0.54,441.3,Normal,ACC000958
26,15310.64,0.203,1056.3,Normal,ACC001723
22,10608.96,0.175,1093.4,Normal,ACC000507
0,5741.55,0.199,445.9,Normal,ACC001282
19,14740.66,0.192,920.4,Normal,ACC008412
6,3688.72,0.296,1399.6,Normal,ACC000391
7,2162.36,0.453,1091.0,Normal,ACC007622
16,10216.21,0.456,923.7,Normal,ACC006257
1,8322.72,0.384,425.0,Normal,ACC005491
16,17596.51,0.225,533.8,Normal,ACC008233
9,14575.93,0.217,1407.0,Normal,ACC006731
12,16903.68,0.273,935.8,Normal,ACC005210
16,13160.23,0.141,298.7,Normal,ACC003571
27,11802.8,0.218,1301.0,Normal,ACC005670
25,10219.62,0.347,896.7,Normal,ACC004751
26,4052.08,0.232,1052.4,Normal,ACC007620
17,7556.14,0.336,180.3,Normal,ACC000646
0,8237.39,0.316,871.5,Normal,ACC001554
11,12259.83,0.458,1314.2,Normal,ACC008718
26,8509.27,0.352,129.7,Normal,ACC001481
20,17787.35,0.381,452.8,Normal,ACC003519
13,5594.07,0.262,1350.3,Normal,ACC005611
9,2604.16,0.568,504.1,Normal,ACC003802
20,3767.86,0.284,864.8,Normal,ACC007574
23,17973.11,0.273,1256.3,Normal,ACC006140
28,8864.61,0.451,1243.9,Normal,ACC006552
19,2736.89,0.571,504.0,Normal,ACC004220
538,48539.57,0.506,503.2,Legitimate_Awakening,ACC009389
18,9226.26,0.44,245.6,Normal,ACC005361
8,11430.04,0.301,437.7,Normal,ACC007476
3,7930.88,0.487,670.9,Normal,ACC005010
14,1824.55,0.437,1436.3,Normal,ACC003339
16,2213.39,0.442,886.3,Normal,ACC003231
486,58698.24,0.342,1022.2,Legitimate_Awakening,ACC009169
309,32473.78,0.694,470.9,Legitimate_Awakening,ACC009670
10,5782.97,0.299,702.1,Normal,ACC006954
7,11504.61,0.496,480.4,Normal,ACC003356
26,15767.37,0.471,455.5,Normal,ACC006368
21,1035.96,0.237,475.5,Normal,ACC004284
6,1902.18,0.555,1384.3,Normal,ACC001942
13,18601.1,0.536,1164.6,Normal,ACC007812
16,5079.39,0.137,897.9,Normal,ACC004388
28,15149.83,0.439,381.9,Normal,ACC002780
19,6931.64,0.131,748.3,Normal,ACC005100
23,10883.38,0.461,306.5,Normal,ACC000474
6,12125.17,0.547,347.0,Normal,ACC003808
14,4428.37,0.544,1014.8,Normal,ACC007542
11,12400.04,0.185,1314.8,Normal,ACC004905
4,18123.04,0.554,1041.7,Normal,ACC003601
24,9197.11,0.193,835.3,Normal,ACC000283
19,4999.98,0.496,900.6,Normal,ACC003781
629,53370.18,0.651,1845.0,Legitimate_Awakening,ACC009372
27,19158.25,0.42,560.2,Normal,ACC006938
15,12230.3,0.282,346.5,Normal,ACC007715
17,8991.47,0.102,769.5,Normal,ACC005594
21,19932.18,0.249,548.5,Normal,ACC004690
26,8143.96,0.284,1030.8,Normal,ACC001982
6,16794.08,0.42,571.5,Normal,ACC004917
8,10219.62,0.143,829.0,Normal,ACC000184
21,13140.55,0.131,1194.1,Normal,ACC001207
14,9247.91,0.461,1289.8,Normal,ACC000542
13,18612.27,0.396,280.0,Normal,ACC004406
15,14449.39,0.286,1017.2,Normal,ACC004477
0,6230.49,0.11,744.2,Normal,ACC007869
28,10988.06,0.511,1076.4,Normal,ACC008838
25,11510.27,0.565,1234.4,Normal,ACC000744
26,4137.11,0.12,900.0,Normal,ACC000048
448,18514.73,0.379,1165.6,Legitimate_Awakening,ACC009230
4,19167.62,0.259,409.9,Normal,ACC002623
2,9398.05,0.312,595.4,Normal,ACC005557
240,42212.2,0.492,1768.0,Legitimate_Awakening,ACC009097
21,8863.29,0.522,473.9,Normal,ACC000568
6,2866.99,0.158,302.9,Normal,ACC008157
11,5519.26,0.419,726.3,Normal,ACC008489
472,57943.83,0.645,2407.3,Legitimate_Awakening,ACC009700
22,14287.46,0.309,1003.3,Normal,ACC006166
2,6501.12,0.163,1124.3,Normal,ACC004118
23,15870.81,0.345,127.1,Normal,ACC007938
18,11048.26,0.136,917.0,Normal,ACC008120
17,15483.8,0.145,398.7,Normal,ACC002770
29,3880.79,0.548,225.9,Normal,ACC000190
17,11040.22,0.484,850.8,Normal,ACC006294
23,3833.43,0.122,982.9,Normal,ACC002718
17,15114.21,0.37,1262.9,Normal,ACC003128
20,2070.07,0.381,138.0,Normal,ACC004098
26,9600.12,0.498,1220.0,Normal,ACC007264
3,11904.35,0.269,1179.8,Normal,ACC001135
18,10178.29,0.302,1015.8,Normal,ACC002118
7,12036.19,0.106,165.3,Normal,ACC002837
4,11248.17,0.339,1001.3,Normal,ACC006876
25,18300.36,0.146,1072.6,Normal,ACC003104
2,16857.65,0.436,1040.1,Normal,ACC001321
7,15125.3,0.188,610.9,Normal,ACC003608
316,26983.03,0.549,967.3,Legitimate_Awakening,ACC009627
23,12063.28,0.478,971.2,Normal,ACC003081
14,14127.74,0.402,934.7,Normal,ACC007559
20,4259.65,0.295,1361.2,Normal,ACC002919
2,14654.36,0.576,1094.4,Normal,ACC006082
15,6071.3,0.564,1400.3,Normal,ACC001021
15,11799.24,0.551,135.7,Normal,ACC003159
24,10199.52,0.319,638.6,Normal,ACC005585
5,6338.55,0.262,463.7,Normal,ACC003689
25,1717.29,0.426,1323.3,Normal,ACC003763
5,2929.98,0.529,1304.7,Normal,ACC002829
2,9699.46,0.472,304.9,Normal,ACC004261
24,15481.33,0.309,676.2,Normal,ACC000301
12,6135.66,0.176,963.8,Normal,ACC008559
8,18183.9,0.394,232.7,Normal,ACC001879
19,5505.27,0.457,753.6,Normal,ACC002068
20,19138.82,0.135,925.4,Normal,ACC007750
29,4218.41,0.118,743.1,Normal,ACC000242
3,2156.84,0.318,989.0,Normal,ACC001430
687,45005.83,0.345,979.1,Legitimate_Awakening,ACC008873
17,5709.54,0.41,1366.8,Normal,ACC008297
0,11982.95,0.193,778.1,Normal,ACC006574
27,10389.95,0.325,446.8,Normal,ACC008847
27,9264.91,0.586,1242.4,Normal,ACC002721
7,3780.8,0.259,819.2,Normal,ACC007115
25,16756.06,0.507,927.6,Normal,ACC001092
11,7358.54,0.32,211.5,Normal,ACC001662
28,5526.47,0.345,1368.9,Normal,ACC008389
6,2637.16,0.548,166.8,Normal,ACC004541
9,9020.62,0.492,243.2,Normal,ACC002346
12,5971.72,0.275,1152.8,Normal,ACC001255
9,11940.96,0.208,624.9,Normal,ACC005988
26,8605.01,0.136,678.1,Normal,ACC006628
9,16043.44,0.577,199.2,Normal,ACC005716
405,45798.7,0.549,2255.2,Legitimate_Awakening,ACC009844
25,13013.87,0.434,1218.6,Normal,ACC004319
28,19048.86,0.547,797.7,Normal,ACC007187
22,17245.53,0.417,454.2,Normal,ACC001890
321,19340.84,0.368,2835.2,Legitimate_Awakening,ACC008881
25,17958.65,0.466,316.4,Normal,ACC007412
4,5184.79,0.578,1103.5,Normal,ACC004525
18,7611.08,0.469,999.9,Normal,ACC001184
634,29106.0,0.571,1091.2,Legitimate_Awakening,ACC009577
10,12174.5,0.351,303.3,Normal,ACC000665
14,10492.45,0.41,1201.7,Normal,ACC003170
6,16163.55,0.208,547.7,Normal,ACC003440
10,15904.64,0.157,278.2,Normal,ACC004285
24,6563.97,0.15,479.7,Normal,ACC002515
19,7581.09,0.522,672.3,Normal,ACC002698
456,121142.99,0.991,28.6,Dormant_Mule,ACC009924
26,6422.12,0.322,347.4,Normal,ACC005659
21,11857.89,0.558,132.8,Normal,ACC007105
9,12348.94,0.327,875.4,Normal,ACC005598
553,36803.57,0.635,1112.2,Legitimate_Awakening,ACC009402
620,412845.83,0.986,6.7,Dormant_Mule,ACC009970
0,14572.34,0.409,240.8,Normal,ACC005288
18,14860.66,0.567,1341.8,Normal,ACC000228
9,18501.79,0.203,1273.8,Normal,ACC001843
17,17530.54,0.13,1293.0,Normal,ACC001813
12,13219.0,0.354,318.0,Normal,ACC005256
22,4361.01,0.394,1210.7,Normal,ACC007604
12,9511.74,0.375,1372.8,Normal,ACC002657
0,17960.82,0.111,858.1,Normal,ACC007581
213,42454.91,0.621,2389.4,Legitimate_Awakening,ACC009283
9,10070.74,0.324,1404.8,Normal,ACC004998
10,16537.28,0.162,613.8,Normal,ACC005373
22,17272.87,0.458,1312.2,Normal,ACC004710
12,18202.77,0.253,378.7,Normal,ACC005138
25,18848.45,0.361,1436.3,Normal,ACC002990
758,387045.89,0.962,36.2,Dormant_Mule,ACC009955
21,16571.51,0.462,1219.1,Normal,ACC002508
18,4826.45,0.416,684.0,Normal,ACC008145
21,19130.58,0.307,1377.2,Normal,ACC003621
21,11848.23,0.554,629.6,Normal,ACC004226
17,7045.87,0.48,1375.3,Normal,ACC005903
16,11012.34,0.241,681.3,Normal,ACC000820
218,38683.73,0.429,2643.3,Legitimate_Awakening,ACC009117
26,11948.67,0.365,274.4,Normal,ACC006425
22,6087.13,0.501,1436.4,Normal,ACC000991
12,2000.59,0.448,568.6,Normal,ACC000293
10,11289.09,0.512,598.4,Normal,ACC006730
19,11619.67,0.384,1020.8,Normal,ACC005002
458,29441.65,0.62,2048.6,Legitimate_Awakening,ACC009606
15,15749.83,0.194,1196.6,Normal,ACC008288
8,14099.06,0.437,456.4,Normal,ACC004704
4,13397.34,0.262,801.5,Normal,ACC004820
4,3177.4,0.401,804.2,Normal,ACC008409
26,5479.39,0.514,619.0,Normal,ACC001439
9,2297.18,0.547,1247.7,Normal,ACC008598
4,12187.77,0.201,1295.1,Normal,ACC001391
28,4874.77,0.573,138.2,Normal,ACC005470
2,6583.06,0.26,1076.2,Normal,ACC000348
15,1681.64,0.509,176.8,Normal,ACC008507
8,19403.3,0.505,1111.5,Normal,ACC004884
12,18168.97,0.169,191.7,Normal,ACC001645
22,13604.51,0.264,324.7,Normal,ACC000081
4,13249.09,0.598,1357.9,Normal,ACC003718
20,2630.69,0.308,1128.9,Normal,ACC005183
12,10276.75,0.403,933.5,Normal,ACC004714
17,12297.56,0.296,276.2,Normal,ACC004221
546,41354.08,0.301,984.2,Legitimate_Awakening,ACC009735
6,5654.44,0.386,823.8,Normal,ACC008068
8,4340.05,0.576,1433.2,Normal,ACC000789
8,18842.41,0.201,528.9,Normal,ACC003573
29,10087.91,0.536,517.8,Normal,ACC004175
9,17056.88,0.408,366.2,Normal,ACC003423
15,17331.2,0.54,432.4,Normal,ACC000126
10,9249.52,0.155,801.3,Normal,ACC006604
27,14255.94,0.499,1019.8,Normal,ACC003663
29,6791.24,0.512,1156.2,Normal,ACC004300
0,5327.51,0.504,1127.2,Normal,ACC002292
502,22153.79,0.424,1152.3,Legitimate_Awakening,ACC009492
18,6595.21,0.481,1218.9,Normal,ACC004862
9,14053.43,0.279,628.5,Normal,ACC006113
27,10606.39,0.455,246.4,Normal,ACC001097
13,17740.23,0.434,391.1,Normal,ACC006128
29,13092.3,0.225,1224.2,Normal,ACC002222
7,4342.74,0.18,744.3,Normal,ACC006420
28,9625.62,0.305,1199.3,Normal,ACC001331
15,3593.61,0.16,571.3,Normal,ACC000094
2,11231.85,0.357,1031.0,Normal,ACC001529
7,5686.45,0.317,418.3,Normal,ACC006637
396,25380.86,0.55,1618.2,Legitimate_Awakening,ACC008903
29,6884.99,0.55,532.1,Normal,ACC008406
20,19265.05,0.41,1345.8,Normal,ACC000784
10,7415.23,0.123,1422.5,Normal,ACC005022
20,9183.73,0.13,1172.8,Normal,ACC004369
27,5024.67,0.246,684.2,Normal,ACC008848
15,11926.9,0.242,952.3,Normal,ACC008106
519,35419.32,0.589,386.3,Legitimate_Awakening,ACC009549
10,13196.95,0.466,285.1,Normal,ACC006514
29,16197.29,0.235,1209.1,Normal,ACC000548
11,16698.43,0.372,338.1,Normal,ACC000694
10,8883.66,0.436,483.5,Normal,ACC000672
22,18799.85,0.379,1046.2,Normal,ACC007956
21,4296.72,0.591,697.4,Normal,ACC006662
10,18503.9,0.355,506.2,Normal,ACC008586
16,5899.11,0.503,1107.7,Normal,ACC000175
26,3919.02,0.105,316.4,Normal,ACC001798
2,8735.34,0.343,904.4,Normal,ACC005586
12,7493.17,0.105,1126.0,Normal,ACC005334
29,2001.21,0.325,671.6,Normal,ACC007855
605,50724.74,0.637,2782.4,Legitimate_Awakening,ACC009696
26,4764.15,0.435,959.3,Normal,ACC007482
23,10446.92,0.102,852.9,Normal,ACC005095
12,9366.54,0.314,564.1,Normal,ACC006817
11,18313.46,0.308,726.5,Normal,ACC002461
0,2837.37,0.269,1364.6,Normal,ACC000038
6,16994.07,0.3,1127.3,Normal,ACC000813
695,34696.46,0.387,741.2,Legitimate_Awakening,ACC009590
10,16687.94,0.574,522.1,Normal,ACC001118
17,5774.15,0.123,690.7,Normal,ACC003745
19,2494.05,0.141,1321.6,Normal,ACC007897
11,14075.67,0.577,603.9,Normal,ACC007202
18,1733.62,0.402,195.4,Normal,ACC002250
5,18478.13,0.17,416.9,Normal,ACC002842
22,6099.71,0.264,272.6,Normal,ACC001770
23,2310.76,0.495,219.6,Normal,ACC004215
0,10532.79,0.334,1097.5,Normal,ACC004870
14,6954.58,0.456,794.7,Normal,ACC005246
13,10744.74,0.511,178.8,Normal,ACC004837
7,6853.55,0.496,729.1,Normal,ACC000697
8,8210.15,0.116,789.8,Normal,ACC006999
347,43957.73,0.542,843.4,Legitimate_Awakening,ACC009008
572,46627.2,0.66,1894.8,Legitimate_Awakening,ACC009104
4,18283.21,0.13,1036.1,Normal,ACC001273
25,14810.68,0.242,539.5,Normal,ACC004361
11,19161.09,0.256,330.8,Normal,ACC008437
2,6209.85,0.447,1340.7,Normal,ACC005143
22,4706.3,0.324,539.7,Normal,ACC008232
12,13528.81,0.364,1364.8,Normal,ACC007117
20,3111.88,0.192,1131.3,Normal,ACC006742
27,6571.95,0.301,783.6,Normal,ACC001490
13,12221.0,0.378,654.1,Normal,ACC003839
17,19792.14,0.44,1420.1,Normal,ACC002298
25,8317.2,0.249,1019.9,Normal,ACC001893
2,17972.55,0.307,143.4,Normal,ACC003240
569,371570.26,0.954,16.2,Dormant_Mule,ACC009891
1,7437.59,0.206,1117.9,Normal,ACC002163
17,8068.6,0.185,419.4,Normal,ACC002370
16,14788.93,0.463,1355.8,Normal,ACC007398
17,4702.12,0.422,297.4,Normal,ACC007788
19,2317.62,0.267,583.3,Normal,ACC005841
26,4353.15,0.165,427.9,Normal,ACC005423
27,10978.24,0.331,364.1,Normal,ACC005232
6,6751.07,0.167,511.0,Normal,ACC001885
15,5648.25,0.103,1002.4,Normal,ACC002070
14,12044.06,0.484,239.3,Normal,ACC006390
11,19153.46,0.597,1329.1,Normal,ACC005107
15,5405.14,0.272,727.0,Normal,ACC002992
11,18909.85,0.268,860.1,Normal,ACC002215
21,18140.79,0.338,415.6,Normal,ACC003196
10,14263.71,0.584,1028.2,Normal,ACC000122
599,51773.84,0.626,523.8,Legitimate_Awakening,ACC009560
649,54174.5,0.482,1237.5,Legitimate_Awakening,ACC009781
22,523.47,0.408,369.5,Normal,ACC003546
444,52451.2,0.37,2310.7,Legitimate_Awakening,ACC009602
607,17424.03,0.663,2546.8,Legitimate_Awakening,ACC009361
29,3369.58,0.172,341.4,Normal,ACC004754
14,9284.17,0.196,1336.7,Normal,ACC005555
23,1259.68,0.296,1179.2,Normal,ACC001343
22,13655.57,0.118,912.9,Normal,ACC007112
15,9599.59,0.597,514.6,Normal,ACC005262
27,4479.71,0.335,1177.2,Normal,ACC001381
12,13543.82,0.408,1357.2,Normal,ACC007558
7,17444.79,0.198,176.1,Normal,ACC003333
203,57157.32,0.531,539.0,Legitimate_Awakening,ACC009526
17,14134.38,0.273,746.9,Normal,ACC007924
1,19215.61,0.417,851.5,Normal,ACC003239
0,3219.58,0.385,1093.9,Normal,ACC004043
12,11576.64,0.416,1439.7,Normal,ACC006675
609,24478.21,0.355,2267.0,Legitimate_Awakening,ACC009499
3,16167.85,0.161,1224.6,Normal,ACC007712
21,15959.81,0.101,574.0,Normal,ACC008339
2,13529.52,0.548,196.3,Normal,ACC002487
670,28382.03,0.592,2473.6,Legitimate_Awakening,ACC009092
15,4748.88,0.431,956.5,Normal,ACC001169
503,15320.74,0.466,888.4,Legitimate_Awakening,ACC008951
0,16563.91,0.578,1204.0,Normal,ACC000658
11,14903.91,0.554,1335.8,Normal,ACC004223
284,54158.27,0.642,2459.3,Legitimate_Awakening,ACC009682
277,51729.32,0.323,1157.0,Legitimate_Awakening,ACC009072
944,342589.12,0.987,28.4,Dormant_Mule,ACC009882
5,13892.38,0.53,630.9,Normal,ACC006726
11,14677.52,0.496,702.1,Normal,ACC006946
11,14789.63,0.371,899.3,Normal,ACC000531
504,41488.09,0.608,2743.3,Legitimate_Awakening,ACC009758
25,17082.07,0.134,1431.3,Normal,ACC004333
10,16116.12,0.33,203.0,Normal,ACC004671
6,15714.15,0.382,464.7,Normal,ACC001270
26,1942.69,0.208,1118.8,Normal,ACC007465
16,18035.58,0.581,706.2,Normal,ACC001093
17,16465.9,0.271,1241.3,Normal,ACC008373
12,11454.23,0.43,1220.1,Normal,ACC003728
10,9093.41,0.571,156.2,Normal,ACC008029
21,5691.51,0.116,277.7,Normal,ACC001701
11,2948.23,0.108,1136.6,Normal,ACC000765
242,58385.93,0.406,2733.8,Legitimate_Awakening,ACC009694
24,17290.3,0.208,351.8,Normal,ACC004712
29,9831.86,0.191,1178.5,Normal,ACC007332
27,13401.42,0.552,356.0,Normal,ACC006578
4,3147.04,0.589,1392.9,Normal,ACC001641
22,5081.98,0.452,1198.6,Normal,ACC000844
7,8850.89,0.448,829.2,Normal,ACC005569
24,4601.51,0.238,868.1,Normal,ACC006925
3,3888.19,0.485,1370.4,Normal,ACC000336
1,7310.67,0.356,1352.7,Normal,ACC004498
15,7443.82,0.44,481.8,Normal,ACC001417
19,2060.64,0.221,1141.3,Normal,ACC003397
637,40162.29,0.573,2311.5,Legitimate_Awakening,ACC009588
16,15556.97,0.53,137.5,Normal,ACC003204
28,6180.4,0.504,1334.8,Normal,ACC004357
6,19855.71,0.554,1028.6,Normal,ACC008072
15,18174.63,0.365,301.8,Normal,ACC002641
19,12952.49,0.415,1054.7,Normal,ACC008007
400,16827.43,0.306,814.9,Legitimate_Awakening,ACC009401
22,13016.81,0.284,1305.8,Normal,ACC007491
9,17790.47,0.419,1378.3,Normal,ACC006478
24,1771.26,0.125,272.5,Normal,ACC003290
592,54706.54,0.411,1283.9,Legitimate_Awakening,ACC009194
19,17063.88,0.569,485.6,Normal,ACC005763
29,11437.05,0.532,755.4,Normal,ACC000786
21,15157.69,0.412,912.4,Normal,ACC001026
543,31784.1,0.657,2344.7,Legitimate_Awakening,ACC009553
566,26451.71,0.312,1359.2,Legitimate_Awakening,ACC009496
3,19179.36,0.312,1429.8,Normal,ACC006191
5,14920.32,0.584,721.2,Normal,ACC002927
22,1835.69,0.205,323.9,Normal,ACC006374
206,38692.74,0.474,449.8,Legitimate_Awakening,ACC009274
21,2697.61,0.136,1101.8,Normal,ACC003599
10,13967.0,0.364,500.9,Normal,ACC004392
27,14305.62,0.131,1313.7,Normal,ACC004394
7,10786.76,0.573,636.4,Normal,ACC004940
28,5901.46,0.367,580.0,Normal,ACC002594
22,5501.51,0.397,140.8,Normal,ACC002776
7,14767.1,0.32,513.2,Normal,ACC003024
557,59697.96,0.532,1761.5,Legitimate_Awakening,ACC009326
28,3014.85,0.289,1340.1,Normal,ACC006819
17,1268.49,0.394,201.4,Normal,ACC002691
7,12397.1,0.344,295.8,Normal,ACC001272
4,9269.82,0.36,839.1,Normal,ACC006146
27,17819.7,0.527,1235.5,Normal,ACC002872
26,11866.0,0.466,574.6,Normal,ACC004476
11,19191.56,0.524,588.5,Normal,ACC000116
16,13053.36,0.263,996.9,Normal,ACC007600
24,6008.72,0.154,691.6,Normal,ACC006344
19,5445.59,0.255,1423.0,Normal,ACC005099
27,14645.54,0.134,1380.7,Normal,ACC003026
5,5512.42,0.494,1261.4,Normal,ACC000466
18,16852.36,0.203,1397.8,Normal,ACC000195
7,3547.1,0.368,424.2,Normal,ACC003509
7,6369.24,0.25,857.8,Normal,ACC008364
28,3817.54,0.481,1141.0,Normal,ACC002533
20,13394.05,0.455,134.1,Normal,ACC002707
20,6143.4,0.431,929.3,Normal,ACC003553
19,15914.31,0.322,338.9,Normal,ACC008118
20,9089.39,0.237,679.2,Normal,ACC006391
22,8098.29,0.1,736.0,Normal,ACC003874
12,15391.82,0.578,970.1,Normal,ACC005870
4,19678.12,0.309,399.9,Normal,ACC005591
19,17619.86,0.14,315.8,Normal,ACC004053
0,18630.94,0.574,211.5,Normal,ACC001878
1,17118.61,0.401,1388.3,Normal,ACC003436
15,18269.28,0.147,467.8,Normal,ACC004397
25,2436.86,0.217,372.5,Normal,ACC005454
18,16524.92,0.273,578.9,Normal,ACC000170
10,8853.71,0.137,818.8,Normal,ACC007214
13,11076.68,0.211,313.9,Normal,ACC004019
22,15890.63,0.312,475.5,Normal,ACC006252
13,11219.98,0.288,288.4,Normal,ACC006717
27,576.41,0.6,1179.0,Normal,ACC001733
6,702.59,0.478,1268.2,Normal,ACC007969
16,16482.68,0.544,383.0,Normal,ACC001363
20,4335.39,0.479,966.4,Normal,ACC004317
599,32009.92,0.688,2383.0,Legitimate_Awakening,ACC008949
19,1447.05,0.402,1176.5,Normal,ACC002909
12,15071.75,0.558,565.1,Normal,ACC007928
23,5679.2,0.165,1293.1,Normal,ACC000317
9,13181.65,0.31,1389.7,Normal,ACC007216
3,19577.45,0.487,260.3,Normal,ACC001718
26,19633.13,0.416,462.9,Normal,ACC000332
26,15077.71,0.465,181.2,Normal,ACC003825
523,24270.64,0.357,718.7,Legitimate_Awakening,ACC009653
4,3187.1,0.471,1281.4,Normal,ACC006286
17,2080.4,0.21,1021.9,Normal,ACC000321
27,5586.17,0.598,1394.4,Normal,ACC000054
29,12442.31,0.423,179.1,Normal,ACC007735
25,6634.7,0.331,144.5,Normal,ACC008566
6,4583.69,0.585,1001.6,Normal,ACC003467
28,6309.42,0.421,782.4,Normal,ACC004941
618,51489.75,0.488,2662.8,Legitimate_Awakening,ACC008965
2,17956.53,0.356,822.4,Normal,ACC000179
10,8775.25,0.457,917.0,Normal,ACC001837
25,1417.26,0.54,1192.8,Normal,ACC002656
27,14226.95,0.555,944.7,Normal,ACC000256
0,6664.05,0.312,528.3,Normal,ACC002405
491,43537.31,0.622,2786.4,Legitimate_Awakening,ACC009711
10,10880.05,0.138,1041.6,Normal,ACC002692
4,9298.27,0.265,897.8,Normal,ACC001243
15,6801.25,0.494,1017.4,Normal,ACC004746
0,4308.1,0.418,879.8,Normal,ACC006317
3,18102.17,0.155,646.5,Normal,ACC008445
29,1884.63,0.546,160.6,Normal,ACC002980
18,14850.97,0.373,1378.7,Normal,ACC004381
28,19341.4,0.501,952.2,Normal,ACC002066
4,1668.14,0.214,462.4,Normal,ACC005377
9,10211.0,0.408,1384.6,Normal,ACC008425
18,6343.99,0.244,1175.5,Normal,ACC004035
12,5995.6,0.291,241.0,Normal,ACC003720
13,19344.61,0.281,979.4,Normal,ACC004283
15,13685.07,0.554,1083.3,Normal,ACC001847
1,14930.11,0.355,1399.4,Normal,ACC006603
14,7681.27,0.423,165.9,Normal,ACC003148
28,4084.35,0.388,324.4,Normal,ACC001858
10,18692.48,0.398,1251.4,Normal,ACC006842
18,8482.78,0.298,1379.6,Normal,ACC004322
24,18131.73,0.401,770.8,Normal,ACC002636
0,11584.42,0.496,1422.4,Normal,ACC001501
929,217198.34,0.965,8.6,Dormant_Mule,ACC009942
18,10442.91,0.532,670.0,Normal,ACC003774
4,2499.06,0.357,791.7,Normal,ACC000834
14,3851.4,0.59,361.2,Normal,ACC007059
29,16590.09,0.193,431.1,Normal,ACC000207
10,9212.06,0.104,1201.6,Normal,ACC001968
17,11955.77,0.273,963.9,Normal,ACC007787
7,9946.3,0.369,198.6,Normal,ACC004518
10,1947.7,0.213,1083.9,Normal,ACC000631
6,2951.27,0.307,1126.4,Normal,ACC001794
5,697.39,0.535,153.3,Normal,ACC006995
18,1153.38,0.364,504.1,Normal,ACC007775
13,1304.7,0.59,311.4,Normal,ACC005245
562,50269.09,0.425,1680.3,Legitimate_Awakening,ACC009497
20,3713.13,0.315,659.5,Normal,ACC006733
28,1852.55,0.15,144.1,Normal,ACC000105
12,3713.89,0.166,1078.3,Normal,ACC000529
19,9929.14,0.503,846.3,Normal,ACC000438
4,5514.95,0.382,823.6,Normal,ACC003113
19,15995.93,0.328,345.4,Normal,ACC002041
1,16355.8,0.57,563.1,Normal,ACC003787
10,6078.17,0.358,467.6,Normal,ACC002794
1,19240.22,0.594,1342.9,Normal,ACC007767
22,5501.02,0.226,933.3,Normal,ACC007477
7,16263.91,0.512,627.7,Normal,ACC001084
29,18521.03,0.442,363.8,Normal,ACC007643
16,19015.65,0.174,1343.1,Normal,ACC000163
15,15056.58,0.425,1241.0,Normal,ACC000062
8,10350.58,0.527,1111.4,Normal,ACC005192
9,14744.6,0.168,380.9,Normal,ACC001208
25,15359.85,0.19,432.3,Normal,ACC007867
5,18169.1,0.213,1051.8,Normal,ACC004564
618,133544.87,0.97,6.5,Dormant_Mule,ACC009981
529,22098.94,0.474,2023.3,Legitimate_Awakening,ACC009253
27,4532.55,0.563,603.3,Normal,ACC001682
18,8161.45,0.114,889.9,Normal,ACC001121
9,11857.48,0.193,368.5,Normal,ACC001594
7,19816.02,0.24,1407.7,Normal,ACC003810
5,11461.82,0.376,271.5,Normal,ACC001822
260,20890.95,0.397,707.2,Legitimate_Awakening,ACC009835
1,11611.66,0.278,1142.0,Normal,ACC004859
13,1741.9,0.2,948.0,Normal,ACC007370
4,9592.84,0.48,323.9,Normal,ACC001031
17,14397.19,0.556,1288.3,Normal,ACC005705
252,32918.66,0.485,1511.6,Legitimate_Awakening,ACC009248
16,17429.43,0.519,612.1,Normal,ACC008105
272,56007.66,0.351,736.8,Legitimate_Awakening,ACC009736
214,31312.32,0.45,1412.3,Legitimate_Awakening,ACC009706
233,24415.55,0.393,428.5,Legitimate_Awakening,ACC009227
24,19757.92,0.28,1203.1,Normal,ACC004546
25,2837.37,0.489,609.1,Normal,ACC007686
12,15402.3,0.39,945.8,Normal,ACC003419
10,4243.52,0.344,649.6,Normal,ACC004303
4,9416.67,0.521,376.6,Normal,ACC000085
29,10611.76,0.402,697.3,Normal,ACC003448
7,9719.69,0.55,563.7,Normal,ACC003281
282,18458.71,0.547,1559.5,Legitimate_Awakening,ACC009205
4,2104.3,0.546,1267.3,Normal,ACC005112
686,384347.02,0.968,9.5,Dormant_Mule,ACC009991
14,12997.88,0.362,1306.9,Normal,ACC003411
22,9908.48,0.236,744.8,Normal,ACC008815
8,3183.96,0.309,1242.3,Normal,ACC003757
1,7637.28,0.197,1011.1,Normal,ACC007208
5,19050.77,0.196,1257.5,Normal,ACC006063
10,18447.34,0.244,1091.0,Normal,ACC004072
10,12282.01,0.54,548.6,Normal,ACC002645
20,13516.81,0.425,1309.6,Normal,ACC005114
309,40870.01,0.462,1569.7,Legitimate_Awakening,ACC009591
509,40628.35,0.587,1316.5,Legitimate_Awakening,ACC009512
14,5438.78,0.118,1223.5,Normal,ACC007203
3,8053.61,0.349,720.5,Normal,ACC005266
17,10242.56,0.253,1405.3,Normal,ACC002295
4,1026.21,0.55,566.3,Normal,ACC003954
9,17756.8,0.292,771.4,Normal,ACC000886
375,48756.66,0.675,2117.0,Legitimate_Awakening,ACC009552
28,4178.31,0.445,207.0,Normal,ACC004258
15,7087.89,0.296,1259.0,Normal,ACC007614
22,10604.61,0.361,832.1,Normal,ACC004026
18,10723.81,0.523,1413.6,Normal,ACC007929
2,16438.57,0.472,1254.8,Normal,ACC005237
0,8382.67,0.261,1109.8,Normal,ACC000663
4,10964.03,0.119,969.0,Normal,ACC007424
543,54749.45,0.368,1170.0,Legitimate_Awakening,ACC009797
20,13762.75,0.409,1113.6,Normal,ACC000327
5,19513.81,0.345,1074.2,Normal,ACC000193
21,10741.44,0.204,812.6,Normal,ACC003008
1,5691.55,0.357,261.1,Normal,ACC002567
23,15947.73,0.438,1017.1,Normal,ACC001167
380,24459.31,0.484,2860.4,Legitimate_Awakening,ACC009814
26,16708.17,0.256,1019.7,Normal,ACC006558
10,1404.88,0.271,150.1,Normal,ACC005770
18,5420.51,0.307,228.7,Normal,ACC002967
454,44340.57,0.426,1878.5,Legitimate_Awakening,ACC008919
18,14203.52,0.597,990.0,Normal,ACC005231
267,19619.38,0.508,2849.6,Legitimate_Awakening,ACC008956
14,9137.27,0.4,748.8,Normal,ACC002604
23,10915.18,0.522,1082.7,Normal,ACC006894
11,5782.04,0.434,587.2,Normal,ACC006417
313,30205.52,0.478,732.3,Legitimate_Awakening,ACC009144
1,10824.0,0.298,545.5,Normal,ACC002694
9,8344.32,0.482,442.0,Normal,ACC003655
2,17268.84,0.44,714.7,Normal,ACC000009
27,13299.09,0.295,582.9,Normal,ACC006381
26,925.13,0.228,604.7,Normal,ACC007979
430,57572.25,0.579,325.7,Legitimate_Awakening,ACC009024
8,13294.67,0.308,952.9,Normal,ACC004614
0,15846.03,0.128,607.6,Normal,ACC002128
21,8892.66,0.327,1280.7,Normal,ACC004643
26,9097.16,0.28,975.8,Normal,ACC007151
2,10395.32,0.12,1314.3,Normal,ACC006394
17,4982.92,0.36,660.2,Normal,ACC007451
18,16731.51,0.434,998.8,Normal,ACC004007
28,4259.41,0.166,655.3,Normal,ACC005558
6,5468.94,0.178,1034.2,Normal,ACC004654
28,995.31,0.563,1417.5,Normal,ACC008813
24,15317.98,0.444,806.8,Normal,ACC008593
24,3994.21,0.254,837.9,Normal,ACC007007
9,1486.22,0.347,510.7,Normal,ACC003772
0,10692.42,0.437,217.6,Normal,ACC005849
582,24685.25,0.379,2593.3,Legitimate_Awakening,ACC009176
20,10694.32,0.458,265.5,Normal,ACC005421
309,48076.74,0.556,2223.2,Legitimate_Awakening,ACC008860
10,6856.96,0.371,344.7,Normal,ACC005434
28,14249.0,0.523,430.9,Normal,ACC005403
17,596.96,0.439,845.9,Normal,ACC003458
6,12358.79,0.421,998.1,Normal,ACC005714
11,3052.04,0.585,719.0,Normal,ACC000393
11,2725.24,0.22,524.8,Normal,ACC004057
550,28049.55,0.543,1601.2,Legitimate_Awakening,ACC009473
9,8836.17,0.203,1175.6,Normal,ACC000889
16,17630.47,0.402,718.1,Normal,ACC006350
9,19996.53,0.501,686.1,Normal,ACC006806
8,4734.49,0.472,176.8,Normal,ACC006053
27,3641.05,0.307,654.9,Normal,ACC007183
26,14649.73,0.41,1302.8,Normal,ACC000776
14,697.81,0.116,193.3,Normal,ACC008591
7,6679.27,0.268,565.4,Normal,ACC003272
0,13214.28,0.179,885.2,Normal,ACC007576
8,5946.7,0.566,1022.0,Normal,ACC003245
26,6068.96,0.427,985.3,Normal,ACC003842
24,7995.97,0.436,897.1,Normal,ACC003977
600,450487.48,0.996,43.5,Dormant_Mule,ACC009967
9,4288.33,0.324,1215.4,Normal,ACC001366
6,2349.56,0.372,1097.5,Normal,ACC001767
22,3703.59,0.492,281.7,Normal,ACC001357
4,10134.96,0.528,840.9,Normal,ACC004966
14,7001.65,0.109,1109.3,Normal,ACC005812
7,12708.16,0.115,1400.3,Normal,ACC003353
23,14153.66,0.513,1085.4,Normal,ACC003141
20,16652.36,0.333,510.2,Normal,ACC006181
25,15523.72,0.269,1362.9,Normal,ACC001197
15,19156.05,0.4,1081.8,Normal,ACC001251
12,4783.91,0.575,322.9,Normal,ACC007116
13,17977.49,0.302,721.4,Normal,ACC001980
23,19418.0,0.399,433.2,Normal,ACC006124
24,17807.99,0.383,1019.6,Normal,ACC003770
17,9505.23,0.6,1227.6,Normal,ACC003349
20,1527.13,0.246,510.4,Normal,ACC004866
8,18679.22,0.538,541.6,Normal,ACC004012
17,12931.23,0.423,1211.3,Normal,ACC002704
25,2759.45,0.532,942.8,Normal,ACC000023
0,4646.18,0.287,130.3,Normal,ACC003468
17,1236.07,0.392,423.5,Normal,ACC002848
3,12092.3,0.522,1193.9,Normal,ACC005243
29,843.88,0.376,883.6,Normal,ACC005599
0,9164.87,0.572,183.1,Normal,ACC002148
17,5365.31,0.374,482.2,Normal,ACC001105
533,51341.12,0.32,2583.6,Legitimate_Awakening,ACC009424
667,29791.86,0.4,1621.9,Legitimate_Awakening,ACC009272
13,5298.45,0.391,674.3,Normal,ACC005810
193,30413.41,0.341,1169.0,Legitimate_Awakening,ACC009624
14,18297.24,0.427,945.2,Normal,ACC005898
7,2497.62,0.455,598.9,Normal,ACC005635
22,12052.59,0.524,591.1,Normal,ACC002526
17,6672.49,0.491,351.4,Normal,ACC004725
19,4716.43,0.446,916.0,Normal,ACC000992
204,54281.06,0.486,567.3,Legitimate_Awakening,ACC008979
21,2016.04,0.231,1378.4,Normal,ACC005085
607,46277.72,0.458,976.3,Legitimate_Awakening,ACC009519
5,12208.89,0.15,1369.7,Normal,ACC003631
14,18469.51,0.506,1209.3,Normal,ACC001302
12,10143.16,0.161,896.3,Normal,ACC001279
24,8353.91,0.547,120.6,Normal,ACC000801
26,5632.25,0.269,261.7,Normal,ACC003899
29,16872.68,0.313,971.0,Normal,ACC003692
1,3072.16,0.388,571.6,Normal,ACC008735
10,7192.99,0.508,1396.5,Normal,ACC005295
9,14266.71,0.219,633.1,Normal,ACC001838
15,11655.07,0.34,768.7,Normal,ACC002309
22,1059.37,0.139,212.0,Normal,ACC008199
26,7762.32,0.156,1401.9,Normal,ACC005120
21,9398.36,0.547,777.2,Normal,ACC002269
29,16897.9,0.409,415.1,Normal,ACC007560
0,19158.94,0.551,271.7,Normal,ACC008365
25,18983.32,0.51,849.2,Normal,ACC006030
5,2068.64,0.178,449.9,Normal,ACC004024
29,13822.36,0.206,172.4,Normal,ACC006941
15,5561.23,0.246,1051.0,Normal,ACC002263
23,17526.61,0.203,173.8,Normal,ACC004638
3,16410.54,0.223,688.6,Normal,ACC005352
28,15292.48,0.294,898.8,Normal,ACC007845
23,11831.89,0.365,1233.3,Normal,ACC003812
21,3295.33,0.184,336.9,Normal,ACC004125
27,4637.67,0.516,665.8,Normal,ACC008087
18,4111.31,0.187,249.9,Normal,ACC000512
15,4166.26,0.344,1336.1,Normal,ACC007737
4,13999.39,0.525,449.6,Normal,ACC000285
24,5736.26,0.556,513.5,Normal,ACC006897
7,1471.11,0.19,974.7,Normal,ACC003669
15,2962.23,0.122,528.7,Normal,ACC006885
20,16685.64,0.125,1245.2,Normal,ACC002363
8,14459.55,0.125,777.0,Normal,ACC005984
16,9315.99,0.509,824.5,Normal,ACC003660
8,19518.23,0.452,1060.1,Normal,ACC003335
2,18565.76,0.461,183.5,Normal,ACC000205
27,19012.83,0.377,573.3,Normal,ACC008713
24,16816.38,0.463,585.6,Normal,ACC004833
5,13096.3,0.317,385.0,Normal,ACC002867
20,15568.75,0.528,1155.8,Normal,ACC005498
9,12258.91,0.512,244.4,Normal,ACC007939
502,56209.8,0.567,2672.2,Legitimate_Awakening,ACC009353
23,11704.28,0.48,238.2,Normal,ACC005657
26,12386.5,0.351,188.0,Normal,ACC000042
21,9361.48,0.244,482.4,Normal,ACC008028
13,19914.28,0.226,696.5,Normal,ACC002395
18,19696.11,0.527,1347.9,Normal,ACC004396
8,18689.38,0.365,1178.9,Normal,ACC008618
11,11891.4,0.572,1425.8,Normal,ACC008790
26,5816.78,0.386,439.8,Normal,ACC007410
23,4518.44,0.321,205.8,Normal,ACC002355
21,6569.16,0.354,197.0,Normal,ACC006807
6,9913.97,0.358,121.8,Normal,ACC005863
9,18610.22,0.502,335.3,Normal,ACC002326
29,14633.39,0.13,887.6,Normal,ACC003557
18,2603.39,0.126,543.9,Normal,ACC006911
20,16835.53,0.326,1107.2,Normal,ACC007813
6,1349.16,0.483,875.7,Normal,ACC005674
10,8135.36,0.579,486.9,Normal,ACC007575
591,25453.18,0.646,2331.3,Legitimate_Awakening,ACC009416
692,309438.79,0.999,42.6,Dormant_Mule,ACC009947
19,13103.42,0.202,1036.1,Normal,ACC008177
22,8685.73,0.228,927.2,Normal,ACC000077
17,13678.33,0.38,1162.4,Normal,ACC002775
0,17257.52,0.151,578.1,Normal,ACC003835
23,16011.29,0.411,535.7,Normal,ACC004792
1,18587.45,0.254,267.3,Normal,ACC002561
569,31787.8,0.555,2157.9,Legitimate_Awakening,ACC009224
7,5491.91,0.175,1092.5,Normal,ACC006043
14,10646.21,0.274,454.9,Normal,ACC006771
18,7366.88,0.481,395.2,Normal,ACC007632
19,5480.52,0.208,128.1,Normal,ACC005523
6,19844.31,0.443,1230.6,Normal,ACC002491
16,8932.72,0.508,379.1,Normal,ACC003075
22,585.08,0.183,1061.2,Normal,ACC000745
3,11837.63,0.153,1272.4,Normal,ACC001068
4,657.15,0.572,433.0,Normal,ACC001103
28,19442.38,0.147,893.0,Normal,ACC007999
5,12500.71,0.141,235.9,Normal,ACC001284
17,11316.49,0.163,710.3,Normal,ACC004270
0,1595.16,0.228,816.4,Normal,ACC001327
13,16974.82,0.212,435.7,Normal,ACC001089
16,16047.07,0.399,980.6,Normal,ACC008669
10,1585.0,0.5,462.4,Normal,ACC004063
14,6029.19,0.242,756.6,Normal,ACC001895
605,251629.02,0.963,41.0,Dormant_Mule,ACC009923
18,18968.22,0.137,176.9,Normal,ACC005944
14,15149.94,0.548,1236.9,Normal,ACC001303
2,2995.25,0.51,663.5,Normal,ACC007780
281,37215.09,0.327,1949.2,Legitimate_Awakening,ACC009208
5,15928.14,0.18,1224.4,Normal,ACC007701
28,1124.35,0.248,891.7,Normal,ACC003094
12,4054.7,0.483,423.4,Normal,ACC005478
7,7687.93,0.559,1305.7,Normal,ACC008697
525,27609.07,0.318,865.6,Legitimate_Awakening,ACC009677
22,2755.65,0.256,747.7,Normal,ACC007760
19,19603.96,0.255,1119.8,Normal,ACC007239
12,12656.92,0.422,1062.6,Normal,ACC003322
26,8292.95,0.194,1121.9,Normal,ACC003837
6,1532.97,0.528,1344.0,Normal,ACC003465
13,7713.64,0.513,326.3,Normal,ACC003991
22,2064.25,0.524,226.5,Normal,ACC005589
429,24838.46,0.345,1966.6,Legitimate_Awakening,ACC009131
25,7927.37,0.585,1231.6,Normal,ACC000148
29,18803.96,0.275,441.8,Normal,ACC001267
18,3294.02,0.415,996.2,Normal,ACC007536
15,10092.37,0.501,1004.9,Normal,ACC003637
8,8830.47,0.389,512.7,Normal,ACC005861
21,14138.24,0.283,716.7,Normal,ACC005087
14,15723.03,0.453,816.3,Normal,ACC008620
3,3929.06,0.317,823.4,Normal,ACC007822
366,29077.31,0.338,1808.8,Legitimate_Awakening,ACC009360
5,19302.29,0.389,809.2,Normal,ACC004134
19,10373.84,0.586,484.6,Normal,ACC002123
1,4655.54,0.116,980.2,Normal,ACC000349
19,1296.25,0.585,1332.6,Normal,ACC005901
5,1911.28,0.154,974.1,Normal,ACC007135
11,2519.19,0.298,783.8,Normal,ACC008076
12,15607.9,0.324,821.0,Normal,ACC005860
16,4347.62,0.259,492.1,Normal,ACC002364
18,18685.74,0.163,624.3,Normal,ACC001674
21,6301.11,0.248,1077.8,Normal,ACC002670
443,17439.12,0.535,2244.0,Legitimate_Awakening,ACC009578
8,16653.37,0.261,433.2,Normal,ACC002462
5,8306.27,0.283,858.6,Normal,ACC002791
20,2618.98,0.125,1293.8,Normal,ACC006889
5,18097.05,0.272,1087.6,Normal,ACC001067
24,14545.22,0.444,246.4,Normal,ACC002264
0,11979.61,0.133,770.6,Normal,ACC008369
14,9661.08,0.377,1233.0,Normal,ACC002601
4,10532.0,0.143,844.5,Normal,ACC001177
28,18345.82,0.567,907.2,Normal,ACC006950
6,18821.59,0.478,894.3,Normal,ACC001217
2,2892.21,0.392,1323.6,Normal,ACC007506
28,12610.21,0.324,756.1,Normal,ACC007262
27,7736.34,0.152,908.1,Normal,ACC008826
19,19298.4,0.111,1134.7,Normal,ACC006357
18,14299.26,0.367,1146.1,Normal,ACC005484
27,17036.31,0.462,1165.6,Normal,ACC000491
23,18978.66,0.338,538.8,Normal,ACC001963
10,16613.65,0.394,586.1,Normal,ACC001229
4,10177.41,0.223,120.2,Normal,ACC007708
7,13950.93,0.573,954.4,Normal,ACC001658
10,19254.92,0.219,455.5,Normal,ACC004831
20,16779.81,0.247,195.1,Normal,ACC003174
0,5135.13,0.141,947.8,Normal,ACC003244
28,4071.81,0.395,859.2,Normal,ACC002092
691,30839.29,0.675,610.4,Legitimate_Awakening,ACC009245
14,14323.64,0.129,199.0,Normal,ACC007825
14,2807.56,0.305,1228.5,Normal,ACC000555
28,14274.25,0.273,129.2,Normal,ACC001349
4,11509.52,0.432,1016.4,Normal,ACC001289
551,48115.65,0.426,1319.8,Legitimate_Awakening,ACC008990
6,18544.18,0.21,529.5,Normal,ACC004653
357,39977.85,0.33,1477.6,Legitimate_Awakening,ACC009001
3,9908.2,0.503,1182.6,Normal,ACC004294
11,786.01,0.394,342.3,Normal,ACC000423
14,13060.94,0.299,678.9,Normal,ACC004352
23,11029.16,0.521,807.7,Normal,ACC000465
2,17379.93,0.175,137.0,Normal,ACC004262
2,9908.61,0.411,133.3,Normal,ACC001835
0,13582.88,0.401,230.0,Normal,ACC007706
4,8476.03,0.198,1390.6,Normal,ACC006790
21,18576.28,0.433,1031.9,Normal,ACC002406
12,2424.28,0.386,246.4,Normal,ACC003560
642,55748.79,0.592,2286.2,Legitimate_Awakening,ACC009825
0,2824.01,0.291,1087.7,Normal,ACC008711
668,21205.27,0.323,1009.0,Legitimate_Awakening,ACC009302
9,10177.07,0.407,1030.4,Normal,ACC005918
488,50378.87,0.385,2273.0,Legitimate_Awakening,ACC009547
28,3515.68,0.128,793.2,Normal,ACC007682
3,11145.1,0.117,344.9,Normal,ACC002454
16,19691.77,0.115,1438.1,Normal,ACC002667
18,15070.21,0.579,762.3,Normal,ACC004935
19,3932.48,0.533,706.3,Normal,ACC001550
15,9798.8,0.536,176.0,Normal,ACC006701
14,17838.05,0.334,987.8,Normal,ACC002581
13,19728.4,0.227,1184.2,Normal,ACC004934
12,11896.51,0.236,1262.5,Normal,ACC006879
6,10859.04,0.34,1185.1,Normal,ACC008099
1,19903.45,0.199,242.7,Normal,ACC004739
26,2887.01,0.48,906.1,Normal,ACC005752
27,17395.75,0.555,406.8,Normal,ACC005212
11,7939.15,0.164,1197.6,Normal,ACC007498
228,15428.4,0.375,1392.6,Legitimate_Awakening,ACC009746
22,11338.23,0.337,533.0,Normal,ACC000288
26,16818.84,0.386,1439.0,Normal,ACC001913
15,9196.24,0.367,1408.6,Normal,ACC006299
29,17998.55,0.218,220.9,Normal,ACC008097
29,17158.09,0.345,656.7,Normal,ACC001020
460,49393.94,0.597,338.4,Legitimate_Awakening,ACC008894
24,4576.9,0.371,1038.4,Normal,ACC000052
23,8306.1,0.506,138.3,Normal,ACC001286
26,12985.56,0.471,505.9,Normal,ACC007137
25,2308.53,0.41,577.7,Normal,ACC008839
15,7612.37,0.508,360.8,Normal,ACC008112
19,5918.13,0.238,690.3,Normal,ACC000859
28,3826.35,0.574,707.7,Normal,ACC000641
672,20222.26,0.624,533.8,Legitimate_Awakening,ACC009442
7,11960.33,0.201,1399.9,Normal,ACC006349
497,127945.83,0.969,2.4,Dormant_Mule,ACC009974
398,24938.24,0.44,2376.3,Legitimate_Awakening,ACC009143
29,779.15,0.469,1221.1,Normal,ACC000717
26,3871.99,0.441,683.9,Normal,ACC003591
0,17361.92,0.134,978.4,Normal,ACC003494
12,8735.39,0.166,1399.5,Normal,ACC003830
27,5533.03,0.157,1331.2,Normal,ACC001241
28,9179.67,0.417,287.3,Normal,ACC003225
10,9292.28,0.379,123.6,Normal,ACC005889
20,11645.2,0.199,700.7,Normal,ACC007210
20,8441.31,0.113,866.3,Normal,ACC004426
16,5181.36,0.378,262.9,Normal,ACC002592
6,15597.2,0.404,149.9,Normal,ACC004210
18,8844.34,0.199,947.2,Normal,ACC002294
21,9972.79,0.351,435.7,Normal,ACC004192
1,13905.02,0.263,245.1,Normal,ACC002090
634,294207.47,0.993,20.9,Dormant_Mule,ACC009897
7,11187.73,0.148,855.6,Normal,ACC006598
28,17966.98,0.44,782.8,Normal,ACC006930
19,7708.04,0.265,679.1,Normal,ACC002436
27,19488.23,0.216,239.6,Normal,ACC000007
19,12874.12,0.436,1017.4,Normal,ACC003976
11,16916.22,0.576,859.6,Normal,ACC006931
13,3401.37,0.379,1330.9,Normal,ACC002803
11,18970.94,0.576,144.7,Normal,ACC006577
17,1156.95,0.42,274.2,Normal,ACC008781
22,13526.38,0.188,885.9,Normal,ACC002151
26,585.03,0.26,238.5,Normal,ACC005091
26,5492.87,0.16,1323.2,Normal,ACC003172
6,4190.13,0.504,464.3,Normal,ACC004315
0,17793.4,0.544,1104.4,Normal,ACC001903
15,13275.86,0.354,572.8,Normal,ACC003064
6,562.76,0.41,589.3,Normal,ACC000544
344,18759.56,0.502,687.3,Legitimate_Awakening,ACC009707
670,218294.5,0.98,44.4,Dormant_Mule,ACC009869
25,4130.22,0.163,302.7,Normal,ACC002754
13,18301.4,0.383,361.1,Normal,ACC001083
1,15195.47,0.285,879.0,Normal,ACC008221
14,7332.65,0.459,610.2,Normal,ACC006172
22,10022.04,0.269,845.0,Normal,ACC002127
22,10413.92,0.179,1005.7,Normal,ACC002663
13,5007.91,0.189,1433.6,Normal,ACC005409
6,12569.49,0.262,1221.3,Normal,ACC000496
25,8336.8,0.177,875.8,Normal,ACC000985
13,15629.61,0.504,1133.4,Normal,ACC001561
6,17523.62,0.268,938.0,Normal,ACC003944
10,13608.39,0.576,761.0,Normal,ACC003928
419,22840.04,0.606,2163.5,Legitimate_Awakening,ACC009114
15,19233.24,0.258,663.8,Normal,ACC008247
24,19540.1,0.221,1067.4,Normal,ACC005220
19,953.38,0.532,152.9,Normal,ACC007663
24,15916.55,0.345,234.3,Normal,ACC003896
28,1095.71,0.536,815.9,Normal,ACC000713
14,1660.73,0.402,1026.3,Normal,ACC000660
4,13914.02,0.569,1073.5,Normal,ACC002722
17,9519.43,0.257,997.9,Normal,ACC003741
6,19349.13,0.322,543.7,Normal,ACC001530
11,14678.51,0.108,419.2,Normal,ACC006611
2,2934.69,0.519,1122.5,Normal,ACC007336
2,12490.89,0.215,853.7,Normal,ACC005030
19,7348.55,0.11,1409.5,Normal,ACC004136
4,1436.23,0.492,627.8,Normal,ACC006298
19,6115.01,0.303,871.8,Normal,ACC008549
22,2213.2,0.529,758.5,Normal,ACC005796
26,12463.79,0.573,183.7,Normal,ACC002957
0,6740.53,0.338,540.2,Normal,ACC001182
16,2410.54,0.176,1243.6,Normal,ACC008835
7,17327.96,0.366,1162.1,Normal,ACC000911
19,11377.97,0.513,362.7,Normal,ACC006702
9,12421.38,0.361,130.2,Normal,ACC004781
27,8869.61,0.549,500.8,Normal,ACC004428
26,8358.68,0.536,158.5,Normal,ACC006526
575,410981.37,0.957,8.8,Dormant_Mule,ACC009890
27,1008.3,0.302,324.5,Normal,ACC005281
655,308091.78,0.977,21.7,Dormant_Mule,ACC009883
22,2586.71,0.246,848.4,Normal,ACC004462
5,14516.94,0.287,1202.5,Normal,ACC008493
25,5513.74,0.409,727.3,Normal,ACC003925
18,11240.92,0.414,755.1,Normal,ACC005275
4,13632.63,0.354,1283.4,Normal,ACC008354
551,21020.36,0.546,1791.5,Legitimate_Awakening,ACC009047
16,8253.44,0.232,391.0,Normal,ACC000863
18,5139.77,0.538,1016.1,Normal,ACC008438
14,1748.51,0.543,530.0,Normal,ACC008140
17,15783.31,0.342,1064.1,Normal,ACC008616
7,9126.59,0.501,1343.9,Normal,ACC006258
29,9422.72,0.338,1153.6,Normal,ACC001437
27,11082.57,0.17,1178.9,Normal,ACC000019
23,3085.78,0.217,718.4,Normal,ACC002366
22,9627.64,0.593,681.4,Normal,ACC003543
14,3677.96,0.367,497.2,Normal,ACC005476
2,10872.52,0.224,901.7,Normal,ACC007903
29,6199.75,0.123,1151.4,Normal,ACC006773
23,3245.18,0.357,895.1,Normal,ACC002739
25,17294.03,0.177,716.0,Normal,ACC002434
828,470247.52,0.955,33.8,Dormant_Mule,ACC009872
8,3018.61,0.577,920.2,Normal,ACC000153
2,16671.09,0.539,874.7,Normal,ACC000638
20,14850.09,0.519,1373.5,Normal,ACC002789
23,6008.34,0.575,887.7,Normal,ACC000810
24,4298.68,0.405,1190.0,Normal,ACC005131
26,15432.38,0.146,798.3,Normal,ACC002401
27,712.69,0.103,786.4,Normal,ACC006336
18,3586.06,0.162,475.5,Normal,ACC008487
3,13077.45,0.205,1255.3,Normal,ACC008226
6,12157.02,0.107,585.8,Normal,ACC003023
6,7038.92,0.508,1179.4,Normal,ACC002418
1,3728.05,0.466,812.3,Normal,ACC003036
2,3638.63,0.305,993.3,Normal,ACC004680
372,51057.45,0.433,854.7,Legitimate_Awakening,ACC009661
12,4880.82,0.3,660.8,Normal,ACC001257
5,16728.4,0.329,903.6,Normal,ACC003517
4,18717.95,0.451,483.1,Normal,ACC007417
15,12917.13,0.319,1416.5,Normal,ACC005995
3,2925.98,0.122,1359.9,Normal,ACC008526
8,7413.69,0.382,453.1,Normal,ACC001614
11,15123.61,0.385,905.4,Normal,ACC006883
0,3209.0,0.38,998.1,Normal,ACC006079
23,15914.38,0.168,597.8,Normal,ACC005777
0,13140.27,0.296,1300.5,Normal,ACC004328
15,3065.63,0.125,1036.5,Normal,ACC003383
18,18600.51,0.551,212.5,Normal,ACC005653
597,144860.86,0.957,7.4,Dormant_Mule,ACC009852
23,869.84,0.542,1161.3,Normal,ACC007804
3,2076.64,0.285,439.7,Normal,ACC000045
7,1061.62,0.422,485.8,Normal,ACC001654
15,2963.73,0.342,813.3,Normal,ACC003989
12,8848.63,0.232,1124.5,Normal,ACC005080
20,13504.46,0.435,1309.5,Normal,ACC004775
10,6462.3,0.304,518.1,Normal,ACC005168
3,8899.47,0.564,808.8,Normal,ACC005504
25,18929.79,0.203,624.5,Normal,ACC004635
6,15184.62,0.463,1324.6,Normal,ACC004842
10,16420.42,0.499,318.9,Normal,ACC000047
24,9352.2,0.251,626.9,Normal,ACC001866
19,12686.79,0.219,1180.4,Normal,ACC006312
2,7171.1,0.315,1216.9,Normal,ACC001063
18,19011.34,0.582,156.6,Normal,ACC008278
15,1836.26,0.534,1166.2,Normal,ACC004479
3,12704.01,0.305,455.3,Normal,ACC002998
17,13762.57,0.215,723.1,Normal,ACC000457
11,1835.9,0.184,1164.5,Normal,ACC003472
1,9071.38,0.112,336.5,Normal,ACC006869
22,13010.61,0.126,753.9,Normal,ACC005260
5,9409.32,0.476,1059.4,Normal,ACC007982
10,2736.45,0.136,1244.5,Normal,ACC005072
25,4219.0,0.409,994.7,Normal,ACC007838
27,7447.81,0.553,479.2,Normal,ACC000035
28,11242.46,0.305,1226.5,Normal,ACC004025
15,17392.7,0.182,668.0,Normal,ACC001232
18,10388.91,0.562,574.1,Normal,ACC007446
8,10505.01,0.435,1238.5,Normal,ACC002430
22,15559.05,0.317,556.6,Normal,ACC002621
5,11459.41,0.455,1111.3,Normal,ACC008423
6,8258.17,0.283,494.2,Normal,ACC008166
14,6741.08,0.119,596.3,Normal,ACC003215
5,12434.02,0.197,744.8,Normal,ACC004742
14,9209.58,0.262,1095.6,Normal,ACC007232
16,9174.62,0.345,584.2,Normal,ACC001396
12,9444.75,0.191,519.2,Normal,ACC001672
15,2737.7,0.345,343.7,Normal,ACC001252
20,2895.12,0.583,491.6,Normal,ACC004641
581,39051.93,0.381,1825.7,Legitimate_Awakening,ACC009314
6,18660.26,0.427,269.4,Normal,ACC008329
2,5555.18,0.554,147.9,Normal,ACC002853
15,1791.97,0.579,1166.8,Normal,ACC004165
605,28718.04,0.314,1328.9,Legitimate_Awakening,ACC009141
15,7547.98,0.43,555.8,Normal,ACC005775
27,15657.33,0.455,391.4,Normal,ACC008071
22,2024.02,0.242,998.2,Normal,ACC008787
0,10527.43,0.37,456.7,Normal,ACC001578
201,34804.03,0.417,859.9,Legitimate_Awakening,ACC009731
0,14745.04,0.12,245.1,Normal,ACC002314
3,11113.3,0.279,1031.1,Normal,ACC007403
9,15643.83,0.376,992.5,Normal,ACC002585
27,2105.88,0.375,478.1,Normal,ACC003461
23,8787.55,0.238,469.8,Normal,ACC002445
588,29697.57,0.413,1822.6,Legitimate_Awakening,ACC009830
21,9584.5,0.129,366.1,Normal,ACC004274
16,10456.32,0.408,1322.0,Normal,ACC001035
385,52336.28,0.367,528.5,Legitimate_Awakening,ACC008955
24,3156.56,0.415,517.6,Normal,ACC002884
513,47700.81,0.396,490.7,Legitimate_Awakening,ACC009587
3,13943.53,0.399,189.9,Normal,ACC005550
3,16844.43,0.111,427.8,Normal,ACC004335
27,11881.29,0.139,1406.2,Normal,ACC000141
18,17268.84,0.207,922.3,Normal,ACC001699
14,6392.05,0.14,1373.1,Normal,ACC008163
11,1110.4,0.466,1320.6,Normal,ACC000346
13,18710.92,0.262,602.6,Normal,ACC004485
18,9969.84,0.219,625.6,Normal,ACC007221
6,10063.71,0.119,826.5,Normal,ACC002482
23,19852.1,0.436,538.3,Normal,ACC000524
15,18406.9,0.529,382.7,Normal,ACC004151
11,11953.98,0.255,1438.9,Normal,ACC004719
29,13261.19,0.576,817.9,Normal,ACC007914
7,3787.35,0.297,1132.0,Normal,ACC004402
26,965.74,0.325,559.2,Normal,ACC002162
27,8080.91,0.293,784.7,Normal,ACC003814
26,7289.88,0.151,630.4,Normal,ACC004772
1,13642.99,0.31,829.9,Normal,ACC008843
2,9639.27,0.462,1233.6,Normal,ACC007125
2,12708.91,0.546,787.5,Normal,ACC002023
28,18558.2,0.499,1415.9,Normal,ACC005299
2,6368.84,0.192,1118.5,Normal,ACC001459
19,10582.0,0.172,941.4,Normal,ACC004435
27,6394.4,0.548,1403.1,Normal,ACC002045
25,15369.25,0.468,1195.0,Normal,ACC004734
2,4470.25,0.24,865.2,Normal,ACC004214
436,24149.46,0.659,1116.8,Legitimate_Awakening,ACC008940
1,19514.73,0.548,504.9,Normal,ACC005593
639,23662.77,0.583,1018.4,Legitimate_Awakening,ACC009555
24,6355.05,0.134,1334.4,Normal,ACC006853
14,6049.71,0.359,1239.6,Normal,ACC001447
13,8954.09,0.334,1050.4,Normal,ACC004000
19,6402.94,0.477,745.7,Normal,ACC008430
8,18432.88,0.256,396.0,Normal,ACC001800
14,16250.74,0.277,331.1,Normal,ACC006847
26,19398.37,0.212,410.9,Normal,ACC006395
15,18635.37,0.413,362.9,Normal,ACC006107
14,8774.52,0.295,1376.8,Normal,ACC007740
17,7085.36,0.505,1038.3,Normal,ACC002640
0,1585.49,0.599,1037.3,Normal,ACC005184
4,6111.06,0.592,175.3,Normal,ACC004509
25,18297.87,0.396,407.2,Normal,ACC007695
26,5642.41,0.535,1293.2,Normal,ACC007933
28,13558.84,0.581,915.5,Normal,ACC002195
7,2106.92,0.4,761.1,Normal,ACC001306
292,54556.44,0.59,1518.2,Legitimate_Awakening,ACC009300
13,2650.4,0.292,1361.1,Normal,ACC003678
3,18512.76,0.511,587.4,Normal,ACC001622
16,8829.57,0.151,771.5,Normal,ACC003176
14,8700.45,0.492,964.0,Normal,ACC000158
22,13652.82,0.333,919.1,Normal,ACC006329
12,18112.53,0.11,746.5,Normal,ACC005067
8,7552.08,0.401,925.2,Normal,ACC003698
20,5232.09,0.363,428.2,Normal,ACC005729
19,5543.2,0.519,375.4,Normal,ACC008532
17,18024.78,0.189,505.9,Normal,ACC004886
21,11202.35,0.406,418.5,Normal,ACC000580
404,19542.82,0.558,2162.3,Legitimate_Awakening,ACC009378
28,17424.41,0.327,800.6,Normal,ACC000405
27,8078.73,0.182,481.4,Normal,ACC000522
23,12277.18,0.351,832.6,Normal,ACC000219
21,18302.78,0.16,884.2,Normal,ACC008200
17,13018.2,0.497,921.9,Normal,ACC006955
27,5123.09,0.169,779.2,Normal,ACC007968
22,7259.49,0.201,1186.0,Normal,ACC003420
0,6935.91,0.192,313.1,Normal,ACC007781
4,5730.19,0.243,180.8,Normal,ACC006270
12,5681.53,0.521,656.8,Normal,ACC008303
12,15634.96,0.343,416.7,Normal,ACC003039
9,7604.33,0.525,1124.5,Normal,ACC005441
387,28104.82,0.607,1356.6,Legitimate_Awakening,ACC009436
23,2280.85,0.181,1388.2,Normal,ACC001512
26,5864.6,0.417,1408.8,Normal,ACC008508
2,1641.56,0.301,1202.2,Normal,ACC006505
16,10934.85,0.445,1016.6,Normal,ACC002584
12,17852.73,0.509,793.4,Normal,ACC001016
28,8324.43,0.528,690.1,Normal,ACC001939
5,19706.29,0.507,337.3,Normal,ACC003324
8,8745.97,0.435,142.6,Normal,ACC003484
21,10378.67,0.545,692.9,Normal,ACC004629
8,1742.6,0.523,921.9,Normal,ACC005116
23,3169.58,0.243,454.4,Normal,ACC004841
3,5368.68,0.408,1061.1,Normal,ACC007915
26,18992.37,0.372,524.5,Normal,ACC005270
27,13785.71,0.403,604.3,Normal,ACC005742
14,3331.7,0.141,1354.6,Normal,ACC008474
4,13866.72,0.16,282.1,Normal,ACC003512
10,6709.81,0.465,499.8,Normal,ACC002026
2,4762.07,0.322,1431.5,Normal,ACC006710
13,18265.83,0.352,764.6,Normal,ACC007789
27,1996.78,0.102,1005.0,Normal,ACC001248
28,15335.49,0.13,144.8,Normal,ACC003318
3,2700.39,0.535,959.7,Normal,ACC001917
10,18051.89,0.513,349.9,Normal,ACC006319
22,5057.95,0.419,1202.5,Normal,ACC001192
11,16380.54,0.24,294.5,Normal,ACC001225
236,51694.86,0.522,2734.5,Legitimate_Awakening,ACC008897
5,11977.85,0.229,1030.6,Normal,ACC005950
9,10698.25,0.122,572.1,Normal,ACC004267
29,4821.34,0.432,693.9,Normal,ACC006409
12,13434.56,0.52,846.9,Normal,ACC001410
8,7904.25,0.178,586.6,Normal,ACC007148
4,4296.36,0.283,440.5,Normal,ACC006515
25,18566.38,0.277,1076.4,Normal,ACC004665
29,3401.02,0.428,1156.5,Normal,ACC003889
6,6221.11,0.221,548.1,Normal,ACC007326
7,11528.37,0.425,582.3,Normal,ACC002509
25,15233.63,0.221,810.7,Normal,ACC006508
1,5837.12,0.556,248.7,Normal,ACC001308
23,12060.83,0.358,1431.8,Normal,ACC005927
29,11042.38,0.419,1078.4,Normal,ACC000086
15,8971.25,0.273,145.4,Normal,ACC002939
22,12561.28,0.417,739.5,Normal,ACC000974
19,1073.81,0.27,891.5,Normal,ACC004505
24,6595.32,0.556,1399.1,Normal,ACC005806
6,15139.8,0.353,1311.6,Normal,ACC006342
324,38279.43,0.541,346.6,Legitimate_Awakening,ACC009608
391,20459.05,0.577,2862.2,Legitimate_Awakening,ACC009533
26,1278.59,0.513,773.0,Normal,ACC004805
15,19010.49,0.427,1384.4,Normal,ACC008724
9,15583.3,0.581,458.2,Normal,ACC005390
2,13950.87,0.444,1050.3,Normal,ACC004027
24,4895.14,0.176,971.8,Normal,ACC008398
25,14805.63,0.413,1247.3,Normal,ACC002571
10,6442.84,0.191,233.4,Normal,ACC002099
19,18180.04,0.304,1237.6,Normal,ACC004656
26,14114.15,0.368,528.6,Normal,ACC000142
0,5369.47,0.167,1172.7,Normal,ACC007624
21,6617.69,0.403,303.7,Normal,ACC000478
1,5803.86,0.526,640.2,Normal,ACC007305
21,17413.3,0.398,1331.4,Normal,ACC006065
4,7161.86,0.243,1391.6,Normal,ACC008644
19,4458.37,0.326,1172.0,Normal,ACC002329
435,56383.17,0.456,1702.2,Legitimate_Awakening,ACC009500
13,10214.69,0.265,701.6,Normal,ACC001811
8,5709.31,0.555,695.1,Normal,ACC001568
7,17698.52,0.58,373.9,Normal,ACC001656
2,603.4,0.469,1093.4,Normal,ACC006415
7,4396.9,0.128,870.4,Normal,ACC001041
29,4928.96,0.544,631.6,Normal,ACC003806
3,3654.82,0.154,502.3,Normal,ACC008189
13,14857.95,0.119,462.5,Normal,ACC004542
12,12068.36,0.113,206.4,Normal,ACC007468
20,1765.53,0.413,670.2,Normal,ACC003161
16,2802.79,0.338,647.6,Normal,ACC007435
19,13510.66,0.596,1061.4,Normal,ACC002911
20,19474.44,0.568,132.4,Normal,ACC008127
14,19995.16,0.462,270.7,Normal,ACC001911
2,7614.56,0.227,1137.5,Normal,ACC008785
0,4474.48,0.262,129.4,Normal,ACC004916
7,10848.56,0.228,1011.9,Normal,ACC002138
25,766.81,0.141,461.3,Normal,ACC001159
1,14666.2,0.204,691.6,Normal,ACC003746
8,12268.81,0.43,1028.2,Normal,ACC001111
1,5973.84,0.6,473.8,Normal,ACC002426
19,10319.75,0.547,1356.0,Normal,ACC002850
29,3668.34,0.132,475.3,Normal,ACC005041
1,13473.2,0.5,994.7,Normal,ACC000661
10,10076.37,0.564,259.1,Normal,ACC000896
16,5081.12,0.15,315.7,Normal,ACC003748
22,9788.55,0.349,390.2,Normal,ACC000814
16,10786.53,0.267,394.4,Normal,ACC003638
26,8323.24,0.57,450.6,Normal,ACC007801
27,12407.02,0.517,771.7,Normal,ACC008751
21,7630.3,0.4,405.7,Normal,ACC006161
631,426335.87,0.955,24.9,Dormant_Mule,ACC009917
22,13869.26,0.479,823.1,Normal,ACC002394
18,2660.29,0.507,1101.7,Normal,ACC006791
19,18184.48,0.136,957.6,Normal,ACC003562
13,13323.53,0.356,157.7,Normal,ACC005276
18,1344.01,0.226,209.3,Normal,ACC007428
4,10683.74,0.485,404.9,Normal,ACC000084
22,10132.59,0.535,1092.6,Normal,ACC001588
23,1958.25,0.53,1197.4,Normal,ACC008524
13,11777.05,0.517,378.3,Normal,ACC005300
8,10927.41,0.133,462.4,Normal,ACC008744
17,9669.49,0.365,468.5,Normal,ACC003724
248,22162.5,0.428,1739.5,Legitimate_Awakening,ACC009845
10,8589.51,0.466,1025.4,Normal,ACC002284
7,15989.87,0.345,172.5,Normal,ACC003875
24,18881.85,0.141,455.2,Normal,ACC001070
558,18432.33,0.34,1288.2,Legitimate_Awakening,ACC008855
5,10687.66,0.381,702.4,Normal,ACC000705
1,16500.62,0.104,722.9,Normal,ACC001494
26,14257.18,0.436,640.5,Normal,ACC002145
27,16496.73,0.192,733.3,Normal,ACC003894
14,4835.21,0.206,660.1,Normal,ACC004864
260,45078.96,0.665,2100.3,Legitimate_Awakening,ACC009091
16,16190.51,0.169,1144.3,Normal,ACC002429
5,4244.46,0.433,942.9,Normal,ACC001427
494,19309.34,0.428,380.2,Legitimate_Awakening,ACC009728
17,18880.27,0.183,505.9,Normal,ACC005055
591,59417.87,0.413,1662.3,Legitimate_Awakening,ACC009767
273,44066.27,0.559,2726.1,Legitimate_Awakening,ACC009197
725,396030.62,0.971,18.8,Dormant_Mule,ACC009927
563,30749.0,0.505,761.2,Legitimate_Awakening,ACC009240
2,6049.32,0.31,627.3,Normal,ACC006353
16,16495.4,0.205,438.0,Normal,ACC002283
9,3457.51,0.141,689.7,Normal,ACC004036
2,12757.36,0.576,430.4,Normal,ACC006940
14,8420.31,0.204,840.2,Normal,ACC005881
21,1084.99,0.493,822.2,Normal,ACC007849
22,12990.8,0.344,126.1,Normal,ACC006570
6,15779.34,0.388,272.0,Normal,ACC003249
0,7699.99,0.327,844.2,Normal,ACC000199
404,43721.58,0.481,2158.0,Legitimate_Awakening,ACC009798
3,11999.72,0.325,1253.1,Normal,ACC002376
4,13853.67,0.519,1054.2,Normal,ACC003394
23,8050.12,0.199,920.5,Normal,ACC006335
13,14961.73,0.503,1235.5,Normal,ACC001400
418,50627.89,0.548,796.0,Legitimate_Awakening,ACC009498
15,16383.0,0.51,1173.8,Normal,ACC006028
16,13468.59,0.378,572.4,Normal,ACC001171
7,2318.61,0.183,547.2,Normal,ACC007261
19,3696.39,0.434,1023.0,Normal,ACC006856
18,11828.53,0.595,1118.9,Normal,ACC000971
5,4678.86,0.491,314.8,Normal,ACC004350
9,17614.52,0.14,851.1,Normal,ACC007722
9,19576.18,0.179,763.5,Normal,ACC002065
28,13658.33,0.439,612.5,Normal,ACC000977
19,14301.79,0.342,1303.4,Normal,ACC002234
4,19941.95,0.304,360.7,Normal,ACC007961
22,876.32,0.217,895.9,Normal,ACC008203
21,7135.94,0.152,362.4,Normal,ACC006466
29,7201.43,0.241,635.8,Normal,ACC000590
17,2607.35,0.163,731.5,Normal,ACC007249
12,17110.82,0.362,422.2,Normal,ACC003065
7,17343.9,0.303,1126.3,Normal,ACC001657
5,18854.55,0.394,530.8,Normal,ACC003451
390,20910.75,0.561,2432.0,Legitimate_Awakening,ACC008911
481,445809.86,0.988,44.2,Dormant_Mule,ACC009966
490,17519.53,0.587,1159.1,Legitimate_Awakening,ACC009721
4,12801.93,0.214,837.4,Normal,ACC008553
18,13500.82,0.242,893.2,Normal,ACC001990
12,6142.37,0.227,556.8,Normal,ACC002815
449,20673.2,0.524,2615.9,Legitimate_Awakening,ACC009449
17,2282.58,0.189,1028.8,Normal,ACC003491
3,19419.59,0.566,1098.9,Normal,ACC001018
23,16119.56,0.32,1042.9,Normal,ACC006573
18,16967.94,0.4,297.4,Normal,ACC005839
7,9356.27,0.293,1416.3,Normal,ACC002471
24,13109.97,0.447,188.1,Normal,ACC000286
0,5028.15,0.55,626.7,Normal,ACC000211
491,45498.16,0.585,2042.4,Legitimate_Awakening,ACC009508
8,3627.14,0.374,580.1,Normal,ACC004332
6,8895.35,0.26,1368.7,Normal,ACC008147
21,4697.74,0.459,231.9,Normal,ACC004824
19,6913.94,0.354,151.6,Normal,ACC002740
25,5010.74,0.418,1024.9,Normal,ACC006792
4,4619.63,0.416,1408.3,Normal,ACC002642
26,11146.86,0.287,298.0,Normal,ACC005886
23,11541.89,0.164,630.2,Normal,ACC005469
2,17656.53,0.363,442.5,Normal,ACC000609
24,6804.74,0.32,547.5,Normal,ACC005274
23,6671.02,0.539,644.5,Normal,ACC006492
14,1619.99,0.327,1170.0,Normal,ACC003532
15,3041.32,0.2,895.8,Normal,ACC002385
676,36958.64,0.484,806.2,Legitimate_Awakening,ACC009480
11,19487.4,0.336,639.5,Normal,ACC004681
17,19408.37,0.243,300.0,Normal,ACC005227
21,8575.56,0.449,474.1,Normal,ACC001797
16,13613.36,0.518,363.2,Normal,ACC005422
297,27259.13,0.573,912.3,Legitimate_Awakening,ACC009734
9,14525.79,0.374,475.5,Normal,ACC005522
28,14650.99,0.446,1204.4,Normal,ACC005094
20,17050.03,0.343,934.4,Normal,ACC006386
28,2187.35,0.486,427.4,Normal,ACC007466
26,19309.17,0.534,407.7,Normal,ACC007366
21,13905.56,0.225,965.1,Normal,ACC002435
29,2428.64,0.317,286.5,Normal,ACC003769
22,1183.77,0.119,154.8,Normal,ACC002972
25,3599.3,0.334,1366.5,Normal,ACC000342
22,13110.12,0.576,1168.8,Normal,ACC003139
20,11698.48,0.549,1284.4,Normal,ACC005325
386,29785.63,0.503,2277.9,Legitimate_Awakening,ACC009118
23,9899.29,0.276,768.0,Normal,ACC004904
13,5856.75,0.544,173.6,Normal,ACC002067
14,18065.25,0.553,1204.9,Normal,ACC005240
29,17795.18,0.305,610.5,Normal,ACC004055
21,16862.87,0.555,792.2,Normal,ACC003328
22,10780.91,0.263,328.7,Normal,ACC002518
0,7135.41,0.101,852.2,Normal,ACC005292
28,7071.56,0.514,688.8,Normal,ACC000395
9,6724.16,0.242,1256.3,Normal,ACC007449
5,16196.85,0.584,474.6,Normal,ACC001852
28,5337.18,0.119,540.8,Normal,ACC006551
531,51268.03,0.696,2530.2,Legitimate_Awakening,ACC009453
11,14021.73,0.45,1114.6,Normal,ACC001185
315,59566.98,0.617,2249.6,Legitimate_Awakening,ACC009452
21,3254.25,0.56,243.6,Normal,ACC001754
18,16137.45,0.558,1118.7,Normal,ACC003561
2,18072.58,0.123,490.9,Normal,ACC000138
8,14165.44,0.13,262.2,Normal,ACC008610
22,16313.89,0.351,1042.1,Normal,ACC007628
23,5252.86,0.508,260.3,Normal,ACC007034
9,12401.51,0.458,479.9,Normal,ACC000434
7,13715.6,0.226,1272.4,Normal,ACC001315
13,803.96,0.421,217.2,Normal,ACC005974
18,10414.12,0.393,436.7,Normal,ACC006655
18,2654.43,0.531,1227.7,Normal,ACC002524
263,37414.73,0.433,1264.8,Legitimate_Awakening,ACC008902
21,16949.5,0.278,672.9,Normal,ACC007355
0,2251.47,0.572,1219.9,Normal,ACC008676
24,2705.56,0.514,452.4,Normal,ACC002777
17,14263.94,0.174,1031.9,Normal,ACC007879
2,8497.69,0.225,1121.1,Normal,ACC006908
3,19115.67,0.267,866.1,Normal,ACC003547
0,5043.87,0.507,896.7,Normal,ACC001661
26,11927.32,0.489,448.3,Normal,ACC003555
224,51925.15,0.579,803.6,Legitimate_Awakening,ACC009409
27,14871.43,0.189,1208.6,Normal,ACC002565
6,19792.61,0.405,929.0,Normal,ACC006031
0,6560.34,0.503,792.1,Normal,ACC008805
14,3927.56,0.416,282.7,Normal,ACC005038
14,6980.58,0.328,824.1,Normal,ACC004240
28,1908.16,0.442,784.3,Normal,ACC001697
14,18423.94,0.141,1277.2,Normal,ACC000145
10,1374.64,0.325,1346.8,Normal,ACC000655
19,7174.99,0.32,1053.4,Normal,ACC003195
5,7378.99,0.536,527.7,Normal,ACC004420
24,1268.64,0.471,1212.4,Normal,ACC001805
25,17329.81,0.405,877.6,Normal,ACC008561
0,13939.98,0.153,1203.9,Normal,ACC002930
327,47116.3,0.317,1440.5,Legitimate_Awakening,ACC009266
927,307609.41,0.971,1.7,Dormant_Mule,ACC009965
22,9886.44,0.44,1304.4,Normal,ACC003617
3,8538.03,0.57,1131.9,Normal,ACC008653
7,16052.17,0.408,1233.1,Normal,ACC000843
544,24657.5,0.497,1652.7,Legitimate_Awakening,ACC009110
19,10550.74,0.333,1284.5,Normal,ACC005902
14,7105.6,0.175,917.9,Normal,ACC007487
25,8415.33,0.56,226.3,Normal,ACC007719
7,5000.5,0.558,933.5,Normal,ACC000988
21,10423.02,0.381,1037.8,Normal,ACC008075
11,17177.06,0.56,1310.6,Normal,ACC004173
602,27786.89,0.594,2458.4,Legitimate_Awakening,ACC009824
16,13140.6,0.216,1019.4,Normal,ACC001091
5,5416.98,0.222,530.3,Normal,ACC008678
22,18075.81,0.37,1068.8,Normal,ACC004037
12,10241.47,0.454,408.9,Normal,ACC005359
9,18755.02,0.448,872.5,Normal,ACC000073
1,7560.09,0.568,1258.6,Normal,ACC004783
10,19854.28,0.505,301.6,Normal,ACC006976
7,6425.81,0.262,1426.4,Normal,ACC005762
8,14525.18,0.25,1115.0,Normal,ACC008530
13,8655.98,0.449,1439.3,Normal,ACC004286
11,9628.19,0.592,855.2,Normal,ACC003312
11,16834.82,0.593,1293.6,Normal,ACC008005
23,9604.12,0.28,827.7,Normal,ACC001484
3,6103.91,0.282,1254.0,Normal,ACC005182
4,4883.93,0.395,322.5,Normal,ACC008064
27,8810.99,0.23,1132.6,Normal,ACC006139
19,5977.3,0.331,1369.8,Normal,ACC006384
0,12072.49,0.242,263.9,Normal,ACC006988
21,18811.63,0.118,1412.4,Normal,ACC006887
22,5099.22,0.286,202.6,Normal,ACC000552
11,11579.12,0.103,396.2,Normal,ACC008390
15,6359.34,0.388,910.8,Normal,ACC005340
14,14226.75,0.346,1327.6,Normal,ACC002616
11,12679.41,0.251,510.8,Normal,ACC003645
5,11128.44,0.436,726.4,Normal,ACC007024
27,4061.46,0.158,1226.7,Normal,ACC004980
25,3685.82,0.302,1314.1,Normal,ACC008834
6,11676.44,0.599,1113.2,Normal,ACC000215
14,17902.9,0.275,1019.4,Normal,ACC008275
19,13930.18,0.576,862.3,Normal,ACC006057
12,18893.07,0.461,1030.1,Normal,ACC003252
225,36514.47,0.434,2581.1,Legitimate_Awakening,ACC008954
18,14835.64,0.376,1324.7,Normal,ACC006921
28,10975.51,0.493,853.7,Normal,ACC003785
11,9879.87,0.307,260.9,Normal,ACC003092
15,16619.72,0.552,1352.3,Normal,ACC000963
22,13828.23,0.41,935.7,Normal,ACC006758
15,9884.25,0.471,553.4,Normal,ACC004730
28,18381.09,0.453,1073.6,Normal,ACC003052
14,6458.25,0.123,893.6,Normal,ACC006358
13,9535.35,0.137,482.6,Normal,ACC007068
2,8764.49,0.58,401.8,Normal,ACC008809
10,13068.98,0.464,751.1,Normal,ACC002889
7,10676.75,0.432,623.1,Normal,ACC002624
21,19563.83,0.102,1273.2,Normal,ACC003395
20,19131.86,0.362,1325.4,Normal,ACC006054
23,3582.95,0.553,1037.4,Normal,ACC007162
20,19684.9,0.399,1278.3,Normal,ACC005699
22,17436.31,0.519,1241.1,Normal,ACC008814
8,10868.33,0.51,802.9,Normal,ACC006623
5,9053.84,0.109,1432.1,Normal,ACC004313
14,10477.31,0.178,618.0,Normal,ACC000174
22,11483.49,0.424,396.6,Normal,ACC002247
16,16031.45,0.478,1018.3,Normal,ACC001245
29,16152.6,0.494,512.3,Normal,ACC001751
25,4417.11,0.253,812.3,Normal,ACC001874
5,14782.61,0.316,1017.2,Normal,ACC002239
21,3399.35,0.534,518.0,Normal,ACC004948
15,14162.13,0.106,1020.9,Normal,ACC007055
0,19182.7,0.208,184.4,Normal,ACC003406
0,13215.81,0.49,1164.7,Normal,ACC001149
13,16246.48,0.341,984.4,Normal,ACC005061
8,3993.7,0.546,727.7,Normal,ACC001495
690,16574.16,0.315,544.9,Legitimate_Awakening,ACC009490
1,11375.97,0.393,865.1,Normal,ACC000185
25,13406.28,0.278,1187.7,Normal,ACC001896
20,11661.28,0.577,571.5,Normal,ACC007186
21,15558.49,0.352,380.3,Normal,ACC008521
17,12124.78,0.47,398.5,Normal,ACC001538
12,16267.86,0.218,728.9,Normal,ACC003719
10,2802.15,0.22,379.3,Normal,ACC006584
17,7839.58,0.248,1294.1,Normal,ACC002952
18,4924.28,0.255,1419.2,Normal,ACC002600
9,3739.44,0.327,407.0,Normal,ACC006823
12,5958.71,0.577,1094.0,Normal,ACC000092
27,7520.41,0.545,1031.3,Normal,ACC004946
27,8563.19,0.312,1047.5,Normal,ACC003177
0,2087.15,0.333,1143.7,Normal,ACC006134
538,47574.33,0.685,1684.3,Legitimate_Awakening,ACC009467
5,3653.29,0.191,874.7,Normal,ACC005458
22,1362.11,0.222,1130.5,Normal,ACC003192
15,17554.81,0.382,801.7,Normal,ACC002189
5,11583.42,0.157,1281.8,Normal,ACC007885
4,5736.81,0.316,620.0,Normal,ACC004773
2,7480.37,0.541,970.1,Normal,ACC005371
1,18841.28,0.115,1112.3,Normal,ACC006506
12,11626.06,0.122,317.4,Normal,ACC007274
17,7733.01,0.186,452.9,Normal,ACC004512
649,23063.67,0.389,1025.1,Legitimate_Awakening,ACC009105
15,15518.11,0.211,933.4,Normal,ACC004849
18,17573.18,0.549,724.7,Normal,ACC006333
19,9462.43,0.244,587.5,Normal,ACC005408
24,5649.21,0.57,960.0,Normal,ACC000952
2,14618.66,0.513,457.8,Normal,ACC007785
20,3148.24,0.43,1410.7,Normal,ACC006582
4,10856.16,0.521,885.9,Normal,ACC000681
367,50969.44,0.662,1310.8,Legitimate_Awakening,ACC009031
23,18596.17,0.231,562.0,Normal,ACC003310
14,5939.24,0.575,594.2,Normal,ACC005748
6,5863.29,0.11,592.7,Normal,ACC006759
1,2360.5,0.285,1002.9,Normal,ACC000024
2,11582.77,0.545,1111.6,Normal,ACC004529
20,6174.3,0.318,582.5,Normal,ACC007405
6,17642.81,0.572,737.0,Normal,ACC000307
26,8906.16,0.283,708.7,Normal,ACC006779
11,16467.67,0.382,813.3,Normal,ACC004051
26,18627.31,0.366,886.8,Normal,ACC000433
22,5417.34,0.327,963.5,Normal,ACC006642
13,9428.54,0.354,258.4,Normal,ACC005917
16,2301.83,0.354,698.6,Normal,ACC005636
26,949.42,0.548,398.1,Normal,ACC002104
3,1548.75,0.111,592.5,Normal,ACC001409
7,822.45,0.161,334.6,Normal,ACC008627
29,2900.33,0.551,996.7,Normal,ACC007595
20,9333.79,0.539,252.0,Normal,ACC003387
9,4097.23,0.361,1008.5,Normal,ACC006751
335,25939.57,0.555,1638.7,Legitimate_Awakening,ACC009279
19,10830.61,0.261,219.0,Normal,ACC002996
25,14213.91,0.517,194.2,Normal,ACC001604
7,3890.0,0.346,1028.2,Normal,ACC005700
2,2281.31,0.585,1411.9,Normal,ACC004748
28,10252.2,0.306,1269.1,Normal,ACC000919
12,16955.76,0.437,522.0,Normal,ACC004069
21,8508.31,0.205,1409.1,Normal,ACC001295
527,19257.88,0.571,854.7,Legitimate_Awakening,ACC008859
9,801.49,0.158,449.9,Normal,ACC005892
28,12024.5,0.37,684.0,Normal,ACC004779
27,9235.91,0.16,682.5,Normal,ACC002472
9,12081.84,0.174,646.5,Normal,ACC002455
22,6663.76,0.503,250.7,Normal,ACC008317
343,48014.75,0.547,521.5,Legitimate_Awakening,ACC009774
5,10312.95,0.332,1436.7,Normal,ACC002936
15,5884.66,0.223,864.0,Normal,ACC003685
12,8139.55,0.389,1047.2,Normal,ACC002557
7,18618.32,0.294,207.3,Normal,ACC001043
25,4689.14,0.553,1065.4,Normal,ACC007676
21,13492.22,0.594,418.0,Normal,ACC001178
7,6633.62,0.214,656.9,Normal,ACC005368
4,12508.47,0.258,1071.6,Normal,ACC005884
521,27301.68,0.523,645.8,Legitimate_Awakening,ACC009212
1,3485.5,0.471,590.4,Normal,ACC003736
18,12289.95,0.443,144.2,Normal,ACC002756
549,55467.39,0.494,2007.6,Legitimate_Awakening,ACC009786
28,6749.49,0.598,1236.1,Normal,ACC002111
29,8237.54,0.122,486.7,Normal,ACC000652
14,6379.65,0.49,813.5,Normal,ACC007383
0,1276.32,0.237,1381.5,Normal,ACC001369
20,9983.24,0.171,697.0,Normal,ACC004923
28,9923.14,0.476,209.1,Normal,ACC004484
250,53280.54,0.393,1537.5,Legitimate_Awakening,ACC009435
19,2885.66,0.321,182.2,Normal,ACC008258
24,10204.08,0.237,1014.4,Normal,ACC004177
26,3620.49,0.112,1118.2,Normal,ACC000685
7,16014.89,0.483,391.1,Normal,ACC006032
8,11953.28,0.187,1391.0,Normal,ACC001912
19,13609.33,0.593,1323.6,Normal,ACC004099
28,10008.22,0.219,1136.0,Normal,ACC006619
22,4934.21,0.404,620.7,Normal,ACC000231
16,552.67,0.316,784.3,Normal,ACC002685
10,6134.59,0.364,603.2,Normal,ACC005813
3,15832.73,0.306,1039.4,Normal,ACC005682
13,12792.76,0.554,673.2,Normal,ACC002383
24,4637.14,0.201,1254.1,Normal,ACC003530
455,18740.7,0.509,1794.8,Legitimate_Awakening,ACC008969
15,4713.76,0.149,1257.8,Normal,ACC000582
20,12751.45,0.467,939.6,Normal,ACC004080
1,12392.48,0.351,1068.5,Normal,ACC004657
10,11552.72,0.277,623.1,Normal,ACC002213
12,15087.52,0.452,1064.5,Normal,ACC007411
10,10114.98,0.278,1186.3,Normal,ACC005505
27,2732.41,0.112,493.4,Normal,ACC008349
10,15801.09,0.442,223.3,Normal,ACC008125
26,8204.46,0.105,1009.5,Normal,ACC006922
5,19287.94,0.555,952.3,Normal,ACC002804
28,15602.83,0.569,306.9,Normal,ACC003895
13,2440.24,0.428,1164.2,Normal,ACC004806
8,14155.55,0.532,358.3,Normal,ACC006194
21,17734.02,0.559,795.3,Normal,ACC004230
18,3022.92,0.288,250.9,Normal,ACC001671
0,11138.04,0.144,704.5,Normal,ACC008286
15,8457.96,0.503,688.0,Normal,ACC005561
22,14993.41,0.306,821.7,Normal,ACC008356
219,58601.66,0.522,2707.7,Legitimate_Awakening,ACC009371
29,4050.23,0.356,1235.1,Normal,ACC001524
27,10763.36,0.485,1112.7,Normal,ACC008750
15,15602.13,0.5,402.2,Normal,ACC005785
9,8357.97,0.108,1195.5,Normal,ACC003297
23,17080.17,0.224,1352.8,Normal,ACC007480
1,9367.88,0.136,1297.7,Normal,ACC008330
28,13921.55,0.356,747.9,Normal,ACC003861
26,19510.49,0.158,1140.5,Normal,ACC007990
2,13858.38,0.436,316.7,Normal,ACC005172
414,30857.79,0.421,1996.0,Legitimate_Awakening,ACC009809
16,9878.36,0.288,599.4,Normal,ACC002310
6,3876.4,0.158,608.6,Normal,ACC006272
751,295687.49,0.982,33.4,Dormant_Mule,ACC009876
21,17885.89,0.296,858.4,Normal,ACC005695
11,4935.89,0.183,559.2,Normal,ACC001493
0,17596.48,0.323,445.0,Normal,ACC008255
13,14383.08,0.347,1251.7,Normal,ACC003071
16,18976.91,0.278,449.8,Normal,ACC002637
12,3284.79,0.202,1025.4,Normal,ACC003801
19,1897.75,0.453,164.8,Normal,ACC003120
1,10973.85,0.206,1190.7,Normal,ACC003497
3,10022.59,0.426,280.1,Normal,ACC003911
468,18983.42,0.593,855.5,Legitimate_Awakening,ACC009013
21,15906.5,0.322,1252.1,Normal,ACC008194
344,49913.28,0.6,843.6,Legitimate_Awakening,ACC009293
3,1676.85,0.18,584.3,Normal,ACC008755
0,4006.4,0.501,884.9,Normal,ACC007320
0,1365.37,0.463,1305.4,Normal,ACC006776
11,16030.5,0.298,322.9,Normal,ACC004245
21,6530.74,0.351,567.1,Normal,ACC003405
19,5286.0,0.535,979.6,Normal,ACC008040
8,4192.01,0.206,855.1,Normal,ACC003882
4,10104.37,0.42,666.5,Normal,ACC004145
21,7058.31,0.56,135.8,Normal,ACC001434
8,14582.03,0.408,319.0,Normal,ACC003593
29,19759.17,0.12,1264.5,Normal,ACC000382
3,2648.36,0.461,326.5,Normal,ACC002167
8,13549.23,0.506,1159.7,Normal,ACC008655
20,7101.98,0.198,1388.9,Normal,ACC006494
13,19282.12,0.274,1218.0,Normal,ACC004330
9,3216.4,0.36,169.0,Normal,ACC001688
26,8194.15,0.496,738.1,Normal,ACC004718
26,14679.06,0.1,1356.6,Normal,ACC002206
239,48148.06,0.652,2597.6,Legitimate_Awakening,ACC009022
22,10664.69,0.529,521.3,Normal,ACC007904
24,3771.7,0.595,717.6,Normal,ACC007994
796,239306.35,0.95,12.6,Dormant_Mule,ACC009915
10,15665.2,0.166,478.1,Normal,ACC008030
19,4387.61,0.372,1405.4,Normal,ACC006705
27,2281.74,0.316,420.0,Normal,ACC004777
4,9194.79,0.454,1086.1,Normal,ACC001648
9,13324.28,0.191,640.0,Normal,ACC008461
24,14131.79,0.477,1119.9,Normal,ACC007357
11,2646.13,0.405,705.2,Normal,ACC004079
22,16070.54,0.189,222.6,Normal,ACC006844
28,1725.82,0.292,603.5,Normal,ACC006957
8,15087.66,0.247,981.3,Normal,ACC007836
391,17377.68,0.417,1489.1,Legitimate_Awakening,ACC008920
21,11156.24,0.381,129.1,Normal,ACC007321
20,16878.85,0.144,670.4,Normal,ACC006263
659,52561.61,0.517,1917.1,Legitimate_Awakening,ACC009748
9,4228.61,0.256,761.6,Normal,ACC002011
12,4064.74,0.239,291.1,Normal,ACC000746
3,1168.96,0.121,685.1,Normal,ACC007546
14,13561.2,0.227,1112.5,Normal,ACC006537
29,10641.33,0.373,364.0,Normal,ACC000014
284,16644.7,0.579,673.7,Legitimate_Awakening,ACC009454
187,34769.78,0.324,748.7,Legitimate_Awakening,ACC009523
28,5496.97,0.29,1270.1,Normal,ACC002676
6,14862.87,0.144,146.7,Normal,ACC004602
606,22609.05,0.505,2461.2,Legitimate_Awakening,ACC009684
24,14644.01,0.34,854.5,Normal,ACC006761
5,13254.51,0.356,329.8,Normal,ACC001962
1,7816.66,0.133,1094.2,Normal,ACC007895
23,15759.38,0.336,154.0,Normal,ACC008332
26,12340.97,0.308,621.1,Normal,ACC002895
7,9710.27,0.406,260.9,Normal,ACC006850
21,16617.58,0.269,238.3,Normal,ACC007291
6,8749.97,0.239,741.6,Normal,ACC002723
13,11448.26,0.283,178.6,Normal,ACC006653
6,10151.18,0.597,723.4,Normal,ACC005355
24,6769.89,0.117,287.9,Normal,ACC001730
499,24504.6,0.334,1697.3,Legitimate_Awakening,ACC009407
26,1262.03,0.419,186.8,Normal,ACC002155
24,1476.61,0.475,456.1,Normal,ACC008533
25,14702.15,0.499,1367.7,Normal,ACC003123
0,15253.78,0.126,1225.2,Normal,ACC003903
14,17965.06,0.163,282.7,Normal,ACC002058
3,13431.01,0.499,541.6,Normal,ACC006624
18,5845.66,0.201,703.6,Normal,ACC002852
18,19234.2,0.35,268.0,Normal,ACC002448
558,31197.22,0.61,965.1,Legitimate_Awakening,ACC009434
29,4593.4,0.494,1142.4,Normal,ACC001607
605,31590.21,0.52,1377.2,Legitimate_Awakening,ACC009692
14,6931.48,0.112,778.5,Normal,ACC006769
19,13334.41,0.453,1430.1,Normal,ACC007551
19,8100.07,0.358,134.4,Normal,ACC007980
570,21991.09,0.519,633.1,Legitimate_Awakening,ACC009325
15,14319.75,0.166,1001.0,Normal,ACC005110
11,910.9,0.404,1389.7,Normal,ACC007907
4,3398.43,0.276,565.0,Normal,ACC005298
15,3897.75,0.538,703.1,Normal,ACC001007
28,9466.99,0.285,469.2,Normal,ACC005329
544,55441.01,0.316,411.5,Legitimate_Awakening,ACC009439
16,4887.47,0.276,1081.7,Normal,ACC006564
23,18270.51,0.388,1047.1,Normal,ACC006626
7,2351.82,0.257,247.6,Normal,ACC001179
13,6843.89,0.311,264.6,Normal,ACC006367
22,18632.4,0.432,130.2,Normal,ACC008602
11,4628.48,0.173,537.5,Normal,ACC002558
536,32574.97,0.331,894.2,Legitimate_Awakening,ACC008998
18,15350.24,0.469,1109.8,Normal,ACC005740
14,3526.53,0.3,406.1,Normal,ACC006557
424,59156.56,0.309,2792.0,Legitimate_Awakening,ACC009080
29,13641.98,0.221,828.1,Normal,ACC004234
24,17840.22,0.125,1240.8,Normal,ACC008527
12,18840.35,0.506,411.2,Normal,ACC005899
23,8465.33,0.6,513.3,Normal,ACC005189
24,18256.94,0.107,1188.0,Normal,ACC003357
7,6000.3,0.242,144.2,Normal,ACC008025
3,5345.8,0.211,844.4,Normal,ACC006426
23,6956.34,0.272,503.1,Normal,ACC006045
15,17947.86,0.159,1427.1,Normal,ACC002149
0,18530.63,0.152,836.7,Normal,ACC004252
9,9371.71,0.489,322.9,Normal,ACC005933
29,1186.3,0.395,696.9,Normal,ACC004829
5,2486.64,0.556,1203.1,Normal,ACC001591
393,43164.42,0.68,2163.9,Legitimate_Awakening,ACC008901
4,11415.24,0.364,1069.5,Normal,ACC000604
1,7904.88,0.409,1400.2,Normal,ACC001425
28,6318.3,0.52,1140.1,Normal,ACC000344
188,50520.23,0.369,1920.9,Legitimate_Awakening,ACC008972
27,19807.12,0.256,568.8,Normal,ACC001051
0,15072.3,0.124,1372.0,Normal,ACC001533
2,13280.44,0.237,187.3,Normal,ACC007269
561,49795.91,0.589,2275.8,Legitimate_Awakening,ACC009269
23,9818.6,0.212,1051.4,Normal,ACC002920
27,10916.7,0.439,1273.1,Normal,ACC002978
23,11914.41,0.534,391.7,Normal,ACC000399
0,1690.16,0.529,1197.9,Normal,ACC006404
9,7664.12,0.144,855.0,Normal,ACC001023
4,8253.04,0.412,1149.4,Normal,ACC002871
755,90961.45,0.984,30.6,Dormant_Mule,ACC009941
5,2691.53,0.234,770.0,Normal,ACC001836
25,976.41,0.594,1057.2,Normal,ACC005596
22,18148.02,0.449,609.7,Normal,ACC004251
465,39814.08,0.68,967.4,Legitimate_Awakening,ACC009152
1,19988.57,0.124,1409.9,Normal,ACC000415
13,16948.05,0.309,822.7,Normal,ACC006376
28,8012.39,0.33,323.2,Normal,ACC006255
0,9687.12,0.192,892.3,Normal,ACC007913
25,3593.43,0.256,259.8,Normal,ACC002428
0,14501.12,0.572,1035.4,Normal,ACC003162
7,17857.06,0.376,1397.3,Normal,ACC003654
4,18164.08,0.519,741.8,Normal,ACC002218
16,6299.33,0.567,1388.9,Normal,ACC006575
8,13326.88,0.58,1349.0,Normal,ACC002129
576,56045.2,0.524,1145.1,Legitimate_Awakening,ACC009832
18,7810.74,0.315,394.1,Normal,ACC006388
9,5541.87,0.269,651.0,Normal,ACC001757
8,5295.62,0.517,843.5,Normal,ACC006966
28,7662.23,0.393,494.0,Normal,ACC004784
17,14141.4,0.247,1201.3,Normal,ACC003289
23,9350.44,0.435,540.2,Normal,ACC002208
7,16900.04,0.481,587.3,Normal,ACC004545
10,17060.54,0.169,160.6,Normal,ACC005108
594,31885.73,0.377,379.2,Legitimate_Awakening,ACC009431
28,1140.32,0.461,374.9,Normal,ACC008082
2,7550.33,0.469,1098.4,Normal,ACC005526
9,7239.59,0.411,171.2,Normal,ACC001981
23,16804.3,0.511,1233.2,Normal,ACC000927
2,13852.09,0.358,732.9,Normal,ACC005291
23,679.83,0.215,673.7,Normal,ACC005383
9,3206.26,0.344,753.4,Normal,ACC007317
14,18723.88,0.316,831.2,Normal,ACC003016
283,34274.78,0.369,2843.5,Legitimate_Awakening,ACC008961
28,5194.52,0.55,244.8,Normal,ACC006100
540,26988.83,0.456,1251.8,Legitimate_Awakening,ACC009087
1,1901.78,0.234,225.9,Normal,ACC003647
11,7792.42,0.47,1329.4,Normal,ACC004834
7,666.82,0.517,235.4,Normal,ACC004073
10,17670.35,0.421,622.1,Normal,ACC004823
24,15665.69,0.529,1235.2,Normal,ACC001547
6,623.36,0.341,806.1,Normal,ACC008557
15,15618.31,0.501,977.4,Normal,ACC003566
22,7767.7,0.374,1229.0,Normal,ACC008433
15,8410.8,0.318,1417.1,Normal,ACC007341
16,6507.19,0.371,791.6,Normal,ACC000063
20,3530.32,0.425,231.0,Normal,ACC004048
23,6720.38,0.513,980.0,Normal,ACC007768
16,15379.48,0.201,1229.2,Normal,ACC007769
458,47558.01,0.611,1593.1,Legitimate_Awakening,ACC008986
3,10316.24,0.524,848.7,Normal,ACC008204
24,9253.78,0.369,388.7,Normal,ACC002449
7,3808.76,0.423,632.5,Normal,ACC000140
17,10725.61,0.32,649.0,Normal,ACC000244
17,17938.91,0.338,1367.6,Normal,ACC003012
10,12985.08,0.595,1280.5,Normal,ACC004127
18,4033.63,0.146,451.5,Normal,ACC004825
17,19745.0,0.25,276.3,Normal,ACC005691
0,14598.5,0.287,892.8,Normal,ACC004729
878,84889.97,1.0,12.9,Dormant_Mule,ACC009916
8,18563.24,0.447,1006.4,Normal,ACC007679
192,49503.23,0.632,434.8,Legitimate_Awakening,ACC009387
11,2033.22,0.265,447.7,Normal,ACC001679
17,12188.9,0.186,1099.0,Normal,ACC002192
0,13564.09,0.1,1183.8,Normal,ACC002056
29,19502.6,0.541,359.5,Normal,ACC006145
29,4908.93,0.523,527.3,Normal,ACC003025
5,19489.89,0.353,178.5,Normal,ACC004492
17,14705.63,0.2,610.1,Normal,ACC001873
2,13332.99,0.599,716.3,Normal,ACC001204
191,46060.32,0.563,869.8,Legitimate_Awakening,ACC009773
13,13413.83,0.374,1283.8,Normal,ACC005106
6,13703.84,0.476,1017.5,Normal,ACC007158
17,8491.88,0.457,1011.3,Normal,ACC007935
4,2555.17,0.235,208.2,Normal,ACC006122
16,16468.07,0.427,489.8,Normal,ACC006380
14,8563.81,0.539,1157.8,Normal,ACC006253
28,15597.33,0.403,772.8,Normal,ACC005269
1,15690.61,0.11,1295.4,Normal,ACC002165
5,542.39,0.407,589.9,Normal,ACC008227
27,17735.22,0.555,1385.6,Normal,ACC004620
6,5276.67,0.465,237.4,Normal,ACC005251
20,12400.37,0.193,985.4,Normal,ACC006780
21,7721.24,0.11,811.7,Normal,ACC002960
14,3547.56,0.145,822.1,Normal,ACC007270
4,10131.49,0.478,807.9,Normal,ACC003999
8,3288.45,0.434,975.3,Normal,ACC006989
4,10489.24,0.3,1347.4,Normal,ACC006522
19,1199.87,0.456,1208.0,Normal,ACC006959
8,5222.58,0.186,819.4,Normal,ACC002297
309,32495.8,0.651,2268.2,Legitimate_Awakening,ACC009685
7,7987.05,0.452,1388.5,Normal,ACC007645
24,13640.83,0.39,1257.3,Normal,ACC007296
547,40267.88,0.309,2532.1,Legitimate_Awakening,ACC009398
19,15827.84,0.33,145.7,Normal,ACC005845
12,6139.27,0.504,1176.5,Normal,ACC002443
17,11686.24,0.322,1002.4,Normal,ACC002630
3,1536.5,0.405,284.6,Normal,ACC004973
18,12869.62,0.6,258.3,Normal,ACC000748
14,13860.12,0.155,501.7,Normal,ACC000900
26,12858.2,0.17,704.7,Normal,ACC001810
12,17734.96,0.521,1368.4,Normal,ACC006441
28,3225.56,0.498,386.1,Normal,ACC000206
11,16689.37,0.134,1163.0,Normal,ACC005799
14,14871.1,0.548,546.2,Normal,ACC005479
21,15963.38,0.389,973.8,Normal,ACC003414
8,5414.11,0.263,222.7,Normal,ACC003499
25,16300.77,0.395,680.6,Normal,ACC006121
28,3171.15,0.443,1325.6,Normal,ACC002261
7,10698.14,0.157,649.1,Normal,ACC002745
25,12309.42,0.319,737.7,Normal,ACC006225
21,5531.38,0.275,1329.0,Normal,ACC006825
2,15278.23,0.365,1049.4,Normal,ACC003232
6,3286.31,0.478,1072.1,Normal,ACC005381
27,14720.18,0.537,1359.1,Normal,ACC001921
12,18571.58,0.292,242.9,Normal,ACC006971
10,16679.6,0.588,654.2,Normal,ACC001180
26,18359.14,0.303,1303.4,Normal,ACC007198
26,6022.32,0.385,198.6,Normal,ACC008308
655,40659.46,0.674,1190.5,Legitimate_Awakening,ACC009006
7,5669.24,0.467,959.4,Normal,ACC002038
0,12520.95,0.562,246.7,Normal,ACC005571
28,16109.98,0.563,535.7,Normal,ACC008083
18,12013.53,0.426,154.4,Normal,ACC006020
28,3810.65,0.39,758.5,Normal,ACC003750
20,1667.56,0.581,844.6,Normal,ACC003066
12,6638.62,0.26,1044.5,Normal,ACC005259
431,42863.48,0.569,728.3,Legitimate_Awakening,ACC009475
422,44120.12,0.44,2779.8,Legitimate_Awakening,ACC009805
358,59535.71,0.587,1397.5,Legitimate_Awakening,ACC009191
6,1079.86,0.136,991.0,Normal,ACC002059
10,11928.3,0.487,299.2,Normal,ACC006907
6,1894.57,0.123,171.1,Normal,ACC008044
1,2568.79,0.217,1374.5,Normal,ACC002437
9,3091.91,0.337,729.8,Normal,ACC006583
20,18990.77,0.158,561.8,Normal,ACC004516
5,10702.65,0.236,646.9,Normal,ACC001193
24,16825.77,0.147,1095.2,Normal,ACC002602
466,59409.22,0.441,1600.1,Legitimate_Awakening,ACC009738
532,53665.03,0.332,571.6,Legitimate_Awakening,ACC009649
7,6941.68,0.245,477.4,Normal,ACC007490
437,19114.39,0.342,1651.5,Legitimate_Awakening,ACC008924
350,21256.7,0.415,1257.3,Legitimate_Awakening,ACC009340
590,27264.77,0.665,2201.4,Legitimate_Awakening,ACC008970
15,13401.72,0.179,527.7,Normal,ACC007580
13,2970.9,0.383,645.9,Normal,ACC002358
11,10681.91,0.557,622.9,Normal,ACC007925
23,3095.42,0.496,691.5,Normal,ACC007513
29,17529.8,0.418,1124.7,Normal,ACC000533
440,40691.98,0.464,506.1,Legitimate_Awakening,ACC009206
10,9869.89,0.152,439.5,Normal,ACC000361
15,12283.6,0.535,689.6,Normal,ACC008658
954,294975.46,0.96,29.0,Dormant_Mule,ACC009873
26,9277.43,0.213,1294.0,Normal,ACC000506
16,14027.66,0.548,313.9,Normal,ACC004936
18,9904.34,0.129,350.5,Normal,ACC001424
0,13723.39,0.307,1030.2,Normal,ACC002178
25,5364.93,0.19,729.8,Normal,ACC004580
16,3357.86,0.112,1348.6,Normal,ACC008188
24,4709.23,0.491,488.3,Normal,ACC005264
17,19509.63,0.16,1367.0,Normal,ACC008206
23,15340.87,0.282,1204.7,Normal,ACC008210
19,7804.95,0.413,784.1,Normal,ACC000099
1,6940.55,0.382,1242.8,Normal,ACC001145
15,9621.29,0.584,1113.9,Normal,ACC002361
21,9518.64,0.24,424.9,Normal,ACC003181
25,12255.47,0.6,770.8,Normal,ACC004237
7,15786.38,0.443,1018.9,Normal,ACC004418
8,650.64,0.272,1112.0,Normal,ACC006778
11,7095.09,0.269,161.3,Normal,ACC004342
16,18959.79,0.544,1135.4,Normal,ACC006223
3,7338.84,0.486,1180.2,Normal,ACC001759
27,18437.94,0.313,507.3,Normal,ACC005678
183,32534.14,0.505,2760.0,Legitimate_Awakening,ACC008946
19,19531.67,0.266,276.6,Normal,ACC002890
590,16954.35,0.312,2829.6,Legitimate_Awakening,ACC008916
17,18084.59,0.202,208.4,Normal,ACC000931
16,10174.74,0.461,1400.1,Normal,ACC007857
5,11495.9,0.575,263.7,Normal,ACC004986
3,4415.03,0.258,1164.7,Normal,ACC001218
24,15877.29,0.456,541.4,Normal,ACC008240
9,17228.97,0.473,154.7,Normal,ACC007196
1,19938.1,0.53,130.1,Normal,ACC005050
19,9203.51,0.381,120.4,Normal,ACC005531
19,17618.02,0.375,986.2,Normal,ACC001960
7,13610.37,0.366,250.5,Normal,ACC001958
381,43815.41,0.443,1272.0,Legitimate_Awakening,ACC009631
25,13874.16,0.109,405.4,Normal,ACC003261
20,18754.87,0.524,1334.8,Normal,ACC004325
28,17994.66,0.246,834.2,Normal,ACC005607
28,5594.28,0.591,1305.2,Normal,ACC002253
12,5086.61,0.485,145.9,Normal,ACC007796
15,2753.39,0.518,783.3,Normal,ACC001362
349,32409.41,0.653,1346.3,Legitimate_Awakening,ACC009225
1,2827.98,0.181,823.7,Normal,ACC007058
15,8887.94,0.536,210.6,Normal,ACC005909
26,16118.51,0.439,876.8,Normal,ACC000102
533,40844.87,0.362,1542.9,Legitimate_Awakening,ACC009656
29,4624.38,0.468,542.4,Normal,ACC001655
11,10686.1,0.422,1278.8,Normal,ACC008248
10,4652.02,0.473,574.9,Normal,ACC006075
25,9548.65,0.518,358.1,Normal,ACC008251
473,46124.85,0.547,1104.4,Legitimate_Awakening,ACC009328
258,26049.94,0.311,320.5,Legitimate_Awakening,ACC009030
29,15543.96,0.11,1005.4,Normal,ACC003154
3,9984.87,0.323,1150.3,Normal,ACC007169
17,10616.84,0.26,507.0,Normal,ACC008799
21,17120.02,0.368,563.5,Normal,ACC005294
14,7105.62,0.335,1252.5,Normal,ACC002199
22,7149.15,0.474,703.8,Normal,ACC008629
25,6040.03,0.188,1101.2,Normal,ACC002470
282,46717.92,0.596,834.5,Legitimate_Awakening,ACC008852
27,5616.95,0.48,1141.2,Normal,ACC002541
25,1684.7,0.402,1395.3,Normal,ACC007075
11,5318.51,0.18,1270.8,Normal,ACC000374
6,9080.12,0.29,1138.6,Normal,ACC003378
665,55962.22,0.354,2159.4,Legitimate_Awakening,ACC009287
9,6531.87,0.408,347.8,Normal,ACC004640
8,15227.11,0.262,1358.4,Normal,ACC005082
17,4115.53,0.356,1429.8,Normal,ACC002503
17,1076.28,0.272,1206.9,Normal,ACC005572
27,8919.74,0.481,1204.3,Normal,ACC005349
14,13779.42,0.591,1172.2,Normal,ACC005951
20,13476.43,0.503,251.3,Normal,ACC008115
20,18853.82,0.47,834.3,Normal,ACC004957
23,18533.71,0.265,215.7,Normal,ACC005966
13,17095.33,0.476,994.1,Normal,ACC006991
0,16412.65,0.501,762.0,Normal,ACC002312
16,2396.99,0.227,995.2,Normal,ACC004613
16,14526.79,0.131,619.9,Normal,ACC006247
0,18300.78,0.333,549.8,Normal,ACC004340
3,13510.54,0.225,1193.4,Normal,ACC008205
21,14424.25,0.347,1116.1,Normal,ACC000217
10,2036.25,0.238,448.5,Normal,ACC003892
12,10917.82,0.521,890.1,Normal,ACC002498
15,2478.7,0.432,126.7,Normal,ACC000059
26,13842.37,0.413,1012.0,Normal,ACC008495
23,13359.85,0.13,1384.0,Normal,ACC005178
26,6353.75,0.478,693.0,Normal,ACC003343
3,1030.95,0.397,494.1,Normal,ACC007502
1,12210.08,0.433,351.5,Normal,ACC000269
27,12348.46,0.464,756.3,Normal,ACC007339
565,32357.17,0.665,1693.9,Legitimate_Awakening,ACC009337
27,5737.93,0.347,1040.0,Normal,ACC007307
365,21195.88,0.404,1563.0,Legitimate_Awakening,ACC009799
20,16629.05,0.194,596.1,Normal,ACC006488
343,23789.28,0.676,2349.6,Legitimate_Awakening,ACC009556
17,1325.53,0.106,724.6,Normal,ACC003197
22,8387.47,0.386,1181.2,Normal,ACC000294
3,14845.03,0.344,1193.4,Normal,ACC002678
14,4219.59,0.447,915.5,Normal,ACC004141
16,14199.69,0.487,492.2,Normal,ACC005006
430,19745.3,0.644,693.9,Legitimate_Awakening,ACC009737
23,1232.34,0.243,378.0,Normal,ACC003033
1,5035.78,0.158,550.5,Normal,ACC001849
14,2503.59,0.195,1153.6,Normal,ACC000737
687,39080.78,0.425,1693.2,Legitimate_Awakening,ACC009338
29,752.27,0.19,571.6,Normal,ACC006136
18,3643.82,0.565,1186.7,Normal,ACC000032
231,46897.32,0.672,2147.8,Legitimate_Awakening,ACC009530
12,5215.38,0.118,483.8,Normal,ACC005070
603,41302.33,0.377,2058.7,Legitimate_Awakening,ACC008922
5,16217.32,0.446,126.6,Normal,ACC002792
0,9710.99,0.277,1057.8,Normal,ACC005521
19,6983.74,0.173,1273.0,Normal,ACC008261
28,11042.03,0.389,915.3,Normal,ACC004429
24,13130.33,0.351,769.2,Normal,ACC002943
0,10162.08,0.444,694.0,Normal,ACC000279
15,11219.31,0.176,1361.4,Normal,ACC007088
8,811.34,0.215,438.2,Normal,ACC000011
7,3640.95,0.59,1049.3,Normal,ACC004924
7,14595.36,0.116,905.8,Normal,ACC001824
23,18405.45,0.598,1367.9,Normal,ACC006164
6,14516.76,0.402,1329.7,Normal,ACC002783
29,19131.0,0.541,456.8,Normal,ACC006410
14,16354.5,0.522,461.4,Normal,ACC004612
13,14681.8,0.263,873.0,Normal,ACC000016
23,14453.33,0.26,560.0,Normal,ACC005544
13,4152.72,0.546,129.8,Normal,ACC003914
26,7875.99,0.121,1126.8,Normal,ACC008772
22,6603.29,0.18,1302.6,Normal,ACC005465
18,9373.14,0.114,629.4,Normal,ACC004039
0,16358.44,0.425,872.4,Normal,ACC005081
13,15969.32,0.448,162.4,Normal,ACC006895
29,18393.62,0.573,341.5,Normal,ACC007561
4,15895.04,0.248,717.3,Normal,ACC006458
27,8282.63,0.408,602.1,Normal,ACC002768
0,8911.68,0.455,896.2,Normal,ACC006795
18,3062.6,0.301,871.0,Normal,ACC007045
675,22616.4,0.354,2822.8,Legitimate_Awakening,ACC009291
330,55807.47,0.335,1361.6,Legitimate_Awakening,ACC009616
22,16299.21,0.504,608.2,Normal,ACC006753
7,18275.39,0.492,396.7,Normal,ACC008745
3,4409.91,0.547,1439.8,Normal,ACC008746
20,8904.18,0.355,305.6,Normal,ACC001625
8,1631.58,0.343,1384.3,Normal,ACC006803
29,18870.14,0.249,1143.7,Normal,ACC001325
10,16593.08,0.24,1364.0,Normal,ACC000470
27,15512.17,0.186,880.2,Normal,ACC007420
23,6289.39,0.566,715.1,Normal,ACC004197
11,6099.05,0.591,1023.6,Normal,ACC008820
9,9087.3,0.374,1171.1,Normal,ACC001812
12,13650.79,0.481,180.0,Normal,ACC001034
19,502.31,0.109,634.2,Normal,ACC003618
9,1115.57,0.404,870.8,Normal,ACC006173
13,4169.59,0.206,569.1,Normal,ACC003886
1,16384.44,0.256,879.5,Normal,ACC007920
5,9631.96,0.307,883.1,Normal,ACC004702
3,7434.63,0.496,793.5,Normal,ACC002714
8,13925.99,0.137,388.3,Normal,ACC004548
22,17937.45,0.135,1414.0,Normal,ACC003943
6,9802.8,0.533,148.8,Normal,ACC004375
227,49537.64,0.562,503.3,Legitimate_Awakening,ACC008853
580,35056.78,0.467,1488.0,Legitimate_Awakening,ACC009780
27,1381.93,0.263,633.1,Normal,ACC000017
16,7778.2,0.416,245.9,Normal,ACC000939
14,16787.29,0.264,764.2,Normal,ACC003169
24,9071.48,0.355,461.6,Normal,ACC001508
5,8270.6,0.417,1255.6,Normal,ACC004411
4,8181.91,0.406,178.7,Normal,ACC003040
13,17584.05,0.239,1243.9,Normal,ACC000483
2,16867.73,0.572,480.3,Normal,ACC003702
24,2324.91,0.3,396.3,Normal,ACC005158
15,9599.45,0.532,243.8,Normal,ACC005781
18,7034.92,0.296,1426.7,Normal,ACC004533
709,75281.86,0.987,29.1,Dormant_Mule,ACC009906
6,4839.33,0.455,231.9,Normal,ACC003902
3,8087.9,0.379,881.3,Normal,ACC003250
13,11310.05,0.345,693.8,Normal,ACC004827
7,11532.16,0.283,1355.7,Normal,ACC002797
13,10034.25,0.433,610.2,Normal,ACC004400
13,18450.2,0.28,1149.4,Normal,ACC008395
20,9674.23,0.364,1439.6,Normal,ACC002365
22,16429.68,0.378,125.6,Normal,ACC005358
21,2434.29,0.554,403.8,Normal,ACC003020
336,36240.42,0.6,2846.7,Legitimate_Awakening,ACC009733
27,4076.39,0.252,812.7,Normal,ACC000005
26,5847.15,0.113,1090.5,Normal,ACC001598
538,30120.03,0.592,679.8,Legitimate_Awakening,ACC009719
16,6895.12,0.238,901.5,Normal,ACC007505
25,11475.19,0.257,509.5,Normal,ACC002325
352,50856.56,0.461,1283.7,Legitimate_Awakening,ACC009843
565,49394.17,0.665,1791.6,Legitimate_Awakening,ACC009639
758,320582.48,0.963,34.8,Dormant_Mule,ACC009893
12,1395.44,0.269,663.5,Normal,ACC004600
9,19804.22,0.261,1189.0,Normal,ACC000200
3,18415.64,0.495,150.4,Normal,ACC000226
27,10997.64,0.298,668.6,Normal,ACC008116
0,6012.46,0.325,138.9,Normal,ACC008334
277,25173.49,0.484,1726.5,Legitimate_Awakening,ACC009813
28,11401.66,0.261,410.5,Normal,ACC000935
13,8494.64,0.15,1161.1,Normal,ACC004761
11,18281.12,0.17,253.0,Normal,ACC000224
0,8862.15,0.523,1082.0,Normal,ACC008344
29,7452.9,0.324,1394.5,Normal,ACC001721
23,16250.2,0.223,203.5,Normal,ACC001889
20,6511.12,0.462,769.1,Normal,ACC007442
22,6246.94,0.101,415.4,Normal,ACC002315
28,15404.32,0.346,567.5,Normal,ACC002490
11,12443.55,0.469,1132.8,Normal,ACC002984
24,12617.9,0.19,398.5,Normal,ACC005624
8,10590.58,0.522,695.9,Normal,ACC005228
25,18748.4,0.217,231.4,Normal,ACC002255
23,15357.18,0.573,568.5,Normal,ACC000678
3,5229.67,0.265,1051.5,Normal,ACC008568
15,16513.4,0.557,828.7,Normal,ACC002847
25,8614.93,0.273,196.1,Normal,ACC007347
10,4791.85,0.19,140.6,Normal,ACC003867
9,5507.86,0.323,1037.1,Normal,ACC003233
14,17650.18,0.33,245.5,Normal,ACC000817
26,17501.39,0.444,267.3,Normal,ACC002520
0,7520.37,0.491,1103.9,Normal,ACC008150
28,6079.18,0.229,1334.7,Normal,ACC005936
16,11798.03,0.264,545.0,Normal,ACC007962
528,57201.44,0.403,1277.7,Legitimate_Awakening,ACC009390
1,15742.62,0.288,691.2,Normal,ACC008027
21,14720.08,0.404,1052.8,Normal,ACC000936
16,1656.52,0.253,1303.5,Normal,ACC002664
21,13183.77,0.447,524.2,Normal,ACC008709
24,1421.11,0.127,1126.6,Normal,ACC006873
5,8202.31,0.268,393.6,Normal,ACC002318
318,21155.07,0.494,836.2,Legitimate_Awakening,ACC009234
1,7867.46,0.536,639.7,Normal,ACC004633
426,31969.13,0.432,1195.3,Legitimate_Awakening,ACC009381
16,19304.59,0.302,982.8,Normal,ACC003213
28,7488.84,0.11,247.9,Normal,ACC005163
19,2903.45,0.175,1153.1,Normal,ACC004659
25,6336.74,0.417,1286.0,Normal,ACC007894
6,12080.59,0.391,816.9,Normal,ACC004954
9,12716.47,0.498,1399.1,Normal,ACC002629
20,18011.6,0.222,1343.7,Normal,ACC000430
14,8075.95,0.487,290.7,Normal,ACC007696
11,16244.89,0.581,1162.8,Normal,ACC000282
8,14453.48,0.461,492.8,Normal,ACC002679
3,12048.66,0.425,1394.2,Normal,ACC007501
4,13141.47,0.567,945.6,Normal,ACC008759
7,6857.46,0.423,293.0,Normal,ACC004590
1,14394.57,0.284,564.4,Normal,ACC003262
361,51459.72,0.41,2119.8,Legitimate_Awakening,ACC009607
7,18734.78,0.306,1162.4,Normal,ACC006620
18,16038.8,0.27,1183.2,Normal,ACC001714
345,48114.69,0.545,506.3,Legitimate_Awakening,ACC009806
28,13979.19,0.229,1310.2,Normal,ACC005365
28,14359.34,0.568,1363.9,Normal,ACC008314
20,5710.1,0.209,1207.3,Normal,ACC004578
17,7948.43,0.556,486.1,Normal,ACC004478
28,2501.73,0.101,392.5,Normal,ACC007440
0,7489.76,0.217,537.0,Normal,ACC006607
5,861.23,0.319,148.5,Normal,ACC002728
17,12522.66,0.238,708.3,Normal,ACC008633
24,9036.29,0.497,273.5,Normal,ACC007816
6,11521.91,0.103,404.5,Normal,ACC004715
26,12011.08,0.472,1330.3,Normal,ACC003209
618,30553.2,0.658,642.3,Legitimate_Awakening,ACC009182
770,127874.16,0.991,12.4,Dormant_Mule,ACC009909
7,6231.49,0.227,938.4,Normal,ACC003089
26,13517.38,0.186,373.8,Normal,ACC000169
21,9775.84,0.475,519.8,Normal,ACC006285
1,17230.73,0.105,896.7,Normal,ACC000392
12,9276.86,0.111,965.7,Normal,ACC002387
20,18117.38,0.43,1087.0,Normal,ACC005791
11,6102.87,0.24,558.2,Normal,ACC001129
28,7028.96,0.265,146.0,Normal,ACC002317
20,6919.16,0.305,1260.6,Normal,ACC005582
25,8094.31,0.423,494.0,Normal,ACC006322
23,8863.92,0.393,807.9,Normal,ACC001884
20,11563.21,0.544,426.0,Normal,ACC007670
26,17544.1,0.599,443.0,Normal,ACC003373
21,10541.99,0.391,734.6,Normal,ACC004111
22,18940.63,0.304,993.8,Normal,ACC002137
6,6911.14,0.599,415.5,Normal,ACC008048
22,6065.84,0.185,258.5,Normal,ACC007714
2,6069.41,0.495,535.2,Normal,ACC005795
0,4931.34,0.196,1013.2,Normal,ACC007129
27,7585.6,0.6,505.3,Normal,ACC008575
11,2258.82,0.403,238.3,Normal,ACC002374
4,14145.5,0.203,214.3,Normal,ACC003797
24,11728.64,0.587,155.7,Normal,ACC008504
17,19190.71,0.316,845.1,Normal,ACC000951
10,19030.44,0.368,640.3,Normal,ACC001713
13,3941.18,0.233,1362.2,Normal,ACC008351
9,9874.45,0.101,440.5,Normal,ACC003096
3,3000.38,0.186,133.5,Normal,ACC007066
24,2337.74,0.186,255.3,Normal,ACC002863
9,17796.26,0.2,444.8,Normal,ACC006219
15,17860.14,0.328,938.6,Normal,ACC000139
5,11910.72,0.487,730.5,Normal,ACC006260
29,13687.13,0.353,486.3,Normal,ACC006442
18,5640.31,0.577,916.7,Normal,ACC002205
20,4567.81,0.272,819.4,Normal,ACC005518
21,11548.22,0.296,781.5,Normal,ACC000472
23,6573.73,0.49,486.4,Normal,ACC000237
13,18919.32,0.26,1304.1,Normal,ACC006643
16,12688.87,0.523,1321.2,Normal,ACC008523
211,41226.6,0.485,2344.2,Legitimate_Awakening,ACC009228
0,11017.86,0.442,932.9,Normal,ACC000100
22,14712.8,0.148,685.9,Normal,ACC000800
6,18766.23,0.169,570.2,Normal,ACC000051
0,15384.25,0.168,421.8,Normal,ACC001966
26,17751.16,0.408,685.9,Normal,ACC002638
15,5488.77,0.31,379.6,Normal,ACC007689
3,15076.8,0.535,631.1,Normal,ACC004817
20,1017.38,0.191,889.6,Normal,ACC000255
27,5117.55,0.142,1136.4,Normal,ACC001640
28,5070.83,0.173,950.3,Normal,ACC006468
21,8508.93,0.547,206.7,Normal,ACC006953
18,3523.66,0.37,226.4,Normal,ACC006615
1,15084.51,0.198,1146.0,Normal,ACC002476
0,12175.11,0.322,908.0,Normal,ACC004650
23,11879.82,0.245,245.7,Normal,ACC007044
12,5930.41,0.148,337.6,Normal,ACC003576
25,909.21,0.236,712.8,Normal,ACC006078
22,14705.3,0.22,746.7,Normal,ACC007937
24,13144.28,0.439,1285.0,Normal,ACC003765
11,8206.12,0.348,344.2,Normal,ACC007400
13,10162.73,0.351,150.7,Normal,ACC003278
8,2978.82,0.394,788.4,Normal,ACC008018
24,16194.24,0.284,1248.1,Normal,ACC001978
23,12432.84,0.153,320.1,Normal,ACC000532
27,17937.85,0.44,632.0,Normal,ACC005610
18,3224.2,0.527,647.9,Normal,ACC003641
21,11464.79,0.579,351.4,Normal,ACC000460
23,1984.99,0.514,471.1,Normal,ACC008241
29,13617.92,0.294,451.7,Normal,ACC002817
21,1214.32,0.398,633.5,Normal,ACC003907
7,2411.11,0.452,566.1,Normal,ACC002703
1,13764.64,0.521,421.6,Normal,ACC002220
23,12889.55,0.527,415.8,Normal,ACC008293
6,11731.1,0.451,755.5,Normal,ACC006774
17,10019.04,0.129,1357.2,Normal,ACC004339
2,5080.04,0.598,126.1,Normal,ACC006661
16,12658.62,0.132,548.5,Normal,ACC001435
563,29249.69,0.311,403.6,Legitimate_Awakening,ACC009634
482,39989.83,0.361,630.4,Legitimate_Awakening,ACC009423
9,1072.64,0.501,635.5,Normal,ACC006725
22,12295.13,0.6,302.8,Normal,ACC007710
23,4153.33,0.555,806.4,Normal,ACC002717
22,4249.71,0.144,947.9,Normal,ACC008134
14,8860.64,0.486,755.1,Normal,ACC005942
1,8848.91,0.302,1060.7,Normal,ACC004456
13,6733.5,0.594,760.7,Normal,ACC000601
504,26051.11,0.307,1563.4,Legitimate_Awakening,ACC009598
2,18799.07,0.307,651.1,Normal,ACC000970
25,2488.07,0.302,202.4,Normal,ACC002265
23,14922.36,0.309,1092.4,Normal,ACC002478
14,17463.79,0.286,931.0,Normal,ACC001216
16,19808.43,0.138,993.6,Normal,ACC002677
17,10159.7,0.401,1015.3,Normal,ACC005689
28,5779.09,0.527,874.6,Normal,ACC003634
7,17129.7,0.187,413.8,Normal,ACC005034
16,12209.22,0.229,560.2,Normal,ACC004290
24,16047.83,0.436,695.8,Normal,ACC005193
6,18694.09,0.579,907.9,Normal,ACC006688
0,6381.13,0.406,176.8,Normal,ACC003268
24,5755.34,0.425,563.2,Normal,ACC007031
26,3627.28,0.245,931.3,Normal,ACC004441
28,12573.62,0.41,169.8,Normal,ACC004507
5,16918.98,0.161,758.2,Normal,ACC006614
8,15812.72,0.143,889.2,Normal,ACC006295
6,12517.56,0.502,303.6,Normal,ACC007603
4,19584.21,0.524,1323.9,Normal,ACC006579
22,19128.09,0.296,814.6,Normal,ACC006158
10,5854.15,0.303,1389.8,Normal,ACC004677
4,13352.71,0.32,1040.5,Normal,ACC004909
19,893.82,0.579,1143.6,Normal,ACC008631
20,9434.36,0.12,1221.5,Normal,ACC008428
9,18450.09,0.512,206.3,Normal,ACC006785
19,3829.28,0.535,674.0,Normal,ACC005180
5,11549.79,0.236,312.1,Normal,ACC004707
27,17234.45,0.51,833.8,Normal,ACC000606
467,15441.49,0.535,2534.2,Legitimate_Awakening,ACC008927
16,5702.89,0.525,704.0,Normal,ACC008129
16,7750.12,0.409,879.6,Normal,ACC005078
5,2131.04,0.383,848.5,Normal,ACC006051
16,19473.06,0.177,475.4,Normal,ACC002945
19,10364.97,0.162,770.0,Normal,ACC007128
4,15418.84,0.179,902.5,Normal,ACC003624
23,10803.22,0.318,1178.8,Normal,ACC000133
497,47188.29,0.692,1493.5,Legitimate_Awakening,ACC009411
22,12781.29,0.266,1224.5,Normal,ACC005345
16,3907.35,0.29,1266.7,Normal,ACC008717
13,1685.92,0.239,1439.3,Normal,ACC005671
0,17786.8,0.299,1259.1,Normal,ACC001348
18,19706.12,0.573,380.2,Normal,ACC002082
13,18634.7,0.376,1171.2,Normal,ACC003823
19,9120.18,0.414,313.8,Normal,ACC003985
0,15515.77,0.418,433.1,Normal,ACC005459
14,19852.74,0.115,991.3,Normal,ACC008289
13,10651.7,0.137,796.1,Normal,ACC004527
2,10222.43,0.195,849.6,Normal,ACC004385
20,4534.61,0.498,953.8,Normal,ACC003433
4,18797.58,0.106,1080.2,Normal,ACC004109
16,10173.89,0.33,1055.1,Normal,ACC004017
29,15080.16,0.217,199.1,Normal,ACC001932
0,2871.3,0.417,1306.7,Normal,ACC001686
26,6417.94,0.38,1003.7,Normal,ACC004273
17,17406.38,0.304,848.3,Normal,ACC000248
23,11789.82,0.127,534.5,Normal,ACC001393
2,16919.47,0.257,1227.1,Normal,ACC002755
15,2976.91,0.248,872.0,Normal,ACC004415
24,10008.44,0.184,951.3,Normal,ACC008548
27,4849.55,0.325,1041.0,Normal,ACC007802
1,5124.39,0.313,1084.3,Normal,ACC003670
14,8574.87,0.44,649.7,Normal,ACC007120
621,53484.61,0.502,2767.9,Legitimate_Awakening,ACC008923
27,8607.61,0.335,605.4,Normal,ACC002101
4,18569.94,0.306,1097.5,Normal,ACC007389
1,5517.21,0.354,849.4,Normal,ACC007153
4,9508.99,0.106,647.2,Normal,ACC003486
18,7013.01,0.118,1217.5,Normal,ACC004840
16,4610.24,0.378,1250.6,Normal,ACC001042
22,8198.12,0.346,1282.5,Normal,ACC002238
27,16787.26,0.283,1230.9,Normal,ACC001848
2,13715.86,0.194,1018.1,Normal,ACC006361
510,40634.8,0.553,2444.6,Legitimate_Awakening,ACC009035
8,15294.14,0.149,173.1,Normal,ACC004032
4,1761.66,0.467,544.9,Normal,ACC003811
17,928.88,0.285,422.0,Normal,ACC008603
11,13920.45,0.59,431.5,Normal,ACC004791
1,12163.3,0.477,1062.2,Normal,ACC005443
9,19781.05,0.136,179.9,Normal,ACC005708
28,18034.83,0.23,639.1,Normal,ACC006548
21,16791.64,0.146,194.1,Normal,ACC005296
12,5043.51,0.299,1156.8,Normal,ACC004358
639,26748.88,0.659,1915.8,Legitimate_Awakening,ACC009650
19,11124.53,0.479,1115.4,Normal,ACC000586
15,5619.29,0.281,309.7,Normal,ACC004993
4,2498.68,0.368,232.4,Normal,ACC001780
9,16515.59,0.418,422.7,Normal,ACC004576
21,17176.54,0.402,1222.7,Normal,ACC000797
205,37826.24,0.662,445.6,Legitimate_Awakening,ACC009441
289,25078.04,0.582,1346.5,Legitimate_Awakening,ACC008968
11,17162.85,0.382,976.8,Normal,ACC005209
12,15071.1,0.205,829.0,Normal,ACC001845
24,13163.31,0.239,821.6,Normal,ACC006965
23,14051.92,0.358,1427.2,Normal,ACC001518
4,10423.47,0.161,518.3,Normal,ACC006713
1,7598.54,0.58,706.0,Normal,ACC003010
25,8613.37,0.147,759.3,Normal,ACC003379
12,19789.11,0.472,205.8,Normal,ACC000308
22,19186.57,0.142,969.6,Normal,ACC004798
605,58318.1,0.482,2316.0,Legitimate_Awakening,ACC009633
6,15658.52,0.332,1261.2,Normal,ACC006011
608,31198.38,0.545,1237.8,Legitimate_Awakening,ACC009077
687,58162.4,0.687,2698.9,Legitimate_Awakening,ACC009167
407,29617.59,0.449,1540.7,Legitimate_Awakening,ACC009002
15,4720.52,0.35,944.3,Normal,ACC007703
6,11335.62,0.363,1239.7,Normal,ACC007570
13,7658.76,0.489,549.9,Normal,ACC004944
12,9488.96,0.11,142.2,Normal,ACC002961
12,3644.5,0.51,880.6,Normal,ACC007860
5,2345.76,0.248,1343.1,Normal,ACC006510
27,17115.01,0.421,352.4,Normal,ACC005017
28,9157.78,0.486,945.5,Normal,ACC006735
24,19356.21,0.18,1159.3,Normal,ACC002900
8,19563.77,0.493,1141.9,Normal,ACC008454
29,6055.33,0.308,586.8,Normal,ACC004116
22,19079.99,0.231,1319.7,Normal,ACC005639
27,14719.55,0.278,786.1,Normal,ACC006094
2,6792.33,0.347,289.2,Normal,ACC007426
9,17575.24,0.154,1165.1,Normal,ACC004152
23,18551.94,0.485,1420.0,Normal,ACC007593
23,7700.46,0.272,1159.0,Normal,ACC006519
6,14094.32,0.476,1417.3,Normal,ACC006439
9,8967.26,0.168,479.9,Normal,ACC003219
15,16272.07,0.345,603.5,Normal,ACC008074
19,7563.59,0.267,154.6,Normal,ACC000557
24,8847.81,0.521,1183.3,Normal,ACC004422
12,1155.07,0.269,684.3,Normal,ACC006967
14,4738.3,0.154,932.3,Normal,ACC008608
29,1258.04,0.429,479.8,Normal,ACC002552
19,19109.35,0.215,127.8,Normal,ACC008026
4,2920.09,0.161,1071.9,Normal,ACC001426
19,4989.89,0.122,668.6,Normal,ACC000782
7,2871.57,0.487,209.4,Normal,ACC004763
1,8162.33,0.451,141.8,Normal,ACC005831
189,40801.51,0.605,1945.0,Legitimate_Awakening,ACC009444
10,6224.0,0.267,155.8,Normal,ACC007647
29,13330.5,0.286,1038.1,Normal,ACC007295
4,18013.41,0.466,604.4,Normal,ACC002324
546,15261.93,0.5,1412.4,Legitimate_Awakening,ACC009761
6,658.11,0.105,727.9,Normal,ACC002659
3,16551.89,0.361,282.7,Normal,ACC000435
21,4050.58,0.383,159.6,Normal,ACC008222
3,14048.38,0.518,890.1,Normal,ACC008763
22,10675.55,0.197,1297.5,Normal,ACC003118
21,17452.31,0.173,774.0,Normal,ACC006680
1,2187.9,0.172,1305.6,Normal,ACC008765
0,14548.91,0.241,363.3,Normal,ACC001497
3,6275.01,0.414,674.5,Normal,ACC004016
25,16858.31,0.116,806.6,Normal,ACC002300
14,10046.44,0.328,391.4,Normal,ACC003505
235,15007.45,0.348,1891.2,Legitimate_Awakening,ACC009392
13,2127.55,0.541,1180.8,Normal,ACC000600
227,47948.21,0.527,828.5,Legitimate_Awakening,ACC009285
1,6706.11,0.547,971.3,Normal,ACC001173
15,17557.94,0.164,1070.4,Normal,ACC001706
19,10004.0,0.446,465.5,Normal,ACC001395
22,6008.73,0.378,1084.1,Normal,ACC002285
8,19340.81,0.141,1311.4,Normal,ACC008313
15,7446.12,0.104,200.4,Normal,ACC002514
14,2721.16,0.425,709.5,Normal,ACC008002
16,14693.19,0.192,795.2,Normal,ACC003674
3,17769.63,0.456,849.7,Normal,ACC006385
10,19987.38,0.318,317.2,Normal,ACC005241
679,38785.68,0.477,634.4,Legitimate_Awakening,ACC009716
18,5154.43,0.2,775.0,Normal,ACC004644
421,58176.8,0.522,686.1,Legitimate_Awakening,ACC009201
21,14030.34,0.345,796.6,Normal,ACC002078
20,2942.05,0.337,270.4,Normal,ACC000518
25,13415.15,0.351,989.8,Normal,ACC006037
18,16699.84,0.314,677.5,Normal,ACC005322
24,9969.87,0.556,925.7,Normal,ACC001450
11,3942.32,0.502,480.6,Normal,ACC008086
7,15814.14,0.434,886.5,Normal,ACC000058
686,57038.61,0.663,2401.6,Legitimate_Awakening,ACC009271
9,4410.92,0.202,133.3,Normal,ACC000823
2,5549.75,0.539,379.6,Normal,ACC001615
0,18061.48,0.294,348.7,Normal,ACC008417
16,14420.03,0.565,1066.7,Normal,ACC006898
11,4280.97,0.355,706.1,Normal,ACC007253
17,12498.46,0.584,284.1,Normal,ACC008427
503,53915.04,0.631,1180.8,Legitimate_Awakening,ACC009597
24,11087.2,0.505,975.7,Normal,ACC005001
17,16838.99,0.157,797.5,Normal,ACC007000
358,18030.09,0.317,2094.0,Legitimate_Awakening,ACC009506
29,9463.46,0.373,691.3,Normal,ACC000785
387,41698.15,0.489,1031.1,Legitimate_Awakening,ACC009103
0,15729.0,0.283,1410.8,Normal,ACC003515
26,11270.59,0.125,177.9,Normal,ACC002054
13,11638.34,0.339,1254.1,Normal,ACC008079
21,8371.92,0.404,1114.0,Normal,ACC005430
21,17197.56,0.156,579.0,Normal,ACC002646
26,16163.28,0.593,909.1,Normal,ACC001314
12,15981.62,0.179,188.4,Normal,ACC001081
3,1576.74,0.577,289.7,Normal,ACC003063
567,20721.82,0.546,2390.5,Legitimate_Awakening,ACC009373
10,6568.28,0.485,1264.1,Normal,ACC002841
29,4634.87,0.153,1028.7,Normal,ACC002013
20,16387.99,0.312,1312.4,Normal,ACC004705
13,11779.43,0.129,1150.2,Normal,ACC007692
209,46482.6,0.402,1594.6,Legitimate_Awakening,ACC009574
4,18059.96,0.448,1361.6,Normal,ACC006923
2,8152.93,0.477,1332.3,Normal,ACC000804
4,15969.6,0.435,1004.2,Normal,ACC003610
633,39840.4,0.629,2105.2,Legitimate_Awakening,ACC009177
18,14973.33,0.444,564.7,Normal,ACC004513
16,1717.41,0.343,263.9,Normal,ACC001305
26,16332.95,0.573,533.1,Normal,ACC001313
13,528.57,0.55,497.8,Normal,ACC008754
11,5057.39,0.37,1281.7,Normal,ACC000456
24,13486.33,0.491,361.3,Normal,ACC006369
7,13592.67,0.323,478.9,Normal,ACC007057
23,1012.65,0.555,523.6,Normal,ACC007641
232,39171.78,0.527,1660.9,Legitimate_Awakening,ACC009723
22,9671.22,0.351,284.6,Normal,ACC000541
8,643.08,0.162,1382.2,Normal,ACC007547
328,49690.42,0.556,2105.2,Legitimate_Awakening,ACC009406
2,15806.32,0.147,1284.9,Normal,ACC007259
29,13254.48,0.277,813.7,Normal,ACC000492
17,2231.08,0.532,543.2,Normal,ACC001883
5,11290.74,0.352,375.9,Normal,ACC000906
675,22395.35,0.501,1220.5,Legitimate_Awakening,ACC009554
23,4333.95,0.527,1172.1,Normal,ACC008057
27,10633.38,0.255,755.0,Normal,ACC007810
23,18768.18,0.466,403.7,Normal,ACC000275
12,7676.76,0.339,690.9,Normal,ACC004896
15,6989.23,0.379,1053.3,Normal,ACC001288
18,568.09,0.464,1022.7,Normal,ACC005815
13,8083.51,0.253,298.5,Normal,ACC007369
19,14708.42,0.364,386.7,Normal,ACC001732
26,19161.34,0.13,705.1,Normal,ACC002823
22,19076.98,0.293,1158.7,Normal,ACC002812
6,17843.42,0.458,1183.4,Normal,ACC005079
24,7440.79,0.416,1325.3,Normal,ACC008778
24,11632.64,0.109,756.7,Normal,ACC000362
9,8670.38,0.507,1292.4,Normal,ACC003971
9,4079.64,0.551,788.4,Normal,ACC006722
0,17146.26,0.463,595.7,Normal,ACC001384
670,17137.45,0.592,560.3,Legitimate_Awakening,ACC009583
361,45717.96,0.355,1057.9,Legitimate_Awakening,ACC009686
13,7911.68,0.179,669.8,Normal,ACC007878
13,5064.46,0.305,659.1,Normal,ACC008023
14,15145.93,0.134,1248.6,Normal,ACC005435
1,1855.94,0.376,737.7,Normal,ACC008243
16,6711.77,0.309,1060.9,Normal,ACC007817
14,6093.04,0.27,800.6,Normal,ACC008346
6,11820.61,0.534,861.7,Normal,ACC000112
6,11094.15,0.24,836.4,Normal,ACC006600
436,32719.29,0.355,1588.7,Legitimate_Awakening,ACC008892
11,13136.59,0.223,1067.2,Normal,ACC001677
20,553.21,0.257,314.6,Normal,ACC006171
5,4898.03,0.18,980.0,Normal,ACC000356
22,4783.8,0.325,1171.3,Normal,ACC001832
3,5890.61,0.256,968.3,Normal,ACC000594
18,8053.22,0.126,751.9,Normal,ACC007823
24,7718.45,0.359,135.4,Normal,ACC007991
737,400543.48,0.965,2.9,Dormant_Mule,ACC009985
511,23032.61,0.635,598.3,Legitimate_Awakening,ACC009724
18,15832.42,0.201,461.4,Normal,ACC000585
25,14167.73,0.311,1113.1,Normal,ACC005140
2,2795.5,0.558,951.7,Normal,ACC005395
26,1859.3,0.53,1146.7,Normal,ACC004044
10,18276.56,0.351,1394.9,Normal,ACC002747
14,7466.22,0.389,571.8,Normal,ACC002495
669,57032.74,0.536,920.6,Legitimate_Awakening,ACC009679
16,2451.94,0.292,1332.0,Normal,ACC008621
4,19634.21,0.566,1352.7,Normal,ACC001320
7,19520.27,0.598,219.8,Normal,ACC004587
20,9621.64,0.441,1323.5,Normal,ACC005118
11,18964.31,0.351,743.4,Normal,ACC007254
5,8937.09,0.489,851.2,Normal,ACC004574
20,9732.7,0.187,692.7,Normal,ACC000097
16,12974.19,0.576,1416.7,Normal,ACC004696
2,13412.62,0.158,852.6,Normal,ACC003031
11,15445.88,0.4,150.6,Normal,ACC007314
8,10941.26,0.53,767.5,Normal,ACC005827
18,10676.74,0.134,359.2,Normal,ACC001260
23,715.05,0.563,916.4,Normal,ACC003371
21,3963.59,0.18,987.9,Normal,ACC004524
16,18382.51,0.442,440.4,Normal,ACC006217
21,3251.96,0.1,1189.4,Normal,ACC002188
5,7361.75,0.453,808.4,Normal,ACC001496
25,3755.97,0.237,435.4,Normal,ACC008069
23,1612.02,0.153,893.0,Normal,ACC001191
278,54253.72,0.337,1022.9,Legitimate_Awakening,ACC009581
17,13633.58,0.158,1037.2,Normal,ACC002391
12,11004.57,0.362,1239.4,Normal,ACC000538
24,3658.52,0.519,1171.8,Normal,ACC005272
24,17472.9,0.185,585.3,Normal,ACC004010
218,55497.7,0.361,546.2,Legitimate_Awakening,ACC008918
23,960.04,0.307,515.0,Normal,ACC001814
25,10890.52,0.336,1415.0,Normal,ACC001738
678,55014.49,0.4,2369.7,Legitimate_Awakening,ACC009766
13,11347.93,0.413,212.2,Normal,ACC007683
8,3553.34,0.193,1343.4,Normal,ACC004572
549,36857.0,0.364,1788.7,Legitimate_Awakening,ACC009055
14,18668.76,0.203,592.8,Normal,ACC001949
26,2851.01,0.16,1078.2,Normal,ACC003667
28,11218.85,0.529,745.8,Normal,ACC001905
12,9932.42,0.247,461.5,Normal,ACC001855
27,17690.35,0.156,762.7,Normal,ACC004425
10,6189.03,0.377,1178.1,Normal,ACC008431
28,19796.85,0.367,501.4,Normal,ACC006784
13,4752.32,0.207,232.5,Normal,ACC008242
1,7875.38,0.359,665.3,Normal,ACC001382
10,4139.48,0.113,495.6,Normal,ACC001187
2,7715.07,0.242,1323.5,Normal,ACC003502
13,14313.0,0.43,270.9,Normal,ACC004414
438,329194.08,0.953,23.3,Dormant_Mule,ACC009953
531,31086.49,0.551,2591.9,Legitimate_Awakening,ACC009422
11,19617.63,0.274,1224.0,Normal,ACC008567
21,14463.78,0.198,1134.9,Normal,ACC006909
993,262029.02,0.963,12.5,Dormant_Mule,ACC009998
671,38228.62,0.528,2017.1,Legitimate_Awakening,ACC009741
26,9647.59,0.234,253.3,Normal,ACC000997
829,206272.57,0.987,2.8,Dormant_Mule,ACC009899
25,8905.35,0.407,714.4,Normal,ACC006794
18,1310.67,0.174,1422.4,Normal,ACC000403
628,41072.38,0.692,1024.1,Legitimate_Awakening,ACC009123
17,15684.16,0.382,651.2,Normal,ACC004646
603,45846.91,0.433,1407.4,Legitimate_Awakening,ACC009231
3,7399.02,0.419,898.5,Normal,ACC004639
12,19100.68,0.333,1387.9,Normal,ACC007726
9,10641.61,0.515,673.4,Normal,ACC002649
7,11955.35,0.247,1062.6,Normal,ACC000243
29,13010.62,0.509,127.5,Normal,ACC003337
3,2622.07,0.159,529.7,Normal,ACC007983
2,11208.04,0.416,881.7,Normal,ACC000722
21,2189.09,0.435,661.6,Normal,ACC001864
29,1745.66,0.259,410.8,Normal,ACC001451
9,8064.02,0.288,964.9,Normal,ACC002882
22,12752.77,0.192,259.5,Normal,ACC001602
8,9611.0,0.261,860.8,Normal,ACC008510
9,11294.39,0.25,688.7,Normal,ACC001397
27,2765.69,0.523,470.8,Normal,ACC007084
7,12482.25,0.469,1085.8,Normal,ACC008013
6,10348.06,0.336,712.9,Normal,ACC005867
20,19856.2,0.449,507.8,Normal,ACC001782
23,11957.92,0.451,1017.7,Normal,ACC000873
15,16424.12,0.127,884.2,Normal,ACC008505
7,14081.78,0.306,1274.1,Normal,ACC000168
5,10828.36,0.221,780.8,Normal,ACC000783
27,3265.66,0.102,822.4,Normal,ACC003391
23,2198.31,0.409,270.3,Normal,ACC000653
192,36450.93,0.342,574.8,Legitimate_Awakening,ACC009657
16,14552.23,0.463,1021.6,Normal,ACC008720
21,12793.94,0.365,211.1,Normal,ACC003124
13,12555.97,0.284,730.5,Normal,ACC000177
13,13072.04,0.278,184.9,Normal,ACC002180
6,12452.48,0.363,1396.0,Normal,ACC008385
14,7632.54,0.575,554.4,Normal,ACC003034
13,15900.35,0.432,576.4,Normal,ACC002249
15,16995.67,0.278,427.1,Normal,ACC004733
14,5223.24,0.441,377.6,Normal,ACC008000
14,10735.36,0.204,208.5,Normal,ACC005684
16,4378.89,0.14,1224.9,Normal,ACC002814
8,11810.85,0.322,1142.8,Normal,ACC004184
0,4261.43,0.553,190.6,Normal,ACC005688
21,3287.04,0.517,292.4,Normal,ACC008059
7,5072.44,0.34,848.4,Normal,ACC002280
13,2889.12,0.206,159.0,Normal,ACC002807
17,16582.49,0.246,706.0,Normal,ACC000894
8,3957.57,0.531,638.4,Normal,ACC003212
24,19855.5,0.44,1356.4,Normal,ACC003014
15,3331.63,0.246,521.6,Normal,ACC004853
26,8394.23,0.12,479.8,Normal,ACC005852
8,19665.35,0.287,1154.5,Normal,ACC004621
482,32660.27,0.487,1416.1,Legitimate_Awakening,ACC009689
5,3440.04,0.455,1059.6,Normal,ACC007880
14,9490.15,0.263,747.9,Normal,ACC002579
23,16947.77,0.566,989.4,Normal,ACC008660
26,2072.11,0.13,678.6,Normal,ACC007167
18,16440.15,0.213,909.4,Normal,ACC008361
5,11701.36,0.448,1340.1,Normal,ACC003125
12,15504.25,0.299,1212.4,Normal,ACC001033
4,19790.7,0.275,1394.5,Normal,ACC006829
4,17990.23,0.175,631.8,Normal,ACC005414
24,5528.81,0.17,1222.1,Normal,ACC000263
16,16850.78,0.382,618.0,Normal,ACC008595
1,14389.28,0.174,1437.0,Normal,ACC000041
2,19875.89,0.146,437.7,Normal,ACC003116
4,14894.74,0.345,158.1,Normal,ACC003575
14,2102.35,0.584,510.0,Normal,ACC000514
29,10361.97,0.509,1256.5,Normal,ACC002507
17,14999.58,0.531,158.4,Normal,ACC007225
18,1536.42,0.196,473.4,Normal,ACC005784
10,767.12,0.14,532.1,Normal,ACC000967
3,17866.58,0.271,733.2,Normal,ACC003544
18,3889.09,0.278,1277.0,Normal,ACC007108
329,26681.82,0.364,785.1,Legitimate_Awakening,ACC008941
11,13679.91,0.224,140.5,Normal,ACC001984
380,41937.01,0.357,1852.5,Legitimate_Awakening,ACC009432
25,19005.59,0.571,358.8,Normal,ACC006012
28,10109.98,0.25,906.8,Normal,ACC001065
9,6418.33,0.299,538.3,Normal,ACC001923
7,607.68,0.508,1053.1,Normal,ACC000021
26,7739.08,0.361,190.4,Normal,ACC005428
0,1259.48,0.173,545.7,Normal,ACC007329
11,17494.03,0.219,1412.2,Normal,ACC001792
4,872.4,0.453,959.0,Normal,ACC003205
4,15540.8,0.521,935.4,Normal,ACC002347
2,4484.17,0.354,673.4,Normal,ACC000923
3,13389.51,0.297,1102.3,Normal,ACC003102
362,40260.98,0.46,2380.6,Legitimate_Awakening,ACC009796
7,13177.2,0.477,851.8,Normal,ACC007671
23,1193.63,0.354,631.6,Normal,ACC000510
14,14290.99,0.484,235.2,Normal,ACC000197
8,14417.31,0.431,128.3,Normal,ACC006516
14,9273.8,0.221,961.8,Normal,ACC007001
13,3768.96,0.308,450.6,Normal,ACC008695
24,13967.55,0.511,1242.6,Normal,ACC007865
10,13954.87,0.415,812.2,Normal,ACC007806
11,16632.88,0.553,638.4,Normal,ACC007916
24,6827.88,0.573,493.1,Normal,ACC002018
2,18418.83,0.4,1085.7,Normal,ACC007862
9,13687.47,0.488,476.0,Normal,ACC008065
14,11470.73,0.38,339.4,Normal,ACC004296
28,18652.3,0.513,291.5,Normal,ACC000740
21,7277.52,0.365,924.1,Normal,ACC007323
727,497659.33,0.989,24.8,Dormant_Mule,ACC009987
25,5858.41,0.155,991.0,Normal,ACC002743
20,12180.31,0.221,767.4,Normal,ACC003913
16,9429.23,0.384,1307.1,Normal,ACC003786
23,15701.28,0.111,911.8,Normal,ACC002050
0,3211.17,0.191,1180.5,Normal,ACC006918
8,14919.68,0.504,1416.5,Normal,ACC008021
20,16302.84,0.314,1046.1,Normal,ACC004198
434,26009.01,0.677,1248.5,Legitimate_Awakening,ACC009214
28,4970.4,0.461,1070.4,Normal,ACC000220
29,4393.64,0.357,902.0,Normal,ACC000008
600,21290.91,0.457,1910.0,Legitimate_Awakening,ACC009352
7,10322.53,0.515,996.5,Normal,ACC001803
8,11662.8,0.149,192.3,Normal,ACC008394
19,3651.16,0.159,1124.1,Normal,ACC002549
15,1726.08,0.411,369.0,Normal,ACC003168
12,18408.96,0.167,665.0,Normal,ACC007948
10,7535.72,0.476,780.0,Normal,ACC001649
29,18011.38,0.307,424.3,Normal,ACC006290
25,10184.16,0.372,1382.6,Normal,ACC004089
2,16501.54,0.296,710.8,Normal,ACC001507
25,6939.92,0.317,454.9,Normal,ACC000129
13,8682.45,0.171,1074.7,Normal,ACC005935
17,12217.06,0.2,1196.3,Normal,ACC008698
27,1129.6,0.545,848.3,Normal,ACC007328
12,14709.83,0.481,1137.4,Normal,ACC004877
673,29942.62,0.618,480.2,Legitimate_Awakening,ACC009511
11,7275.43,0.414,176.6,Normal,ACC004085
15,8359.57,0.473,252.3,Normal,ACC008009
18,8929.18,0.435,462.7,Normal,ACC007170
6,13833.21,0.373,1414.3,Normal,ACC000578
21,11332.12,0.246,939.6,Normal,ACC006599
23,6949.63,0.376,875.4,Normal,ACC000070
2,12675.81,0.44,763.5,Normal,ACC004351
29,9362.58,0.193,373.6,Normal,ACC006913
24,1353.16,0.528,410.1,Normal,ACC007042
21,17390.28,0.252,1173.4,Normal,ACC006645
7,1793.35,0.215,1285.6,Normal,ACC005771
15,8647.47,0.475,843.4,Normal,ACC004539
2,7041.51,0.449,745.3,Normal,ACC006389
26,13171.54,0.57,1061.6,Normal,ACC006363
9,17378.47,0.151,286.3,Normal,ACC001150
24,16646.84,0.179,904.5,Normal,ACC002525
14,5441.85,0.152,545.6,Normal,ACC007399
1,9553.27,0.11,306.1,Normal,ACC003767
26,19519.95,0.457,226.2,Normal,ACC008131
398,53801.97,0.463,1514.4,Legitimate_Awakening,ACC009057
20,6946.72,0.53,745.4,Normal,ACC002896
29,7896.03,0.124,352.9,Normal,ACC001762
601,403624.86,0.951,3.9,Dormant_Mule,ACC009934
0,15679.52,0.333,1329.2,Normal,ACC008581
26,14134.69,0.255,1024.8,Normal,ACC007830
18,12700.19,0.386,364.0,Normal,ACC001233
584,55284.83,0.371,1680.4,Legitimate_Awakening,ACC008895
11,5252.38,0.412,709.9,Normal,ACC006250
27,3949.78,0.23,1336.6,Normal,ACC008416
28,16170.89,0.366,366.6,Normal,ACC002537
1,4590.18,0.29,1405.0,Normal,ACC000605
28,11604.12,0.573,514.9,Normal,ACC005551
15,3043.88,0.588,1266.2,Normal,ACC002940
22,7177.44,0.599,124.6,Normal,ACC003668
16,15534.19,0.454,745.1,Normal,ACC000337
15,3796.23,0.541,875.4,Normal,ACC004268
680,49789.57,0.68,2102.2,Legitimate_Awakening,ACC009012
24,3794.41,0.571,542.4,Normal,ACC005198
18,2286.04,0.268,1140.3,Normal,ACC005508
18,5974.47,0.354,194.5,Normal,ACC007664
18,11909.97,0.165,874.6,Normal,ACC008509
19,7034.64,0.532,813.7,Normal,ACC003280
2,12894.75,0.431,1105.6,Normal,ACC006072
12,17324.6,0.349,444.6,Normal,ACC004482
299,17995.58,0.662,2026.3,Legitimate_Awakening,ACC009637
498,18352.81,0.63,582.9,Legitimate_Awakening,ACC009313
6,15811.46,0.219,501.0,Normal,ACC002947
25,14986.12,0.345,687.9,Normal,ACC004289
13,13069.29,0.169,206.4,Normal,ACC004930
19,18828.67,0.352,1372.9,Normal,ACC000976
12,1474.59,0.522,1415.2,Normal,ACC000787
14,2823.39,0.304,547.4,Normal,ACC006491
23,14523.71,0.434,1107.5,Normal,ACC005261
18,1194.44,0.349,851.5,Normal,ACC002451
6,3896.06,0.373,1063.1,Normal,ACC001556
28,15460.47,0.595,191.2,Normal,ACC005289
24,4421.43,0.395,658.1,Normal,ACC000895
7,18132.74,0.287,845.8,Normal,ACC001125
15,8486.35,0.497,179.0,Normal,ACC006422
11,13900.2,0.507,671.0,Normal,ACC001539
13,10017.63,0.291,1217.4,Normal,ACC005277
16,17089.19,0.473,659.2,Normal,ACC000203
559,34728.2,0.369,533.6,Legitimate_Awakening,ACC009336
27,18001.88,0.554,235.4,Normal,ACC001689
272,24931.71,0.553,2302.1,Legitimate_Awakening,ACC009562
197,31731.08,0.582,1807.6,Legitimate_Awakening,ACC009354
7,19021.67,0.377,570.1,Normal,ACC002063
2,4243.69,0.289,638.1,Normal,ACC006798
18,7130.09,0.535,236.3,Normal,ACC001416
20,5061.6,0.243,902.1,Normal,ACC007680
21,8428.42,0.491,1055.8,Normal,ACC007407
1,16671.69,0.37,816.7,Normal,ACC004969
11,5554.27,0.449,1120.8,Normal,ACC006189
27,13886.89,0.466,1302.0,Normal,ACC007104
21,15025.77,0.519,401.1,Normal,ACC005660
5,19389.48,0.142,578.1,Normal,ACC002897
7,18972.2,0.149,244.9,Normal,ACC007246
5,15742.72,0.371,784.9,Normal,ACC006827
480,39305.08,0.559,1963.7,Legitimate_Awakening,ACC009486
7,3540.56,0.227,237.5,Normal,ACC004132
22,1705.47,0.141,132.6,Normal,ACC008478
14,13275.16,0.183,1428.3,Normal,ACC005401
29,5211.4,0.12,360.3,Normal,ACC008540
24,9581.65,0.22,740.1,Normal,ACC001801
214,42359.54,0.638,2668.7,Legitimate_Awakening,ACC009297
11,3943.97,0.374,755.0,Normal,ACC003792
20,15044.27,0.375,196.2,Normal,ACC000701
14,7075.16,0.183,563.8,Normal,ACC006025
12,5394.53,0.382,593.3,Normal,ACC000806
22,18032.23,0.462,158.4,Normal,ACC004147
15,4225.19,0.416,848.9,Normal,ACC006039
13,2030.97,0.513,842.6,Normal,ACC005938
23,12128.39,0.308,516.0,Normal,ACC004399
23,6848.83,0.592,1000.9,Normal,ACC002160
14,13538.93,0.377,583.7,Normal,ACC006133
18,7970.19,0.577,215.1,Normal,ACC006504
242,27820.43,0.354,945.6,Legitimate_Awakening,ACC009775
6,1580.12,0.408,1024.2,Normal,ACC004436
9,11674.32,0.263,171.8,Normal,ACC001106
26,14526.36,0.409,227.8,Normal,ACC001668
27,9461.95,0.193,960.0,Normal,ACC003768
16,5013.77,0.534,1342.9,Normal,ACC001119
27,1887.95,0.379,503.2,Normal,ACC004190
12,9025.96,0.579,628.1,Normal,ACC005919
294,30297.55,0.583,2107.2,Legitimate_Awakening,ACC009763
534,30156.83,0.327,2294.7,Legitimate_Awakening,ACC009273
18,855.73,0.448,1436.4,Normal,ACC000191
250,20828.99,0.624,1547.9,Legitimate_Awakening,ACC008904
24,13620.67,0.522,646.4,Normal,ACC002267
11,12776.4,0.43,1088.5,Normal,ACC005137
11,1141.91,0.506,861.6,Normal,ACC004830
22,17157.27,0.403,1077.3,Normal,ACC006835
18,1119.89,0.437,649.8,Normal,ACC003415
11,2837.77,0.206,347.3,Normal,ACC005165
23,10987.72,0.232,1222.3,Normal,ACC005546
6,15352.69,0.153,274.3,Normal,ACC004074
12,13789.83,0.206,1170.3,Normal,ACC006541
11,7453.87,0.231,1369.5,Normal,ACC001831
5,2668.23,0.521,1396.0,Normal,ACC006618
13,19706.68,0.255,439.4,Normal,ACC002390
22,16400.88,0.559,1146.6,Normal,ACC004011
15,18466.83,0.544,1206.7,Normal,ACC007061
8,18319.55,0.563,1411.6,Normal,ACC007121
18,14488.22,0.494,1088.5,Normal,ACC006732
29,14094.26,0.277,1291.4,Normal,ACC004571
6,6764.42,0.108,1083.4,Normal,ACC005869
27,19177.79,0.527,424.3,Normal,ACC002477
17,5318.89,0.307,539.5,Normal,ACC008418
15,1750.11,0.245,969.7,Normal,ACC007777
393,51255.76,0.563,2452.2,Legitimate_Awakening,ACC009491
12,3097.76,0.351,1150.7,Normal,ACC005882
636,36849.33,0.687,2658.3,Legitimate_Awakening,ACC009543
586,28796.17,0.317,1060.8,Legitimate_Awakening,ACC009113
2,15714.55,0.438,550.9,Normal,ACC007848
27,7429.12,0.387,1219.6,Normal,ACC003302
29,13970.75,0.387,353.3,Normal,ACC003968
8,1564.32,0.383,1334.2,Normal,ACC005857
26,10350.73,0.474,303.4,Normal,ACC002633
5,1646.52,0.465,554.1,Normal,ACC003308
18,2263.85,0.586,954.8,Normal,ACC008498
4,6390.18,0.466,1243.6,Normal,ACC000443
17,9451.73,0.582,1216.6,Normal,ACC006843
5,19605.76,0.428,291.4,Normal,ACC000603
14,11179.87,0.192,667.2,Normal,ACC007241
12,9583.35,0.518,431.2,Normal,ACC000386
382,33615.52,0.594,2437.7,Legitimate_Awakening,ACC009712
27,19580.87,0.105,942.0,Normal,ACC002335
20,9203.51,0.524,566.0,Normal,ACC006248
24,5829.31,0.409,210.5,Normal,ACC006326
11,13041.57,0.551,270.4,Normal,ACC007240
4,13016.81,0.582,895.1,Normal,ACC007004
21,12211.64,0.162,1171.5,Normal,ACC005008
8,18691.71,0.135,555.5,Normal,ACC006660
593,18957.5,0.565,1392.2,Legitimate_Awakening,ACC009278
21,15012.59,0.552,131.2,Normal,ACC004277
4,13994.99,0.17,668.9,Normal,ACC001261
17,18861.85,0.456,510.2,Normal,ACC002563
29,10068.54,0.319,1123.6,Normal,ACC002040
742,426999.92,0.951,1.5,Dormant_Mule,ACC009851
12,19289.23,0.179,189.3,Normal,ACC005590
23,19299.53,0.145,1026.9,Normal,ACC000743
15,7676.42,0.288,1412.7,Normal,ACC003520
17,13583.68,0.463,1115.6,Normal,ACC007653
621,379011.71,0.959,12.5,Dormant_Mule,ACC009853
0,13621.0,0.141,1376.0,Normal,ACC000885
28,10891.04,0.419,521.1,Normal,ACC003510
9,6828.81,0.491,1121.9,Normal,ACC002236
0,14512.77,0.207,380.0,Normal,ACC002447
17,14202.63,0.473,454.6,Normal,ACC004537
196,19495.21,0.619,1163.0,Legitimate_Awakening,ACC009529
251,20478.29,0.613,2477.8,Legitimate_Awakening,ACC009181
12,1610.58,0.203,749.5,Normal,ACC004567
17,7617.0,0.154,913.5,Normal,ACC006141
3,14624.61,0.389,481.9,Normal,ACC000452
29,9053.63,0.589,1186.4,Normal,ACC001354
22,13504.66,0.217,896.3,Normal,ACC002819
28,5793.94,0.103,301.4,Normal,ACC006904
10,11805.54,0.37,186.4,Normal,ACC001741
7,7982.58,0.16,443.3,Normal,ACC004269
19,4519.32,0.519,1439.6,Normal,ACC008849
15,1058.31,0.2,439.9,Normal,ACC002922
26,9876.23,0.572,150.6,Normal,ACC007934
15,5548.33,0.477,1072.6,Normal,ACC003595
15,8485.61,0.287,1341.7,Normal,ACC002910
27,8498.2,0.407,817.3,Normal,ACC004927
10,3940.51,0.568,1156.6,Normal,ACC007164
14,4402.93,0.184,258.0,Normal,ACC000367
12,11028.99,0.199,688.5,Normal,ACC003778
23,17812.44,0.152,1205.9,Normal,ACC002231
18,15904.5,0.42,1246.6,Normal,ACC001909
4,10195.97,0.575,515.9,Normal,ACC001605
8,10172.73,0.446,579.8,Normal,ACC000108
25,2731.54,0.253,1151.3,Normal,ACC002305
15,17057.41,0.292,342.1,Normal,ACC001317
23,13710.92,0.463,990.7,Normal,ACC008408
17,2881.2,0.328,296.0,Normal,ACC004637
24,14294.09,0.587,572.1,Normal,ACC008117
25,17101.86,0.218,911.5,Normal,ACC007453
25,9483.36,0.545,244.7,Normal,ACC002696
2,5239.73,0.386,1179.7,Normal,ACC006059
3,16833.19,0.345,1195.3,Normal,ACC006114
20,10920.41,0.349,578.3,Normal,ACC006536
19,9450.29,0.379,1256.0,Normal,ACC000239
16,12557.75,0.157,326.4,Normal,ACC002368
10,4111.85,0.202,435.1,Normal,ACC004050
25,11626.13,0.456,1146.4,Normal,ACC005492
8,1520.92,0.484,669.8,Normal,ACC000751
274,38021.39,0.513,1340.5,Legitimate_Awakening,ACC009165
5,8295.86,0.482,779.3,Normal,ACC006529
5,2393.01,0.551,707.7,Normal,ACC006580
22,4663.2,0.246,1248.0,Normal,ACC003629
21,2051.97,0.57,464.1,Normal,ACC002242
601,24073.41,0.351,1662.3,Legitimate_Awakening,ACC009792
4,14347.03,0.542,798.4,Normal,ACC005502
25,1795.61,0.538,1359.6,Normal,ACC006489
7,14116.32,0.204,146.8,Normal,ACC002348
16,11390.2,0.493,1264.5,Normal,ACC004390
12,16186.59,0.253,535.7,Normal,ACC006855
10,13848.62,0.209,1419.2,Normal,ACC004148
26,12389.02,0.155,948.6,Normal,ACC003179
3,13952.7,0.384,687.1,Normal,ACC005144
8,9727.86,0.496,1398.5,Normal,ACC008623
23,14764.24,0.316,1201.2,Normal,ACC007457
13,17050.37,0.215,1198.9,Normal,ACC005043
6,5019.78,0.259,1312.7,Normal,ACC000905
18,15120.04,0.575,409.4,Normal,ACC007097
5,2513.91,0.33,673.2,Normal,ACC008047
6,12246.32,0.466,1298.5,Normal,ACC008654
3,4206.67,0.426,158.6,Normal,ACC004218
8,9004.47,0.247,1372.0,Normal,ACC000259
583,25847.15,0.686,1527.1,Legitimate_Awakening,ACC009757
24,7976.81,0.234,1203.1,Normal,ACC007056
11,16155.24,0.284,989.3,Normal,ACC006239
11,7891.29,0.558,451.5,Normal,ACC001104
20,8439.17,0.269,1156.4,Normal,ACC006483
16,8835.29,0.305,1424.7,Normal,ACC003479
12,8836.36,0.236,627.1,Normal,ACC002131
16,1140.71,0.35,912.8,Normal,ACC001827
445,32480.04,0.311,2632.7,Legitimate_Awakening,ACC008854
21,2590.38,0.489,196.9,Normal,ACC007887
285,35743.46,0.346,769.8,Legitimate_Awakening,ACC009257
6,17805.64,0.413,1186.9,Normal,ACC001375
14,736.68,0.344,970.4,Normal,ACC004345
13,1932.17,0.3,176.9,Normal,ACC004997
21,7115.79,0.385,1291.4,Normal,ACC000250
580,473061.12,0.952,32.3,Dormant_Mule,ACC009888
26,10469.87,0.346,882.0,Normal,ACC000706
19,2869.28,0.199,1290.7,Normal,ACC000523
26,9973.42,0.565,263.5,Normal,ACC007886
1,7161.51,0.114,641.5,Normal,ACC004721
11,8608.88,0.181,355.0,Normal,ACC006560
21,5769.85,0.352,1407.8,Normal,ACC002839
24,13266.18,0.327,1292.4,Normal,ACC004461
27,4315.94,0.297,253.1,Normal,ACC008522
6,19100.95,0.215,454.0,Normal,ACC003840
22,3836.67,0.565,820.5,Normal,ACC005267
3,9978.21,0.4,1353.6,Normal,ACC006474
28,6850.5,0.115,147.4,Normal,ACC004713
0,12118.25,0.257,860.7,Normal,ACC003469
27,18437.68,0.156,899.7,Normal,ACC007699
650,43280.38,0.485,2110.2,Legitimate_Awakening,ACC009396
449,17697.44,0.573,1018.4,Legitimate_Awakening,ACC009153
16,18319.38,0.284,612.9,Normal,ACC002112
464,41059.74,0.559,404.3,Legitimate_Awakening,ACC009701
8,13108.82,0.187,596.2,Normal,ACC000441
2,18519.76,0.434,1304.2,Normal,ACC008599
1,1243.31,0.344,1059.9,Normal,ACC002772
5,10286.63,0.425,1382.5,Normal,ACC007539
16,6475.56,0.291,771.4,Normal,ACC006397
29,3646.57,0.142,145.3,Normal,ACC000912
27,9992.74,0.589,1394.4,Normal,ACC002857
11,3736.89,0.25,832.0,Normal,ACC003059
27,6549.64,0.353,891.8,Normal,ACC004755
340,38807.03,0.392,647.8,Legitimate_Awakening,ACC008997
22,4165.69,0.37,417.4,Normal,ACC004187
5,2184.3,0.143,853.9,Normal,ACC008035
523,42710.85,0.479,1190.7,Legitimate_Awakening,ACC009688
23,2508.87,0.136,244.4,Normal,ACC003586
29,4863.68,0.566,764.3,Normal,ACC002144
13,716.03,0.465,874.8,Normal,ACC001264
20,1742.21,0.538,1209.4,Normal,ACC004605
8,6805.75,0.213,588.6,Normal,ACC000454
13,15739.7,0.461,823.6,Normal,ACC007242
20,11079.82,0.308,168.0,Normal,ACC008742
2,17856.11,0.142,1185.5,Normal,ACC000878
8,8290.38,0.593,252.9,Normal,ACC003242
508,17573.65,0.399,426.8,Legitimate_Awakening,ACC009033
11,7745.68,0.198,270.9,Normal,ACC004091
23,3321.86,0.506,413.9,Normal,ACC002577
7,15822.53,0.421,181.6,Normal,ACC006534
17,18530.92,0.277,993.4,Normal,ACC002669
11,13382.22,0.36,926.7,Normal,ACC008420
20,4324.72,0.334,1257.6,Normal,ACC004204
0,11770.78,0.367,394.9,Normal,ACC008211
17,3740.93,0.154,322.5,Normal,ACC007535
19,3991.12,0.499,1014.4,Normal,ACC001253
3,8353.28,0.272,649.2,Normal,ACC003251
18,15471.55,0.443,868.5,Normal,ACC006399
11,19200.64,0.419,1238.1,Normal,ACC003684
26,1606.65,0.314,434.9,Normal,ACC007397
8,10105.1,0.342,1226.5,Normal,ACC001013
12,3138.37,0.428,1181.0,Normal,ACC005516
569,45274.02,0.335,2370.3,Legitimate_Awakening,ACC009483
8,18778.88,0.402,744.9,Normal,ACC000772
8,7865.71,0.367,775.5,Normal,ACC000114
3,791.52,0.545,443.3,Normal,ACC002784
496,52928.62,0.367,1244.7,Legitimate_Awakening,ACC009678
12,7402.91,0.377,932.3,Normal,ACC004832
7,16173.16,0.376,764.9,Normal,ACC003646
7,14473.82,0.279,473.5,Normal,ACC001546
11,14764.75,0.389,433.5,Normal,ACC005059
2,11965.8,0.51,1251.8,Normal,ACC006096
21,1617.6,0.144,467.2,Normal,ACC008446
25,2885.74,0.289,300.3,Normal,ACC004871
14,4166.33,0.156,992.3,Normal,ACC007772
26,9900.74,0.469,1388.8,Normal,ACC005661
17,4623.67,0.233,245.2,Normal,ACC003752
6,2860.45,0.211,621.1,Normal,ACC004890
15,1954.18,0.516,168.6,Normal,ACC005787
10,10880.45,0.246,985.6,Normal,ACC003144
21,4576.66,0.142,736.0,Normal,ACC001082
346,36408.74,0.434,1029.6,Legitimate_Awakening,ACC009676
11,17324.54,0.208,246.3,Normal,ACC000446
26,19307.18,0.367,814.5,Normal,ACC008110
25,14675.6,0.6,1427.2,Normal,ACC003077
20,9090.55,0.358,504.8,Normal,ACC006783
7,11988.69,0.217,1114.8,Normal,ACC007623
24,10324.34,0.423,631.1,Normal,ACC005503
14,1943.39,0.218,196.2,Normal,ACC007393
28,3613.49,0.495,933.5,Normal,ACC001685
4,19819.76,0.235,1126.4,Normal,ACC007863
26,18527.64,0.361,137.7,Normal,ACC002001
19,14780.81,0.14,396.1,Normal,ACC006411
21,13469.25,0.267,347.8,Normal,ACC008402
2,14384.16,0.292,651.0,Normal,ACC002308
21,7278.04,0.41,891.5,Normal,ACC004782
15,6146.77,0.536,1238.1,Normal,ACC006184
8,14422.18,0.562,802.6,Normal,ACC001833
22,13391.13,0.475,444.6,Normal,ACC006177
463,57866.81,0.5,953.2,Legitimate_Awakening,ACC009071
23,6936.38,0.353,587.1,Normal,ACC007231
7,18883.27,0.425,922.2,Normal,ACC000309
5,2601.95,0.344,1040.9,Normal,ACC002412
5,3530.95,0.469,1334.3,Normal,ACC004689
28,14605.49,0.291,541.2,Normal,ACC003866
9,1565.12,0.346,240.7,Normal,ACC004684
17,8659.19,0.255,540.6,Normal,ACC007557
190,23689.99,0.5,2864.3,Legitimate_Awakening,ACC009350
14,1564.23,0.142,388.2,Normal,ACC005618
7,12156.01,0.171,975.5,Normal,ACC004706
27,10902.86,0.513,1427.1,Normal,ACC003854
2,9094.61,0.522,1343.7,Normal,ACC006220
0,15397.53,0.135,760.5,Normal,ACC008552
3,16465.56,0.158,985.9,Normal,ACC001859
5,1052.32,0.448,1185.9,Normal,ACC003390
15,18921.79,0.267,873.5,Normal,ACC001510
1,8464.88,0.44,194.8,Normal,ACC001134
24,1081.31,0.593,218.1,Normal,ACC005606
13,7956.08,0.322,616.6,Normal,ACC001785
25,13119.61,0.559,1017.4,Normal,ACC003277
25,6347.77,0.207,169.9,Normal,ACC003109
2,9300.96,0.549,514.8,Normal,ACC007694
26,14949.13,0.365,1214.3,Normal,ACC000667
21,15294.17,0.131,1133.2,Normal,ACC007438
21,9822.22,0.555,1198.6,Normal,ACC007409
292,47262.78,0.375,540.1,Legitimate_Awakening,ACC009534
26,4429.78,0.271,1395.9,Normal,ACC004416
24,11876.99,0.574,760.3,Normal,ACC002828
14,13564.01,0.229,443.5,Normal,ACC004648
18,10901.2,0.357,458.9,Normal,ACC002767
527,38384.93,0.402,638.6,Legitimate_Awakening,ACC009413
624,15192.65,0.338,2747.9,Legitimate_Awakening,ACC009233
28,1507.32,0.125,629.9,Normal,ACC001532
22,3666.45,0.194,1084.7,Normal,ACC000408
23,17615.0,0.145,1064.3,Normal,ACC001542
13,1107.39,0.545,1136.2,Normal,ACC007519
14,1798.01,0.424,217.8,Normal,ACC000933
3,4629.15,0.551,213.0,Normal,ACC005943
16,5668.35,0.292,143.0,Normal,ACC006994
1,12671.83,0.258,989.0,Normal,ACC008001
474,21895.66,0.617,1256.1,Legitimate_Awakening,ACC009546
21,12266.38,0.503,327.1,Normal,ACC001918
27,3554.45,0.122,266.3,Normal,ACC000520
6,10354.12,0.41,435.2,Normal,ACC007300
8,5953.64,0.196,785.6,Normal,ACC001985
22,13269.21,0.122,207.7,Normal,ACC003714
20,11164.85,0.577,1285.4,Normal,ACC008753
10,16848.79,0.458,1026.8,Normal,ACC001599
2,7453.63,0.227,137.0,Normal,ACC001175
11,6421.25,0.549,903.4,Normal,ACC004076
6,16563.05,0.143,1263.4,Normal,ACC001564
12,17897.08,0.322,908.9,Normal,ACC006456
2,7829.82,0.297,726.5,Normal,ACC000501
20,4912.12,0.511,176.6,Normal,ACC007941
8,12345.9,0.207,746.2,Normal,ACC006103
498,21636.1,0.349,786.1,Legitimate_Awakening,ACC009571
397,32413.96,0.601,2303.6,Legitimate_Awakening,ACC008905
11,4006.97,0.243,720.7,Normal,ACC003581
8,4739.63,0.212,483.1,Normal,ACC005309
22,14729.84,0.51,1312.9,Normal,ACC006503
17,1902.08,0.168,998.9,Normal,ACC008845
12,14329.02,0.2,398.5,Normal,ACC002258
12,13398.23,0.541,660.4,Normal,ACC002224
537,39059.16,0.553,738.8,Legitimate_Awakening,ACC009246
8,12932.84,0.468,303.6,Normal,ACC008797
8,9379.67,0.377,281.5,Normal,ACC005424
25,2072.82,0.121,490.7,Normal,ACC005649
0,1758.0,0.343,682.7,Normal,ACC005802
21,15738.47,0.316,905.1,Normal,ACC003528
28,10235.24,0.236,343.6,Normal,ACC002175
16,5197.74,0.494,1011.9,Normal,ACC005905
18,10925.86,0.11,329.3,Normal,ACC004257
12,14195.04,0.506,573.5,Normal,ACC005191
27,15357.51,0.481,690.6,Normal,ACC006652
15,8320.85,0.397,499.0,Normal,ACC005850
438,35244.48,0.431,1028.1,Legitimate_Awakening,ACC008996
29,14524.33,0.421,806.1,Normal,ACC003863
28,10464.59,0.557,1397.5,Normal,ACC003385
2,8212.92,0.506,797.7,Normal,ACC007720
24,5989.66,0.536,268.6,Normal,ACC000628
28,5947.67,0.565,454.0,Normal,ACC000504
4,11289.12,0.575,254.0,Normal,ACC007459
12,6362.1,0.431,1038.2,Normal,ACC004652
10,16680.38,0.403,504.3,Normal,ACC000770
6,2772.15,0.545,955.7,Normal,ACC006216
19,16151.54,0.329,757.5,Normal,ACC000561
15,1432.09,0.196,340.8,Normal,ACC002598
16,649.45,0.21,168.5,Normal,ACC000650
28,17899.95,0.32,505.5,Normal,ACC007256
3,565.89,0.46,1220.6,Normal,ACC004343
9,1615.0,0.398,871.1,Normal,ACC004279
5,678.73,0.201,1385.9,Normal,ACC002010
11,10564.63,0.252,1028.0,Normal,ACC002098
18,6008.67,0.277,1300.2,Normal,ACC000812
12,6134.76,0.305,679.5,Normal,ACC008441
0,4479.34,0.573,231.1,Normal,ACC004517
29,17338.14,0.267,327.0,Normal,ACC008499
21,11520.67,0.209,678.1,Normal,ACC008151
17,10593.78,0.389,1109.1,Normal,ACC002172
9,18800.66,0.375,919.2,Normal,ACC005420
12,9515.41,0.457,1091.4,Normal,ACC002752
2,7566.67,0.293,1046.0,Normal,ACC006354
23,12776.38,0.127,1108.2,Normal,ACC000736
22,14468.31,0.136,214.1,Normal,ACC000509
19,13514.6,0.106,1270.4,Normal,ACC002116
17,7817.21,0.293,377.3,Normal,ACC006805
5,18795.78,0.507,999.2,Normal,ACC008355
16,13651.45,0.133,892.1,Normal,ACC007021
21,14128.6,0.501,1071.7,Normal,ACC004851
25,4635.58,0.219,491.3,Normal,ACC001681
14,12187.59,0.309,690.0,Normal,ACC002473
29,9072.86,0.103,432.3,Normal,ACC008055
24,16806.97,0.504,1386.8,Normal,ACC006841
10,6460.99,0.166,538.9,Normal,ACC008249
12,16739.54,0.271,349.7,Normal,ACC004757
7,16344.97,0.216,589.3,Normal,ACC008762
23,7224.7,0.202,313.5,Normal,ACC006610
522,28587.76,0.437,318.9,Legitimate_Awakening,ACC009834
29,17222.29,0.287,142.2,Normal,ACC004632
14,7001.24,0.269,379.5,Normal,ACC003651
28,8793.54,0.407,238.5,Normal,ACC008701
898,286670.08,0.963,26.2,Dormant_Mule,ACC009902
21,7177.08,0.454,1217.6,Normal,ACC008824
14,2205.26,0.379,455.1,Normal,ACC003217
13,19962.39,0.519,855.9,Normal,ACC006041
29,7670.81,0.191,694.9,Normal,ACC000766
25,11395.11,0.129,1039.1,Normal,ACC003623
16,19342.35,0.585,1261.9,Normal,ACC001446
14,18344.26,0.367,328.5,Normal,ACC000595
19,10079.07,0.387,498.9,Normal,ACC007069
699,28580.7,0.31,2318.4,Legitimate_Awakening,ACC009036
11,7101.02,0.228,353.4,Normal,ACC006768
8,5206.54,0.481,877.5,Normal,ACC008095
4,9315.82,0.25,874.2,Normal,ACC004231
28,2674.44,0.158,1372.1,Normal,ACC005351
366,27685.35,0.674,366.9,Legitimate_Awakening,ACC009415
12,5357.43,0.476,164.9,Normal,ACC008632
18,4972.14,0.371,1061.1,Normal,ACC007512
22,5262.39,0.148,1266.5,Normal,ACC006538
3,6912.78,0.431,1433.4,Normal,ACC005305
29,19948.47,0.246,952.7,Normal,ACC005864
2,2576.98,0.164,1313.8,Normal,ACC003398
586,38662.49,0.601,1692.8,Legitimate_Awakening,ACC009451
10,11020.38,0.445,676.2,Normal,ACC003758
445,29699.77,0.376,1011.6,Legitimate_Awakening,ACC009365
8,1513.44,0.371,1056.0,Normal,ACC000369
25,12619.62,0.21,707.2,Normal,ACC001570
27,1912.12,0.367,1284.9,Normal,ACC000364
29,14151.69,0.518,481.3,Normal,ACC008675
2,12044.38,0.192,422.2,Normal,ACC006403
15,6958.18,0.298,893.8,Normal,ACC004216
24,19644.46,0.465,1242.7,Normal,ACC004692
12,1903.29,0.269,1342.2,Normal,ACC007298
2,16498.32,0.426,392.8,Normal,ACC000104
22,12790.54,0.37,189.0,Normal,ACC004260
17,1035.68,0.302,1431.5,Normal,ACC001740
26,19132.85,0.102,1144.4,Normal,ACC008704
13,15844.78,0.215,249.2,Normal,ACC007250
29,9248.34,0.369,996.0,Normal,ACC001992
5,10106.05,0.264,956.1,Normal,ACC000165
10,11631.4,0.396,1143.3,Normal,ACC006831
18,11363.64,0.441,1042.3,Normal,ACC007861
9,18815.33,0.258,1176.9,Normal,ACC006554
9,6470.11,0.174,678.1,Normal,ACC004568
19,4949.24,0.47,528.8,Normal,ACC001987
24,19483.77,0.244,1293.9,Normal,ACC003354
26,8987.81,0.326,648.5,Normal,ACC006443
18,19913.19,0.465,420.3,Normal,ACC003370
0,10810.13,0.513,731.3,Normal,ACC000953
29,4437.38,0.508,859.5,Normal,ACC008795
367,321111.31,0.997,25.6,Dormant_Mule,ACC009978
6,2224.7,0.36,510.3,Normal,ACC007978
17,1078.32,0.403,552.9,Normal,ACC005283
7,16660.79,0.214,1216.7,Normal,ACC008260
26,1325.52,0.417,448.1,Normal,ACC002618
1,13973.62,0.441,1230.9,Normal,ACC003958
230,17420.68,0.594,1620.5,Legitimate_Awakening,ACC009662
21,17732.8,0.381,365.4,Normal,ACC002125
16,5211.22,0.441,1065.1,Normal,ACC001536
28,7618.39,0.15,1009.3,Normal,ACC003234
689,49363.64,0.616,1572.4,Legitimate_Awakening,ACC009459
27,676.91,0.509,289.6,Normal,ACC000333
551,51921.44,0.371,1489.2,Legitimate_Awakening,ACC009018
18,5261.11,0.559,743.4,Normal,ACC006446
7,17198.89,0.362,598.4,Normal,ACC004888
29,7818.5,0.132,809.3,Normal,ACC006256
322,30663.61,0.308,2359.3,Legitimate_Awakening,ACC009259
302,38609.07,0.578,766.3,Legitimate_Awakening,ACC009386
7,1352.65,0.32,991.3,Normal,ACC005535
13,3573.9,0.357,908.2,Normal,ACC004371
29,10838.41,0.291,302.1,Normal,ACC004501
6,18122.39,0.115,305.2,Normal,ACC007255
7,814.11,0.159,364.1,Normal,ACC002486
5,10826.97,0.481,171.7,Normal,ACC003464
14,19254.68,0.53,1242.5,Normal,ACC008536
21,14469.8,0.182,459.1,Normal,ACC008045
9,19410.51,0.531,389.6,Normal,ACC005539
282,39985.16,0.593,1392.8,Legitimate_Awakening,ACC009487
8,9279.96,0.579,646.7,Normal,ACC000875
4,11468.97,0.4,878.3,Normal,ACC007441
29,1266.62,0.153,1409.0,Normal,ACC007964
3,8805.79,0.597,242.1,Normal,ACC001186
21,19912.36,0.314,994.1,Normal,ACC008564
28,13588.95,0.197,384.1,Normal,ACC005968
2,3981.39,0.288,737.5,Normal,ACC003615
5,3456.41,0.146,436.5,Normal,ACC004263
524,26934.62,0.328,2247.9,Legitimate_Awakening,ACC009603
13,1799.07,0.215,836.6,Normal,ACC000212
590,55011.32,0.49,2693.3,Legitimate_Awakening,ACC009671
5,2676.92,0.321,587.1,Normal,ACC004280
26,8283.22,0.413,1173.0,Normal,ACC005614
10,13694.57,0.418,650.4,Normal,ACC001318
16,3171.91,0.369,364.1,Normal,ACC001352
1,1491.64,0.532,570.1,Normal,ACC001774
17,13145.43,0.392,362.2,Normal,ACC006109
1,3633.95,0.467,689.4,Normal,ACC003788
620,19149.88,0.527,1288.6,Legitimate_Awakening,ACC009541
0,12523.25,0.221,1076.8,Normal,ACC007554
19,9216.23,0.228,992.1,Normal,ACC003152
6,18343.59,0.541,162.6,Normal,ACC005453
15,4615.59,0.316,672.6,Normal,ACC004446
12,15579.43,0.337,583.5,Normal,ACC003183
12,6889.94,0.258,167.2,Normal,ACC007654
21,9151.72,0.525,221.2,Normal,ACC003675
6,10316.36,0.574,1328.1,Normal,ACC008368
2,4688.87,0.343,1388.2,Normal,ACC005003
23,3055.64,0.499,790.5,Normal,ACC001482
9,7934.68,0.35,1375.5,Normal,ACC003298
11,18209.0,0.368,1252.3,Normal,ACC004305
3,15289.89,0.286,442.2,Normal,ACC003216
27,10510.87,0.133,793.0,Normal,ACC008319
15,9392.74,0.249,318.0,Normal,ACC008041
16,14861.64,0.563,709.8,Normal,ACC003939
628,379118.52,0.95,30.1,Dormant_Mule,ACC009911
3,11174.24,0.31,1320.6,Normal,ACC007335
14,1959.94,0.294,1232.8,Normal,ACC007747
561,39128.78,0.692,927.5,Legitimate_Awakening,ACC008942
10,1461.17,0.29,349.7,Normal,ACC008473
12,7987.3,0.566,212.4,Normal,ACC000298
558,15901.05,0.311,1656.6,Legitimate_Awakening,ACC009000
19,12014.58,0.128,1421.2,Normal,ACC007180
13,4275.66,0.308,712.5,Normal,ACC001938
0,17622.13,0.431,522.3,Normal,ACC006596
17,18568.32,0.271,974.9,Normal,ACC007975
18,14425.39,0.315,1080.5,Normal,ACC006238
12,18338.91,0.587,466.1,Normal,ACC004097
6,8719.3,0.504,1175.7,Normal,ACC007808
29,4147.17,0.274,1017.3,Normal,ACC004122
8,11086.21,0.573,309.2,Normal,ACC008635
19,16108.0,0.342,877.5,Normal,ACC004847
24,1527.69,0.477,125.9,Normal,ACC007107
421,55932.37,0.484,2269.6,Legitimate_Awakening,ACC009157
13,7204.54,0.407,1256.3,Normal,ACC003443
19,885.25,0.312,257.8,Normal,ACC006249
19,778.4,0.401,862.7,Normal,ACC002673
2,14468.91,0.212,249.9,Normal,ACC002510
13,17440.77,0.368,1112.5,Normal,ACC003003
277,58334.18,0.424,339.5,Legitimate_Awakening,ACC009821
28,16392.65,0.262,1416.6,Normal,ACC003672
23,4028.15,0.434,885.6,Normal,ACC008464
18,15956.92,0.402,771.2,Normal,ACC001988
3,19462.19,0.324,329.9,Normal,ACC000835
21,3005.83,0.144,1226.7,Normal,ACC003286
189,52974.36,0.632,2813.3,Legitimate_Awakening,ACC008963
20,4228.07,0.497,1396.0,Normal,ACC004914
4,18145.48,0.256,291.8,Normal,ACC006084
21,13351.71,0.383,133.8,Normal,ACC005203
27,4117.75,0.534,1145.1,Normal,ACC000351
7,10180.99,0.467,1401.9,Normal,ACC007493
14,6051.16,0.288,1118.3,Normal,ACC001735
771,398740.1,0.975,41.9,Dormant_Mule,ACC009864
18,6633.86,0.417,1028.9,Normal,ACC004603
29,17095.02,0.58,354.5,Normal,ACC006998
284,52631.01,0.46,2427.5,Legitimate_Awakening,ACC009666
3,8872.18,0.531,319.0,Normal,ACC003945
4,4237.16,0.401,379.6,Normal,ACC007074
4,585.29,0.585,1365.4,Normal,ACC005393
28,12732.68,0.251,1397.8,Normal,ACC002496
18,18606.56,0.243,488.1,Normal,ACC006646
0,16940.64,0.105,1257.4,Normal,ACC004349
25,16901.59,0.118,989.1,Normal,ACC001841
9,9382.28,0.115,1280.5,Normal,ACC002202
11,5649.31,0.475,354.7,Normal,ACC004906
21,18241.56,0.535,856.9,Normal,ACC002826
358,48009.72,0.455,2438.9,Legitimate_Awakening,ACC009740
3,5060.99,0.205,1251.5,Normal,ACC001108
683,16092.13,0.352,2481.8,Legitimate_Awakening,ACC009664
25,2996.48,0.598,1140.2,Normal,ACC005647
216,15307.64,0.603,699.5,Legitimate_Awakening,ACC008935
7,17839.95,0.46,1227.4,Normal,ACC008685
9,15828.96,0.161,273.7,Normal,ACC003153
579,42882.15,0.467,2344.5,Legitimate_Awakening,ACC008926
20,18819.88,0.314,593.0,Normal,ACC003658
16,3954.14,0.282,613.0,Normal,ACC003340
12,3978.31,0.311,678.0,Normal,ACC007205
15,11155.71,0.398,1001.6,Normal,ACC008525
8,12743.36,0.499,1359.8,Normal,ACC005965
2,2417.31,0.586,1266.3,Normal,ACC006463
23,12788.64,0.231,488.7,Normal,ACC004956
23,13794.82,0.544,1034.1,Normal,ACC001758
343,39723.74,0.514,2674.3,Legitimate_Awakening,ACC009458
9,3646.78,0.436,1187.8,Normal,ACC005040
10,14984.42,0.373,458.7,Normal,ACC004247
26,6087.78,0.546,1115.2,Normal,ACC006763
12,9899.8,0.198,926.2,Normal,ACC000648
214,58381.28,0.561,2319.8,Legitimate_Awakening,ACC009341
28,6080.97,0.526,907.8,Normal,ACC008352
432,58129.3,0.347,2596.6,Legitimate_Awakening,ACC009582
29,17866.17,0.595,591.2,Normal,ACC008597
564,48745.78,0.662,845.7,Legitimate_Awakening,ACC009111
8,5272.53,0.541,669.0,Normal,ACC002012
23,7643.41,0.118,1313.7,Normal,ACC003276
6,10397.42,0.376,1060.3,Normal,ACC004179
525,56389.65,0.526,1262.8,Legitimate_Awakening,ACC009850
4,13819.47,0.581,516.8,Normal,ACC004838
8,7635.04,0.215,408.2,Normal,ACC001623
10,13779.49,0.329,790.2,Normal,ACC008444
26,14141.62,0.453,1044.0,Normal,ACC007724
19,6711.28,0.157,932.1,Normal,ACC007211
29,3367.92,0.153,562.8,Normal,ACC007472
19,10053.67,0.369,460.1,Normal,ACC002874
29,690.56,0.49,1202.2,Normal,ACC004881
19,16968.71,0.26,1214.2,Normal,ACC000291
21,5915.45,0.194,464.9,Normal,ACC003380
21,13066.5,0.46,911.8,Normal,ACC007792
433,486709.21,0.957,40.1,Dormant_Mule,ACC009913
24,4254.08,0.509,599.3,Normal,ACC005153
10,14929.73,0.575,387.9,Normal,ACC000556
437,19803.39,0.41,867.5,Legitimate_Awakening,ACC009756
19,9625.71,0.164,977.4,Normal,ACC002987
4,1780.52,0.15,557.1,Normal,ACC006962
602,189908.92,0.963,18.6,Dormant_Mule,ACC009988
12,1950.75,0.508,1266.4,Normal,ACC003329
19,14085.0,0.218,545.5,Normal,ACC005920
7,12680.94,0.291,391.5,Normal,ACC000515
19,14625.53,0.195,1297.8,Normal,ACC001882
19,6177.97,0.533,1104.5,Normal,ACC005890
17,1941.97,0.502,1436.5,Normal,ACC007705
15,12532.99,0.377,236.8,Normal,ACC004970
19,13723.22,0.372,577.9,Normal,ACC001050
5,3796.63,0.487,291.2,Normal,ACC002620
19,16627.39,0.587,1236.2,Normal,ACC006634
21,4148.46,0.405,363.3,Normal,ACC007562
7,6890.68,0.288,1304.1,Normal,ACC004769
20,4400.21,0.33,470.2,Normal,ACC006818
23,4573.91,0.436,593.4,Normal,ACC000074
13,10699.78,0.279,1277.9,Normal,ACC000208
518,31914.02,0.308,315.7,Legitimate_Awakening,ACC009171
24,5125.92,0.151,321.8,Normal,ACC000188
7,2667.75,0.12,561.0,Normal,ACC007776
23,1622.65,0.489,625.7,Normal,ACC002933
17,8809.39,0.376,910.5,Normal,ACC001920
3,19871.03,0.439,426.0,Normal,ACC003410
7,7918.5,0.388,942.8,Normal,ACC007898
29,18664.87,0.377,1343.6,Normal,ACC005387
22,4160.59,0.144,1042.6,Normal,ACC000956
2,17958.13,0.587,1202.1,Normal,ACC008611
13,1259.96,0.524,1260.3,Normal,ACC003652
334,26463.98,0.334,1044.9,Legitimate_Awakening,ACC009433
503,424231.41,0.963,21.8,Dormant_Mule,ACC009875
4,7371.86,0.51,572.6,Normal,ACC007027
12,5077.38,0.527,1071.8,Normal,ACC005612
9,1934.84,0.275,943.6,Normal,ACC008237
12,16330.31,0.492,1020.5,Normal,ACC005141
423,47236.78,0.63,1823.5,Legitimate_Awakening,ACC009262
10,6129.53,0.278,1069.1,Normal,ACC000273
18,6938.04,0.153,1378.5,Normal,ACC001355
25,2873.82,0.415,401.8,Normal,ACC007224
25,11639.51,0.104,981.8,Normal,ACC004536
20,16608.32,0.491,1055.5,Normal,ACC000467
27,13119.77,0.443,1144.9,Normal,ACC002810
5,15045.38,0.421,449.4,Normal,ACC005438
10,13498.71,0.181,865.9,Normal,ACC000796
18,2002.12,0.114,1287.1,Normal,ACC003303
12,18267.09,0.351,476.0,Normal,ACC006320
0,14347.16,0.128,953.9,Normal,ACC004585
23,16712.62,0.237,840.9,Normal,ACC002898
17,8172.6,0.523,182.0,Normal,ACC006144
29,11117.54,0.103,548.5,Normal,ACC000420
16,1299.42,0.54,208.4,Normal,ACC004368
3,5743.06,0.222,512.2,Normal,ACC004723
16,4384.94,0.305,822.2,Normal,ACC008217
609,131333.31,0.98,1.7,Dormant_Mule,ACC009964
10,12785.36,0.309,310.5,Normal,ACC001653
13,5432.58,0.358,1436.2,Normal,ACC006304
8,7172.63,0.197,861.8,Normal,ACC001788
8,9121.55,0.478,489.1,Normal,ACC007197
14,11706.83,0.38,1134.7,Normal,ACC005150
14,9580.81,0.487,1327.8,Normal,ACC001039
11,19407.51,0.467,1043.5,Normal,ACC001370
1,7628.68,0.288,1101.1,Normal,ACC005046
20,9333.46,0.356,1061.2,Normal,ACC002974
17,12189.49,0.551,625.8,Normal,ACC001227
13,14945.78,0.401,1006.6,Normal,ACC003475
19,10345.37,0.576,1042.1,Normal,ACC004591
19,15115.77,0.355,1190.3,Normal,ACC003412
18,6228.63,0.121,961.0,Normal,ACC001046
8,1964.9,0.368,1247.9,Normal,ACC001948
22,13137.58,0.159,1369.3,Normal,ACC005687
681,28999.46,0.608,2563.7,Legitimate_Awakening,ACC008931
14,2664.06,0.417,1137.4,Normal,ACC000750
23,14905.5,0.253,469.9,Normal,ACC001421
4,19587.69,0.54,489.5,Normal,ACC002682
412,41165.19,0.417,2309.7,Legitimate_Awakening,ACC009803
17,17963.48,0.555,534.3,Normal,ACC001061
200,59316.66,0.474,2616.5,Legitimate_Awakening,ACC009494
5,717.18,0.265,160.3,Normal,ACC007854
11,5674.18,0.255,816.8,Normal,ACC003664
354,20482.11,0.442,325.1,Legitimate_Awakening,ACC009503
14,7834.92,0.2,666.6,Normal,ACC003628
3,17360.88,0.222,980.3,Normal,ACC000500
5,8051.55,0.323,1420.4,Normal,ACC004929
1,7043.37,0.588,1273.1,Normal,ACC002343
15,601.64,0.567,795.2,Normal,ACC004522
6,1723.08,0.508,773.1,Normal,ACC002340
8,15498.01,0.598,455.3,Normal,ACC007048
18,8672.35,0.592,885.4,Normal,ACC007406
1,13475.04,0.22,909.5,Normal,ACC007608
5,10538.86,0.534,1435.8,Normal,ACC006475
1,5095.06,0.547,363.2,Normal,ACC002903
6,2921.17,0.162,278.6,Normal,ACC007909
532,15308.95,0.515,1722.8,Legitimate_Awakening,ACC009474
6,8835.0,0.219,125.5,Normal,ACC004860
20,3047.37,0.286,154.1,Normal,ACC001839
16,4357.63,0.339,708.0,Normal,ACC007047
21,8359.19,0.573,445.4,Normal,ACC003442
21,8322.39,0.574,643.5,Normal,ACC001595
13,16796.57,0.444,796.6,Normal,ACC002543
199,19427.72,0.536,2213.4,Legitimate_Awakening,ACC009119
9,9809.62,0.401,887.9,Normal,ACC001209
0,19705.63,0.404,781.0,Normal,ACC005750
10,6817.53,0.439,863.4,Normal,ACC003151
8,4109.98,0.53,1367.2,Normal,ACC006679
541,31069.42,0.314,665.5,Legitimate_Awakening,ACC009709
22,13357.33,0.555,1416.8,Normal,ACC002313
19,10945.47,0.398,743.0,Normal,ACC007089
9,14783.06,0.281,1034.9,Normal,ACC004601
25,13130.54,0.115,935.9,Normal,ACC001789
7,5752.69,0.242,283.7,Normal,ACC004159
464,39321.62,0.664,316.8,Legitimate_Awakening,ACC009330
521,24844.14,0.396,399.7,Legitimate_Awakening,ACC009289
24,7459.28,0.277,1213.7,Normal,ACC000902
18,14869.72,0.587,621.7,Normal,ACC008014
24,2663.24,0.404,732.6,Normal,ACC007206
0,7088.21,0.122,1314.5,Normal,ACC007077
7,5686.62,0.517,1208.1,Normal,ACC007540
14,1849.76,0.459,315.0,Normal,ACC008174
0,16880.55,0.583,694.9,Normal,ACC004547
18,10146.17,0.356,755.6,Normal,ACC000803
18,2629.34,0.331,1358.1,Normal,ACC004447
23,3242.02,0.162,1259.2,Normal,ACC006089
21,7225.64,0.168,535.6,Normal,ACC006033
5,17539.49,0.126,1293.7,Normal,ACC003833
12,5958.51,0.42,537.4,Normal,ACC008154
18,14342.97,0.391,381.5,Normal,ACC003937
13,9010.74,0.391,809.1,Normal,ACC003712
10,18058.03,0.353,538.2,Normal,ACC005221
7,8537.37,0.254,323.4,Normal,ACC005993
600,24789.44,0.425,1816.4,Legitimate_Awakening,ACC008912
29,16695.42,0.134,680.1,Normal,ACC000513
21,12623.67,0.395,1401.0,Normal,ACC004803
28,1287.79,0.265,1083.5,Normal,ACC005843
448,32933.96,0.632,1388.4,Legitimate_Awakening,ACC009200
7,17254.65,0.159,493.9,Normal,ACC006846
8,19437.9,0.493,836.5,Normal,ACC003635
10,7715.48,0.375,1162.8,Normal,ACC001201
4,3339.76,0.117,740.7,Normal,ACC002702
14,9520.9,0.509,1022.0,Normal,ACC001726
501,32713.29,0.437,1121.8,Legitimate_Awakening,ACC009251
26,19001.54,0.279,980.5,Normal,ACC003946
1,5198.81,0.213,769.1,Normal,ACC008706
457,53868.88,0.553,864.9,Legitimate_Awakening,ACC009831
25,8465.5,0.274,1128.0,Normal,ACC003056
4,17112.53,0.343,329.3,Normal,ACC007436
10,15990.14,0.426,426.4,Normal,ACC004360
26,17068.44,0.579,1385.6,Normal,ACC003364
15,1547.09,0.153,349.2,Normal,ACC001806
14,7802.32,0.383,1172.3,Normal,ACC006230
28,2354.63,0.308,1130.3,Normal,ACC005842
28,18676.17,0.195,560.0,Normal,ACC008262
20,1701.36,0.181,1301.4,Normal,ACC002093
13,2967.18,0.213,427.2,Normal,ACC008450
15,15133.4,0.436,135.8,Normal,ACC007741
1,7574.33,0.196,954.0,Normal,ACC008543
17,5602.12,0.134,550.5,Normal,ACC008448
25,10020.09,0.325,557.6,Normal,ACC004788
6,13850.4,0.309,241.3,Normal,ACC008077
7,7575.88,0.401,1240.2,Normal,ACC001786
22,7822.22,0.349,572.9,Normal,ACC002716
8,16944.99,0.44,1246.4,Normal,ACC008483
23,3651.52,0.416,1338.7,Normal,ACC005830
28,11713.0,0.155,355.2,Normal,ACC003987
27,8879.37,0.198,1205.2,Normal,ACC006715
23,5436.47,0.504,340.6,Normal,ACC002975
5,2251.48,0.302,1203.5,Normal,ACC005175
4,18951.54,0.342,614.4,Normal,ACC005117
12,5886.25,0.456,920.3,Normal,ACC006022
0,15286.96,0.425,354.7,Normal,ACC004244
7,9559.36,0.472,937.7,Normal,ACC002357
5,9709.5,0.54,404.8,Normal,ACC000753
29,10643.31,0.171,1143.5,Normal,ACC000734
20,11456.0,0.556,712.8,Normal,ACC005306
16,18536.03,0.22,530.2,Normal,ACC006157
23,6890.22,0.562,1286.2,Normal,ACC006302
21,4891.86,0.166,646.5,Normal,ACC000564
8,11840.96,0.191,494.3,Normal,ACC005975
25,17190.06,0.384,1193.5,Normal,ACC006306
15,3791.8,0.527,137.5,Normal,ACC001361
12,19948.22,0.493,481.2,Normal,ACC005737
25,1595.8,0.56,654.5,Normal,ACC005638
5,2327.63,0.49,1428.8,Normal,ACC003817
5,1159.78,0.473,699.2,Normal,ACC008299
196,17788.24,0.422,2648.9,Legitimate_Awakening,ACC009162
18,9687.74,0.187,619.3,Normal,ACC007527
10,2319.37,0.319,150.4,Normal,ACC005341
22,3379.3,0.397,435.1,Normal,ACC008738
1,552.08,0.498,586.8,Normal,ACC006175
18,14850.45,0.238,963.6,Normal,ACC001573
20,6268.36,0.134,1302.3,Normal,ACC003367
16,5898.96,0.123,1348.7,Normal,ACC001333
14,4058.1,0.306,826.4,Normal,ACC008748
25,6033.04,0.318,956.6,Normal,ACC001999
14,6594.33,0.183,303.1,Normal,ACC007190
28,4382.32,0.274,938.7,Normal,ACC001541
17,11750.95,0.14,915.2,Normal,ACC006091
12,4824.62,0.302,1407.8,Normal,ACC006550
3,18791.33,0.43,880.0,Normal,ACC007181
13,4713.4,0.308,619.7,Normal,ACC007902
27,4860.25,0.567,574.9,Normal,ACC001906
17,8857.56,0.22,952.2,Normal,ACC006215
24,5111.24,0.273,1113.9,Normal,ACC003429
24,11752.84,0.103,1061.2,Normal,ACC007774
430,56222.07,0.606,1091.4,Legitimate_Awakening,ACC009730
3,7742.47,0.233,972.8,Normal,ACC000498
2,12131.51,0.495,173.4,Normal,ACC007579
0,4680.93,0.235,446.8,Normal,ACC000883
28,518.39,0.479,1420.5,Normal,ACC002844
29,17970.29,0.531,324.1,Normal,ACC006622
27,15995.22,0.476,1363.8,Normal,ACC004410
27,6324.11,0.533,1105.7,Normal,ACC002353
27,6170.44,0.444,740.8,Normal,ACC003013
21,780.44,0.482,943.3,Normal,ACC000968
518,26135.71,0.635,736.7,Legitimate_Awakening,ACC009394
23,1289.51,0.301,1354.5,Normal,ACC002902
377,16439.93,0.499,2522.5,Legitimate_Awakening,ACC009456
18,11113.07,0.167,127.1,Normal,ACC007387
26,3920.04,0.425,1120.3,Normal,ACC007175
5,890.29,0.373,571.0,Normal,ACC004338
6,13009.96,0.575,626.5,Normal,ACC008049
27,15607.11,0.357,133.9,Normal,ACC004297
25,16051.53,0.269,458.1,Normal,ACC005185
0,17859.19,0.244,605.5,Normal,ACC000757
28,17735.77,0.271,285.0,Normal,ACC006760
23,13426.67,0.526,460.5,Normal,ACC002372
12,9128.58,0.423,772.2,Normal,ACC002976
26,4532.53,0.49,1182.0,Normal,ACC005315
2,9277.41,0.39,1122.3,Normal,ACC000674
29,5500.54,0.361,1020.7,Normal,ACC007086
8,5013.34,0.289,1165.6,Normal,ACC006695
4,11533.27,0.563,153.6,Normal,ACC005389
22,15837.6,0.18,178.2,Normal,ACC002701
10,11835.21,0.479,471.2,Normal,ACC003879
10,18998.8,0.421,1277.5,Normal,ACC003115
8,17655.17,0.125,425.0,Normal,ACC001291
6,18413.55,0.382,589.0,Normal,ACC006944
2,9713.46,0.585,842.5,Normal,ACC006150
26,19566.37,0.323,462.7,Normal,ACC007267
17,5519.52,0.291,590.1,Normal,ACC003782
17,5444.89,0.335,769.7,Normal,ACC001148
7,10722.61,0.236,1247.9,Normal,ACC004799
1,10884.04,0.157,845.0,Normal,ACC003762
15,15467.59,0.338,402.5,Normal,ACC008496
24,19881.28,0.444,165.4,Normal,ACC004771
5,15917.85,0.357,827.8,Normal,ACC006993
19,5030.31,0.24,1402.8,Normal,ACC005515
14,11175.37,0.361,1077.9,Normal,ACC006860
28,7533.71,0.341,505.4,Normal,ACC004433
8,4134.2,0.43,847.6,Normal,ACC004070
669,16275.16,0.496,2757.3,Legitimate_Awakening,ACC008865
22,7839.56,0.436,1152.8,Normal,ACC002730
4,2212.77,0.431,913.1,Normal,ACC008304
10,15414.71,0.139,898.8,Normal,ACC008107
436,59091.09,0.518,1038.9,Legitimate_Awakening,ACC009718
1,2014.13,0.296,323.2,Normal,ACC003441
274,35641.06,0.512,2376.3,Legitimate_Awakening,ACC008925
9,17472.72,0.28,912.3,Normal,ACC002735
27,15497.6,0.551,709.2,Normal,ACC001868
7,5485.49,0.282,1233.7,Normal,ACC001777
22,10371.67,0.369,1100.3,Normal,ACC004041
28,4747.42,0.546,1001.5,Normal,ACC006934
19,2111.77,0.417,405.8,Normal,ACC005701
29,5347.32,0.167,672.5,Normal,ACC000494
7,17965.23,0.153,1052.6,Normal,ACC002307
28,6792.33,0.422,1244.0,Normal,ACC002534
25,11837.71,0.465,432.5,Normal,ACC006745
26,2585.05,0.347,1273.7,Normal,ACC003650
1,7401.16,0.546,339.0,Normal,ACC003103
5,14585.17,0.166,902.1,Normal,ACC004765
28,1696.21,0.457,942.9,Normal,ACC001851
14,14429.37,0.331,1335.7,Normal,ACC000836
29,2740.22,0.39,1033.3,Normal,ACC005320
13,8829.08,0.217,1432.8,Normal,ACC002725
2,1091.17,0.482,1222.8,Normal,ACC004716
9,16100.79,0.484,779.8,Normal,ACC008501
10,7463.11,0.134,435.8,Normal,ACC008467
18,5580.09,0.423,275.2,Normal,ACC003047
2,2932.35,0.194,583.2,Normal,ACC002576
2,11665.03,0.268,360.2,Normal,ACC004703
187,55646.6,0.389,453.1,Legitimate_Awakening,ACC009081
22,13619.08,0.562,1197.7,Normal,ACC003722
15,14127.33,0.548,711.9,Normal,ACC004463
19,13154.48,0.297,1019.1,Normal,ACC008791
10,6881.87,0.451,699.6,Normal,ACC004556
27,19679.56,0.23,1400.0,Normal,ACC001076
22,5735.26,0.343,611.9,Normal,ACC000072
16,5071.3,0.273,159.7,Normal,ACC001045
2,1497.73,0.216,769.4,Normal,ACC001557
11,3043.8,0.106,323.2,Normal,ACC001901
1,16780.95,0.211,1257.4,Normal,ACC008803
551,432998.44,0.953,5.7,Dormant_Mule,ACC009994
18,17843.52,0.557,728.1,Normal,ACC005127
289,35143.91,0.687,1497.5,Legitimate_Awakening,ACC009223
10,2748.59,0.18,1111.3,Normal,ACC006309
7,5702.89,0.2,165.3,Normal,ACC008761
17,10429.96,0.158,741.0,Normal,ACC006188
18,14015.21,0.131,1095.3,Normal,ACC006809
9,15768.2,0.248,862.9,Normal,ACC003992
3,5697.24,0.288,1083.6,Normal,ACC008571
22,16695.4,0.116,980.4,Normal,ACC008513
28,5585.43,0.556,144.0,Normal,ACC006074
24,11057.97,0.109,201.8,Normal,ACC004170
11,6910.55,0.46,969.8,Normal,ACC002540
22,8016.93,0.273,901.4,Normal,ACC005941
17,2490.46,0.401,1273.4,Normal,ACC002573
16,19911.87,0.323,560.3,Normal,ACC000459
12,18007.02,0.275,847.7,Normal,ACC002327
7,8768.12,0.257,1227.9,Normal,ACC006960
18,2558.86,0.596,442.3,Normal,ACC004174
3,13314.94,0.309,747.0,Normal,ACC007545
505,52804.46,0.318,2638.1,Legitimate_Awakening,ACC009306
866,449601.97,0.989,14.2,Dormant_Mule,ACC009887
15,972.02,0.274,1072.8,Normal,ACC002091
11,5997.77,0.322,345.9,Normal,ACC002397
29,18115.05,0.135,196.8,Normal,ACC001956
19,17806.82,0.187,554.9,Normal,ACC007372
29,8452.75,0.342,1349.3,Normal,ACC007648
29,10231.61,0.113,317.9,Normal,ACC005667
28,1199.65,0.241,980.9,Normal,ACC007815
5,17049.41,0.185,1051.8,Normal,ACC004981
6,9620.78,0.278,846.7,Normal,ACC005290
20,13907.86,0.278,438.3,Normal,ACC004228
0,2030.6,0.46,578.8,Normal,ACC004994
28,8162.7,0.526,1316.3,Normal,ACC003265
21,3457.82,0.373,1334.4,Normal,ACC004398
15,6746.38,0.52,610.8,Normal,ACC007761
24,1034.7,0.296,814.1,Normal,ACC000676
27,14845.43,0.599,1351.7,Normal,ACC000553
23,7244.25,0.118,1105.0,Normal,ACC001455
27,17563.17,0.407,368.4,Normal,ACC003022
21,1594.57,0.508,938.7,Normal,ACC005324
3,10933.0,0.172,1154.9,Normal,ACC000893
7,11936.1,0.297,600.6,Normal,ACC007227
26,14285.65,0.427,1271.7,Normal,ACC001525
15,12221.11,0.455,1374.8,Normal,ACC002583
24,18477.19,0.495,385.0,Normal,ACC003920
3,585.83,0.1,743.4,Normal,ACC004530
3,13742.06,0.337,1104.6,Normal,ACC007304
686,26058.84,0.606,526.5,Legitimate_Awakening,ACC009419
10,1357.98,0.467,181.3,Normal,ACC007596
26,503.67,0.185,634.5,Normal,ACC000621
360,52124.85,0.402,1841.7,Legitimate_Awakening,ACC009615
20,19631.8,0.425,1181.8,Normal,ACC000975
10,2232.6,0.345,938.9,Normal,ACC004965
27,16676.11,0.226,796.9,Normal,ACC008338
5,3327.36,0.192,203.4,Normal,ACC006720
4,19153.71,0.296,674.6,Normal,ACC003988
11,949.72,0.362,647.8,Normal,ACC000006
13,8540.19,0.218,1218.9,Normal,ACC004534
12,11796.63,0.345,971.1,Normal,ACC001017
22,8883.83,0.149,634.3,Normal,ACC005375
22,8203.39,0.59,265.7,Normal,ACC006816
25,10123.85,0.54,644.4,Normal,ACC002634
27,7514.71,0.183,1231.5,Normal,ACC008309
28,2512.78,0.408,272.5,Normal,ACC005878
19,12641.47,0.375,1306.2,Normal,ACC008668
21,12549.67,0.271,1273.5,Normal,ACC001224
16,6191.37,0.552,355.2,Normal,ACC008712
9,6917.37,0.367,201.4,Normal,ACC003160
3,5923.19,0.192,776.7,Normal,ACC001722
21,18268.08,0.386,754.1,Normal,ACC005109
4,12914.27,0.171,977.6,Normal,ACC005367
27,11925.0,0.19,1090.2,Normal,ACC002648
19,16636.71,0.1,526.3,Normal,ACC001351
28,8503.62,0.148,439.9,Normal,ACC007143
16,17053.53,0.342,1003.8,Normal,ACC006360
13,2317.67,0.123,267.3,Normal,ACC003731
8,16591.41,0.433,280.7,Normal,ACC000480
29,19582.46,0.489,146.5,Normal,ACC006838
28,6089.0,0.148,1297.2,Normal,ACC006609
0,9033.5,0.584,1379.5,Normal,ACC003427
28,7798.97,0.216,1090.0,Normal,ACC002150
7,9361.05,0.491,164.2,Normal,ACC008471
28,17185.05,0.357,259.5,Normal,ACC002085
8,14779.87,0.405,1202.8,Normal,ACC002628
14,9159.26,0.132,1170.3,Normal,ACC003366
23,4642.16,0.409,862.6,Normal,ACC008539
6,18455.03,0.584,833.5,Normal,ACC001799
6,6756.66,0.398,1434.4,Normal,ACC001334
26,18330.09,0.227,650.4,Normal,ACC006672
10,16326.73,0.247,709.2,Normal,ACC001551
13,3632.04,0.543,762.1,Normal,ACC008457
9,5889.4,0.289,991.4,Normal,ACC005145
20,8329.2,0.497,411.1,Normal,ACC001368
17,19455.87,0.409,1415.5,Normal,ACC002859
15,783.04,0.387,651.0,Normal,ACC002225
27,3101.08,0.155,1337.2,Normal,ACC003214
3,9026.46,0.445,168.0,Normal,ACC007798
26,13063.94,0.254,1226.8,Normal,ACC008090
25,13536.14,0.514,373.6,Normal,ACC008132
5,13809.54,0.266,780.8,Normal,ACC001309
20,15328.9,0.392,170.3,Normal,ACC005897
14,14744.75,0.462,953.6,Normal,ACC006992
4,1246.15,0.536,1112.9,Normal,ACC005865
6,14744.1,0.305,489.2,Normal,ACC003793
22,680.21,0.504,352.6,Normal,ACC002456
13,18440.74,0.235,609.0,Normal,ACC001862
5,2606.56,0.216,1110.3,Normal,ACC001342
5,848.53,0.267,362.7,Normal,ACC002999
4,13729.55,0.265,952.5,Normal,ACC008503
679,43011.76,0.666,1473.9,Legitimate_Awakening,ACC009621
4,11485.58,0.135,906.5,Normal,ACC005906
13,7870.27,0.558,1269.8,Normal,ACC006891
23,18492.29,0.101,1299.8,Normal,ACC003106
1,5041.64,0.358,1082.0,Normal,ACC006700
11,18878.75,0.592,245.4,Normal,ACC005134
24,13346.16,0.284,1152.2,Normal,ACC005073
18,8680.66,0.133,497.1,Normal,ACC007094
10,19726.25,0.116,994.5,Normal,ACC003996
16,3653.04,0.583,391.6,Normal,ACC001388
11,10704.93,0.244,1166.6,Normal,ACC000593
2,1918.36,0.495,407.5,Normal,ACC001894
1,1506.44,0.108,937.3,Normal,ACC008816
3,11026.93,0.181,1230.8,Normal,ACC000276
378,53242.7,0.664,765.0,Legitimate_Awakening,ACC009106
9,8628.12,0.437,296.1,Normal,ACC006632
16,10179.14,0.398,561.2,Normal,ACC000277
24,5731.6,0.395,1072.3,Normal,ACC001820
0,5807.02,0.103,566.9,Normal,ACC005765
17,7017.8,0.58,806.5,Normal,ACC003640
28,8623.03,0.361,192.1,Normal,ACC000822
8,18409.5,0.46,183.5,Normal,ACC008516
9,13751.26,0.134,903.7,Normal,ACC002421
11,8865.38,0.475,1116.0,Normal,ACC000113
5,13228.11,0.363,363.1,Normal,ACC004380
28,4244.82,0.552,381.5,Normal,ACC003095
14,16791.86,0.107,620.4,Normal,ACC000759
6,17648.64,0.12,1424.1,Normal,ACC003445
25,5066.88,0.235,984.3,Normal,ACC002083
606,20945.51,0.51,1684.3,Legitimate_Awakening,ACC009180
8,16929.42,0.252,686.9,Normal,ACC001977
25,12101.65,0.11,646.1,Normal,ACC008823
20,14280.64,0.582,577.4,Normal,ACC007634
18,9557.28,0.509,1078.6,Normal,ACC006095
28,16859.42,0.387,1383.8,Normal,ACC008422
9,16673.74,0.464,318.2,Normal,ACC007415
5,1573.04,0.321,453.8,Normal,ACC007555
18,16779.13,0.369,126.0,Normal,ACC006871
394,410818.1,0.957,3.0,Dormant_Mule,ACC009979
539,41389.58,0.308,843.3,Legitimate_Awakening,ACC009501
1,17954.57,0.43,575.1,Normal,ACC002840
6,13916.6,0.26,452.9,Normal,ACC002409
12,1067.21,0.565,1372.8,Normal,ACC005837
11,1079.31,0.284,415.4,Normal,ACC005278
4,11427.52,0.184,324.3,Normal,ACC008570
8,5631.45,0.437,355.1,Normal,ACC006102
21,7206.59,0.353,201.2,Normal,ACC006857
11,10977.55,0.562,907.2,Normal,ACC004874
911,464848.98,0.951,18.9,Dormant_Mule,ACC009973
23,3170.85,0.353,287.0,Normal,ACC002489
16,7109.42,0.498,222.3,Normal,ACC001480
6,19727.02,0.477,616.7,Normal,ACC000127
18,8316.83,0.516,1006.6,Normal,ACC005911
7,7419.79,0.312,404.3,Normal,ACC000884
16,6589.31,0.235,1309.8,Normal,ACC005628
15,3710.23,0.174,722.3,Normal,ACC002671
17,14538.94,0.545,1426.6,Normal,ACC007912
4,11444.91,0.485,771.8,Normal,ACC000027
27,13567.1,0.345,697.0,Normal,ACC006880
286,21248.83,0.639,2723.4,Legitimate_Awakening,ACC009605
0,3421.42,0.322,353.5,Normal,ACC004487
25,16631.06,0.309,351.9,Normal,ACC008462
6,9533.5,0.145,1435.5,Normal,ACC005053
9,12927.74,0.109,539.1,Normal,ACC007672
24,1329.6,0.165,260.1,Normal,ACC006834
13,8632.45,0.275,1253.6,Normal,ACC002926
13,16876.5,0.164,1176.3,Normal,ACC001164
16,13128.27,0.549,714.3,Normal,ACC005600
18,5143.38,0.312,139.3,Normal,ACC004508
11,15836.86,0.222,523.8,Normal,ACC001647
3,3708.98,0.352,773.0,Normal,ACC005442
14,10115.62,0.491,1037.0,Normal,ACC006699
8,12445.18,0.537,1075.6,Normal,ACC000666
10,2330.36,0.174,224.1,Normal,ACC005495
2,10777.27,0.145,731.5,Normal,ACC007367
17,16452.85,0.191,194.2,Normal,ACC006636
15,19433.34,0.283,926.5,Normal,ACC004378
22,12651.86,0.137,784.9,Normal,ACC002002
10,12743.34,0.283,826.7,Normal,ACC001926
23,9393.94,0.299,548.6,Normal,ACC002032
29,19598.7,0.248,1269.6,Normal,ACC003375
11,7826.06,0.384,1048.3,Normal,ACC008488
10,16502.23,0.164,1437.2,Normal,ACC002916
21,16437.24,0.426,679.6,Normal,ACC005723
27,19262.36,0.287,497.1,Normal,ACC000132
380,295735.47,0.979,11.9,Dormant_Mule,ACC009929
16,9154.35,0.223,1016.5,Normal,ACC003388
7,10699.87,0.258,759.1,Normal,ACC007997
15,10837.93,0.551,959.7,Normal,ACC005717
6,1006.24,0.145,498.2,Normal,ACC003870
17,8561.29,0.464,362.9,Normal,ACC008186
445,46453.68,0.341,984.7,Legitimate_Awakening,ACC009037
29,8354.32,0.394,237.8,Normal,ACC002088
463,18750.73,0.331,1800.3,Legitimate_Awakening,ACC009463
1,14064.64,0.572,537.8,Normal,ACC005930
13,15036.32,0.417,1139.7,Normal,ACC003422
16,2769.14,0.509,622.4,Normal,ACC000473
4,9341.62,0.595,192.3,Normal,ACC001919
17,17813.26,0.151,1102.2,Normal,ACC002276
13,18491.15,0.128,158.9,Normal,ACC002654
8,13204.04,0.23,212.1,Normal,ACC003019
23,18037.5,0.179,1327.1,Normal,ACC006321
2,9043.39,0.279,867.4,Normal,ACC004373
13,18339.86,0.285,140.4,Normal,ACC000069
24,17858.18,0.261,1326.4,Normal,ACC006654
15,9256.18,0.176,1014.9,Normal,ACC008764
12,13325.36,0.322,503.7,Normal,ACC007081
13,13057.96,0.597,135.9,Normal,ACC004160
0,16567.71,0.539,1020.1,Normal,ACC003506
11,4526.2,0.214,131.9,Normal,ACC007156
24,6291.4,0.28,1425.3,Normal,ACC003542
20,10583.8,0.554,1181.8,Normal,ACC002014
0,3207.08,0.101,274.0,Normal,ACC000201
16,19007.69,0.356,243.6,Normal,ACC000703
8,15148.99,0.241,409.2,Normal,ACC005530
11,7977.53,0.257,622.4,Normal,ACC003221
18,702.09,0.418,639.9,Normal,ACC003178
19,12082.19,0.537,661.3,Normal,ACC006810
15,16694.3,0.174,842.9,Normal,ACC005914
23,17612.14,0.152,628.0,Normal,ACC004235
22,10360.48,0.116,973.9,Normal,ACC003822
5,16679.97,0.203,134.5,Normal,ACC000267
29,1147.46,0.139,643.9,Normal,ACC000365
21,19157.6,0.35,691.2,Normal,ACC000749
14,4603.2,0.361,1336.2,Normal,ACC003590
12,8608.05,0.46,609.9,Normal,ACC000752
408,49091.63,0.424,2154.3,Legitimate_Awakening,ACC009747
9,15858.22,0.114,195.1,Normal,ACC004974
6,12136.08,0.459,1410.8,Normal,ACC006501
27,1019.58,0.428,224.0,Normal,ACC007588
22,5647.19,0.283,183.8,Normal,ACC006545
16,18172.18,0.565,1301.9,Normal,ACC004962
5,5508.19,0.146,253.2,Normal,ACC001752
27,8134.23,0.273,407.8,Normal,ACC006209
19,6582.28,0.161,266.7,Normal,ACC001137
6,5518.69,0.463,1053.0,Normal,ACC006547
237,35708.33,0.566,741.8,Legitimate_Awakening,ACC009046
29,4730.39,0.131,325.8,Normal,ACC003136
1,6182.34,0.525,725.2,Normal,ACC004489
18,16097.24,0.364,926.7,Normal,ACC007778
12,13884.26,0.206,1252.0,Normal,ACC003246
14,11488.96,0.174,1029.3,Normal,ACC008326
17,19296.85,0.58,1106.1,Normal,ACC007353
6,2632.44,0.299,564.6,Normal,ACC002120
9,4368.26,0.581,795.1,Normal,ACC002587
21,11598.91,0.359,983.9,Normal,ACC003926
2,4876.59,0.212,828.8,Normal,ACC000315
14,19457.57,0.408,336.9,Normal,ACC005981
8,18336.45,0.371,784.2,Normal,ACC006453
12,3749.48,0.507,576.5,Normal,ACC007071
634,55349.17,0.427,1792.0,Legitimate_Awakening,ACC008982
25,19927.11,0.215,841.9,Normal,ACC000880
19,5304.24,0.297,1022.0,Normal,ACC004201
23,1572.95,0.217,370.2,Normal,ACC008535
13,3594.21,0.241,525.2,Normal,ACC006038
16,13178.26,0.282,860.1,Normal,ACC000292
9,10127.52,0.542,222.8,Normal,ACC005702
24,19265.59,0.359,216.2,Normal,ACC001700
28,11136.75,0.517,829.7,Normal,ACC004738
14,5861.9,0.169,278.1,Normal,ACC003362
21,14387.22,0.567,1428.9,Normal,ACC006711
22,2587.61,0.32,1083.2,Normal,ACC001062
4,19803.94,0.438,1309.1,Normal,ACC004584
3,15924.12,0.306,780.5,Normal,ACC008270
464,19991.58,0.58,464.3,Legitimate_Awakening,ACC009155
0,12863.01,0.282,1245.1,Normal,ACC003037
311,42822.53,0.454,2011.8,Legitimate_Awakening,ACC009007
18,16887.05,0.161,403.8,Normal,ACC003796
562,22563.29,0.409,1982.3,Legitimate_Awakening,ACC008988
24,4396.51,0.506,327.5,Normal,ACC004471
696,25086.84,0.312,1514.8,Legitimate_Awakening,ACC008934
4,10903.48,0.491,1051.1,Normal,ACC000398
9,19955.18,0.588,1395.6,Normal,ACC005284
0,6072.29,0.316,1024.8,Normal,ACC000855
9,8284.06,0.518,882.8,Normal,ACC008472
201,31766.33,0.305,1350.0,Legitimate_Awakening,ACC009559
25,14500.44,0.548,1140.6,Normal,ACC008545
1,6549.81,0.14,707.5,Normal,ACC006644
1,17285.41,0.417,404.2,Normal,ACC006493
9,18341.13,0.185,1199.0,Normal,ACC002512
0,19400.36,0.404,647.2,Normal,ACC002944
24,12810.42,0.452,577.6,Normal,ACC008379
27,8658.19,0.564,1322.2,Normal,ACC003292
23,7052.12,0.349,1047.3,Normal,ACC007419
29,19897.57,0.386,743.8,Normal,ACC003876
13,3803.74,0.418,1406.7,Normal,ACC001861
22,16681.86,0.597,685.8,Normal,ACC007584
21,12068.14,0.369,995.2,Normal,ACC004056
665,21621.04,0.579,1762.4,Legitimate_Awakening,ACC009674
3,15284.58,0.415,955.3,Normal,ACC007644
12,2888.39,0.367,1280.9,Normal,ACC002016
1,9951.58,0.183,1368.3,Normal,ACC000581
25,3285.15,0.128,946.0,Normal,ACC004503
19,4205.46,0.413,1428.4,Normal,ACC007333
10,4066.41,0.384,617.7,Normal,ACC001692
694,54980.12,0.322,1920.6,Legitimate_Awakening,ACC009617
28,5143.43,0.569,345.8,Normal,ACC001908
8,4135.55,0.49,582.2,Normal,ACC000311
8,10007.64,0.117,202.7,Normal,ACC000569
6,901.96,0.354,983.6,Normal,ACC008296
10,5416.81,0.345,219.7,Normal,ACC001821
25,5279.35,0.262,1075.4,Normal,ACC007835
6,2718.37,0.169,516.0,Normal,ACC003191
3,4125.2,0.344,1153.8,Normal,ACC008234
7,10149.3,0.117,1005.1,Normal,ACC007709
2,3631.76,0.27,547.7,Normal,ACC002371
24,4003.2,0.389,1384.5,Normal,ACC001944
25,1970.54,0.225,1003.5,Normal,ACC001850
249,33221.9,0.609,664.8,Legitimate_Awakening,ACC009636
25,10047.88,0.478,814.3,Normal,ACC007522
17,18017.28,0.259,1390.6,Normal,ACC006259
365,47298.16,0.654,1744.1,Legitimate_Awakening,ACC009199
18,18531.47,0.515,482.4,Normal,ACC007661
24,17489.74,0.427,502.4,Normal,ACC008828
17,9769.53,0.476,618.5,Normal,ACC004292
19,14582.68,0.527,631.1,Normal,ACC006307
3,13191.15,0.158,828.1,Normal,ACC002108
3,16915.75,0.225,312.1,Normal,ACC008453
8,6685.32,0.534,615.9,Normal,ACC000419
9,19583.24,0.222,925.0,Normal,ACC007532
28,11394.29,0.525,1434.7,Normal,ACC003735
21,11333.22,0.246,671.0,Normal,ACC001353
227,40476.64,0.638,2849.3,Legitimate_Awakening,ACC009050
15,4835.95,0.158,323.5,Normal,ACC005570
17,2559.53,0.466,543.7,Normal,ACC004976
18,7303.73,0.405,858.4,Normal,ACC007285
0,6626.16,0.579,164.1,Normal,ACC001606
18,19288.34,0.384,1138.2,Normal,ACC007474
9,15926.95,0.113,704.9,Normal,ACC008271
15,4734.07,0.395,695.6,Normal,ACC005616
10,6978.96,0.116,691.6,Normal,ACC006229
23,6030.35,0.263,147.4,Normal,ACC001358
12,1259.92,0.13,240.1,Normal,ACC006839
18,12625.23,0.549,381.8,Normal,ACC007828
377,36973.93,0.562,1702.5,Legitimate_Awakening,ACC009367
18,7714.98,0.47,1155.1,Normal,ACC002568
28,18497.14,0.542,716.8,Normal,ACC002408
23,19625.8,0.207,1239.3,Normal,ACC007362
2,1605.95,0.394,1118.3,Normal,ACC004634
747,479121.59,0.958,29.9,Dormant_Mule,ACC009889
18,6975.47,0.131,808.9,Normal,ACC004760
20,19413.24,0.516,400.3,Normal,ACC000004
7,644.33,0.351,332.8,Normal,ACC006767
9,14031.81,0.53,622.2,Normal,ACC005225
16,4765.44,0.221,967.8,Normal,ACC002693
11,14266.53,0.251,179.3,Normal,ACC006958
21,16570.91,0.267,701.0,Normal,ACC005731
181,15803.7,0.616,791.9,Legitimate_Awakening,ACC009399
22,8695.66,0.389,1272.3,Normal,ACC003093
21,5019.91,0.551,1220.8,Normal,ACC002875
28,8486.63,0.113,410.1,Normal,ACC005525
13,11363.52,0.568,268.5,Normal,ACC006982
192,44300.22,0.323,2531.6,Legitimate_Awakening,ACC009173
218,29572.5,0.691,503.3,Legitimate_Awakening,ACC009358
470,54141.59,0.608,610.8,Legitimate_Awakening,ACC008959
624,50769.76,0.31,1251.4,Legitimate_Awakening,ACC009693
27,7504.39,0.21,1327.9,Normal,ACC007189
11,10802.57,0.12,532.0,Normal,ACC006193
24,5802.85,0.369,323.3,Normal,ACC007433
12,19110.52,0.487,272.6,Normal,ACC006421
22,17405.2,0.327,1204.3,Normal,ACC000731
26,16871.55,0.395,373.3,Normal,ACC003228
27,3476.73,0.515,589.2,Normal,ACC003500
299,40321.73,0.418,2506.7,Legitimate_Awakening,ACC009651
23,8897.52,0.148,218.5,Normal,ACC008672
22,6636.1,0.513,224.8,Normal,ACC007462
5,5492.93,0.115,1402.4,Normal,ACC000711
8,6770.22,0.345,1368.3,Normal,ACC007136
3,8556.86,0.438,988.8,Normal,ACC001094
18,5130.92,0.25,968.5,Normal,ACC001379
601,55445.87,0.502,1453.7,Legitimate_Awakening,ACC008885
4,4316.34,0.284,141.9,Normal,ACC006156
17,16887.93,0.571,1013.1,Normal,ACC006131
29,14025.2,0.439,1203.3,Normal,ACC006346
8,9019.02,0.497,160.5,Normal,ACC008605
17,16255.57,0.226,832.0,Normal,ACC006163
10,5421.05,0.556,817.6,Normal,ACC006165
597,42753.9,0.412,1995.0,Legitimate_Awakening,ACC009482
29,16644.54,0.486,171.2,Normal,ACC001975
23,1057.13,0.415,581.5,Normal,ACC002140
18,3786.91,0.159,1077.2,Normal,ACC004878
6,18378.2,0.481,556.9,Normal,ACC005747
18,6426.51,0.53,382.1,Normal,ACC006246
28,15899.12,0.429,777.6,Normal,ACC000376
13,9962.01,0.354,392.2,Normal,ACC008587
0,18283.39,0.497,352.5,Normal,ACC006293
7,13880.73,0.459,482.8,Normal,ACC006244
17,7427.61,0.293,281.2,Normal,ACC008482
12,15176.75,0.319,936.0,Normal,ACC006674
21,5728.86,0.265,746.4,Normal,ACC004865
15,522.01,0.547,530.6,Normal,ACC003881
27,1061.9,0.457,1257.9,Normal,ACC007637
21,19324.97,0.18,834.5,Normal,ACC007759
9,4209.3,0.466,1381.1,Normal,ACC004960
13,12988.01,0.318,242.0,Normal,ACC003598
559,497062.52,0.951,3.2,Dormant_Mule,ACC009874
13,8447.09,0.304,207.1,Normal,ACC000721
21,15114.43,0.176,873.4,Normal,ACC008650
0,6705.03,0.173,1380.4,Normal,ACC003893
24,5740.19,0.426,297.8,Normal,ACC003316
762,372831.12,0.96,3.0,Dormant_Mule,ACC009879
15,19459.72,0.294,528.7,Normal,ACC004540
15,12389.76,0.237,1042.1,Normal,ACC004167
18,15030.46,0.269,583.8,Normal,ACC005536
14,12449.52,0.569,993.5,Normal,ACC001090
25,12306.17,0.129,1008.1,Normal,ACC001872
26,9568.21,0.213,1102.0,Normal,ACC001394
15,12992.46,0.486,962.3,Normal,ACC004113
574,50138.88,0.379,2178.2,Legitimate_Awakening,ACC009323
4,5534.99,0.211,329.6,Normal,ACC007489
10,1706.5,0.407,711.5,Normal,ACC008183
11,3766.84,0.178,812.7,Normal,ACC005601
27,12735.06,0.383,928.0,Normal,ACC003421
11,19260.99,0.368,936.1,Normal,ACC001407
19,7582.28,0.225,876.2,Normal,ACC008298
5,19595.06,0.162,612.0,Normal,ACC006016
18,15654.36,0.379,680.0,Normal,ACC000128
18,745.72,0.249,1434.8,Normal,ACC006833
26,4091.0,0.405,1076.6,Normal,ACC008789
0,2563.11,0.414,245.5,Normal,ACC002243
6,12613.4,0.102,1349.1,Normal,ACC003258
23,12842.21,0.31,790.8,Normal,ACC002588
11,3415.37,0.309,563.0,Normal,ACC007275
7,6606.68,0.525,237.5,Normal,ACC001052
256,52248.54,0.455,1199.0,Legitimate_Awakening,ACC009377
0,791.11,0.494,1193.5,Normal,ACC005482
0,17758.55,0.3,649.2,Normal,ACC005510
3,3400.46,0.388,1096.0,Normal,ACC004728
9,661.94,0.585,689.8,Normal,ACC003487
10,15329.79,0.362,1340.0,Normal,ACC004068
10,2579.73,0.379,1187.6,Normal,ACC006602
25,2359.54,0.325,565.4,Normal,ACC001128
24,2376.89,0.243,1267.7,Normal,ACC003921
6,6449.63,0.393,1327.6,Normal,ACC004438
10,1610.98,0.289,886.0,Normal,ACC008135
0,9186.81,0.537,729.6,Normal,ACC002878
4,2299.25,0.465,578.4,Normal,ACC002157
306,56543.27,0.594,2780.1,Legitimate_Awakening,ACC009513
22,6763.0,0.312,1416.9,Normal,ACC004938
5,9605.69,0.395,181.9,Normal,ACC006916
1,1127.17,0.548,980.7,Normal,ACC003783
18,16967.49,0.423,1267.3,Normal,ACC006849
25,8275.61,0.251,437.3,Normal,ACC007986
9,14577.24,0.505,663.7,Normal,ACC003577
10,7181.39,0.434,1396.0,Normal,ACC006669
25,15701.83,0.376,359.8,Normal,ACC006393
17,8724.37,0.498,1103.5,Normal,ACC000290
15,3054.15,0.303,554.7,Normal,ACC007630
15,17999.74,0.209,960.4,Normal,ACC007293
2,15972.11,0.117,1417.0,Normal,ACC003816
14,4418.21,0.368,247.6,Normal,ACC000461
8,6582.81,0.121,977.8,Normal,ACC005451
1,16082.1,0.354,427.4,Normal,ACC001844
12,14658.57,0.339,1108.2,Normal,ACC004744
20,15067.55,0.408,1273.4,Normal,ACC004947
11,10184.99,0.246,1344.9,Normal,ACC008250
13,18206.11,0.39,303.4,Normal,ACC008123
8,5459.53,0.546,1398.5,Normal,ACC006437
10,9316.71,0.362,1416.8,Normal,ACC004112
26,17546.29,0.454,1062.0,Normal,ACC001823
25,16739.19,0.136,1031.7,Normal,ACC002706
24,4060.64,0.408,428.7,Normal,ACC004321
556,38413.63,0.373,578.1,Legitimate_Awakening,ACC009430
2,937.3,0.28,1154.5,Normal,ACC000966
4,7228.89,0.417,1018.5,Normal,ACC000043
12,521.29,0.365,403.3,Normal,ACC006878
526,22875.33,0.341,1108.3,Legitimate_Awakening,ACC009612
11,4038.05,0.363,1055.9,Normal,ACC000436
18,15340.04,0.371,1391.1,Normal,ACC000334
221,49817.58,0.633,1706.1,Legitimate_Awakening,ACC009507
1,6701.61,0.116,478.1,Normal,ACC005083
1,7102.43,0.212,594.0,Normal,ACC004200
16,15515.72,0.399,148.8,Normal,ACC007394
29,3024.53,0.389,524.4,Normal,ACC005576
28,10240.28,0.323,1124.5,Normal,ACC006445
3,3079.39,0.55,1032.4,Normal,ACC000264
22,19162.09,0.532,569.4,Normal,ACC005666
21,19224.92,0.227,1275.0,Normal,ACC003117
23,2480.35,0.452,390.5,Normal,ACC004028
25,18755.44,0.57,350.7,Normal,ACC001631
7,13543.09,0.499,1351.2,Normal,ACC001287
0,14078.92,0.307,204.2,Normal,ACC007791
13,10223.35,0.123,365.6,Normal,ACC003045
0,19923.73,0.152,358.5,Normal,ACC002336
17,17500.06,0.178,392.5,Normal,ACC002709
22,4884.35,0.334,450.7,Normal,ACC003540
26,13837.58,0.247,131.9,Normal,ACC006479
6,11824.89,0.347,587.2,Normal,ACC008637
0,7209.47,0.599,1139.6,Normal,ACC002380
25,12999.39,0.101,1397.9,Normal,ACC006659
28,6641.96,0.258,131.5,Normal,ACC005937
11,1369.6,0.118,484.0,Normal,ACC000566
22,8656.15,0.38,367.4,Normal,ACC002949
24,18009.42,0.544,549.4,Normal,ACC000960
1,11280.9,0.226,266.4,Normal,ACC007230
21,8352.88,0.101,776.2,Normal,ACC002433
26,14360.09,0.552,451.7,Normal,ACC006278
23,3371.46,0.226,726.2,Normal,ACC007582
24,16747.48,0.252,1395.8,Normal,ACC001199
25,8667.98,0.428,338.5,Normal,ACC005519
21,15705.3,0.157,866.8,Normal,ACC000260
19,13614.11,0.476,1164.9,Normal,ACC000119
26,3685.65,0.192,387.0,Normal,ACC001236
28,2399.32,0.195,792.1,Normal,ACC008705
10,6358.19,0.129,610.4,Normal,ACC007039
26,15260.06,0.49,139.0,Normal,ACC008130
11,1375.56,0.153,120.3,Normal,ACC007626
11,9242.83,0.194,357.5,Normal,ACC007463
15,12837.57,0.531,225.4,Normal,ACC002652
17,2697.13,0.388,174.1,Normal,ACC002159
27,6055.71,0.331,698.9,Normal,ACC000651
6,17135.67,0.21,205.5,Normal,ACC003533
375,35753.8,0.55,485.3,Legitimate_Awakening,ACC009575
17,14140.79,0.306,302.7,Normal,ACC001877
3,10458.05,0.308,409.3,Normal,ACC003885
15,2293.31,0.388,1411.1,Normal,ACC005643
17,4880.0,0.286,690.3,Normal,ACC000521
17,10205.65,0.251,1435.9,Normal,ACC007609
8,531.32,0.315,959.1,Normal,ACC008601
10,15358.27,0.515,426.6,Normal,ACC006772
4,4997.09,0.546,390.2,Normal,ACC006684
8,17888.84,0.202,1253.7,Normal,ACC006707
23,15593.08,0.342,133.4,Normal,ACC007932
12,8578.86,0.351,809.2,Normal,ACC005648
29,10819.21,0.325,771.0,Normal,ACC004291
19,5518.63,0.447,172.4,Normal,ACC002266
18,17785.44,0.469,763.2,Normal,ACC007324
20,17890.2,0.557,404.8,Normal,ACC003301
5,12038.43,0.598,1307.1,Normal,ACC007995
28,4097.03,0.25,529.1,Normal,ACC000240
8,537.67,0.463,987.3,Normal,ACC002763
967,290048.31,0.974,32.6,Dormant_Mule,ACC009954
20,9855.74,0.39,478.6,Normal,ACC000300
21,7130.47,0.559,1116.9,Normal,ACC006364
9,13093.54,0.418,569.6,Normal,ACC000679
4,2859.99,0.309,1111.6,Normal,ACC000662
5,4583.58,0.379,1023.4,Normal,ACC005111
10,7194.0,0.199,789.3,Normal,ACC008397
0,890.23,0.226,803.0,Normal,ACC002771
8,13050.86,0.222,149.5,Normal,ACC004401
749,200483.91,0.981,44.5,Dormant_Mule,ACC009971
25,1405.33,0.46,832.8,Normal,ACC008554
8,1438.79,0.551,1245.0,Normal,ACC000632
28,6320.82,0.542,1309.8,Normal,ACC006581
9,14958.31,0.448,1356.5,Normal,ACC005093
24,15914.91,0.383,1075.6,Normal,ACC004868
573,21264.91,0.505,2841.8,Legitimate_Awakening,ACC009362
21,9074.71,0.528,1095.4,Normal,ACC005287
4,16069.84,0.454,371.3,Normal,ACC001761
10,16340.19,0.476,1114.4,Normal,ACC002166
4,14779.3,0.102,736.9,Normal,ACC000302
21,1730.55,0.137,452.3,Normal,ACC005698
394,44566.43,0.34,2325.6,Legitimate_Awakening,ACC009660
21,1801.63,0.158,907.3,Normal,ACC002538
15,18109.49,0.17,246.9,Normal,ACC002186
3,11189.97,0.577,358.0,Normal,ACC003269
2,16539.48,0.575,1077.9,Normal,ACC000144
683,43489.15,0.328,1073.1,Legitimate_Awakening,ACC009334
15,8030.82,0.425,1281.7,Normal,ACC005803
885,209492.5,0.973,3.8,Dormant_Mule,ACC009963
1,10860.55,0.127,1377.6,Normal,ACC006848
15,11178.43,0.172,296.8,Normal,ACC002712
26,13646.65,0.417,251.3,Normal,ACC002086
23,2182.19,0.308,935.7,Normal,ACC004459
20,15259.55,0.275,746.2,Normal,ACC007998
2,12934.24,0.253,690.0,Normal,ACC006055
20,5064.13,0.125,474.4,Normal,ACC002076
7,19155.69,0.471,293.9,Normal,ACC007382
5,9661.99,0.265,1116.5,Normal,ACC002570
25,3857.37,0.181,842.3,Normal,ACC006214
20,15606.12,0.232,1352.3,Normal,ACC002022
282,50232.1,0.632,2019.7,Legitimate_Awakening,ACC009504
673,24421.04,0.46,2724.9,Legitimate_Awakening,ACC009179
7,10140.86,0.223,226.9,Normal,ACC008555
1,18126.62,0.562,774.9,Normal,ACC008528
22,4168.89,0.151,688.6,Normal,ACC004171
0,2978.5,0.278,902.1,Normal,ACC002008
28,10474.03,0.207,805.5,Normal,ACC007984
221,58415.38,0.7,2758.5,Legitimate_Awakening,ACC009778
29,5811.13,0.32,369.0,Normal,ACC008783
0,14515.0,0.155,167.0,Normal,ACC001341
20,17111.71,0.413,1337.5,Normal,ACC004094
1,15803.15,0.556,1060.6,Normal,ACC004314
15,6267.08,0.228,552.2,Normal,ACC001281
8,664.8,0.52,162.2,Normal,ACC002227
17,941.97,0.561,1189.7,Normal,ACC005376
4,898.45,0.36,1126.4,Normal,ACC006283
0,12363.97,0.549,370.9,Normal,ACC006789
1,6748.29,0.299,1010.6,Normal,ACC008380
14,10706.33,0.29,423.6,Normal,ACC007177
9,15884.54,0.48,580.7,Normal,ACC003430
3,8506.41,0.293,1045.2,Normal,ACC004642
18,12485.53,0.525,754.0,Normal,ACC003111
23,1103.15,0.457,597.4,Normal,ACC001277
25,12525.17,0.233,472.6,Normal,ACC008285
4,8282.96,0.221,388.6,Normal,ACC001471
15,7693.14,0.516,550.7,Normal,ACC003030
20,10468.49,0.539,1032.7,Normal,ACC007944
8,4199.08,0.269,222.8,Normal,ACC003975
10,14806.04,0.52,839.4,Normal,ACC001621
392,45378.09,0.587,1413.2,Legitimate_Awakening,ACC009772
24,2211.35,0.531,1166.8,Normal,ACC006116
2,8788.96,0.162,1322.2,Normal,ACC008661
20,5212.42,0.203,643.9,Normal,ACC007222
4,5021.26,0.499,863.3,Normal,ACC002597
22,8508.42,0.509,1037.9,Normal,ACC007427
17,5248.16,0.542,860.6,Normal,ACC004894
8,7776.4,0.312,842.8,Normal,ACC007337
3,14565.07,0.317,1167.0,Normal,ACC006576
18,3458.28,0.383,1129.1,Normal,ACC004543
7,889.86,0.485,843.8,Normal,ACC006592
24,14542.17,0.143,732.2,Normal,ACC001769
559,270010.72,0.969,28.7,Dormant_Mule,ACC009936
602,349586.93,0.964,17.8,Dormant_Mule,ACC009952
27,17690.49,0.466,1040.4,Normal,ACC000926
617,43858.54,0.405,1738.2,Legitimate_Awakening,ACC008874
621,49516.12,0.545,2557.0,Legitimate_Awakening,ACC009317
19,14276.47,0.117,869.0,Normal,ACC007149
4,14014.08,0.352,747.7,Normal,ACC006159
2,3727.25,0.453,826.7,Normal,ACC001418
29,15264.1,0.215,894.7,Normal,ACC006372
0,2100.85,0.155,1233.9,Normal,ACC008700
12,7470.66,0.133,340.5,Normal,ACC002420
24,17374.45,0.423,299.0,Normal,ACC007754
15,2244.73,0.309,1246.3,Normal,ACC001704
23,2644.31,0.233,462.8,Normal,ACC004891
13,18120.35,0.216,1185.8,Normal,ACC000619
29,18742.67,0.296,745.9,Normal,ACC007437
27,3389.47,0.124,966.4,Normal,ACC005086
869,253938.87,0.988,4.4,Dormant_Mule,ACC009983
7,5691.79,0.349,674.3,Normal,ACC002386
23,11791.96,0.214,224.9,Normal,ACC007023
28,19978.64,0.404,654.2,Normal,ACC002110
444,54194.65,0.384,343.3,Legitimate_Awakening,ACC009426
15,7160.19,0.58,1174.2,Normal,ACC004470
26,8229.92,0.561,220.0,Normal,ACC006423
16,6432.72,0.17,927.9,Normal,ACC001322
17,12501.38,0.458,1024.6,Normal,ACC008492
0,18861.3,0.41,1238.1,Normal,ACC006459
26,19632.3,0.385,462.6,Normal,ACC000790
14,19691.44,0.553,1270.6,Normal,ACC006004
15,1773.48,0.497,695.1,Normal,ACC006279
13,14788.99,0.394,713.5,Normal,ACC003338
15,16878.78,0.564,888.8,Normal,ACC007064
11,3405.54,0.239,973.9,Normal,ACC006356
11,977.37,0.495,135.7,Normal,ACC002459
13,10354.4,0.44,387.8,Normal,ACC001742
1,12055.51,0.169,738.8,Normal,ACC006750
12,19083.82,0.451,175.4,Normal,ACC003119
256,59816.9,0.308,2490.4,Legitimate_Awakening,ACC009630
27,18487.77,0.457,891.5,Normal,ACC004354
12,6534.89,0.588,491.3,Normal,ACC002918
423,36540.91,0.307,1287.5,Legitimate_Awakening,ACC009161
17,2776.68,0.308,366.3,Normal,ACC004131
14,8800.1,0.371,1186.5,Normal,ACC006382
23,6494.93,0.244,1327.8,Normal,ACC002870
25,14747.42,0.516,1063.6,Normal,ACC003017
13,6277.89,0.22,962.2,Normal,ACC005415
25,3370.93,0.203,533.5,Normal,ACC001300
619,38238.23,0.418,2159.9,Legitimate_Awakening,ACC009074
19,11377.49,0.183,929.8,Normal,ACC000596
513,53715.44,0.688,633.3,Legitimate_Awakening,ACC009134
18,8508.66,0.46,795.2,Normal,ACC002499
2,14481.48,0.15,305.2,Normal,ACC006597
25,11119.16,0.203,1037.8,Normal,ACC004239
2,17758.86,0.364,270.1,Normal,ACC007981
26,18248.82,0.291,952.4,Normal,ACC001629
20,2123.78,0.417,1252.7,Normal,ACC005462
18,19978.62,0.359,1392.7,Normal,ACC007272
21,736.25,0.36,1418.8,Normal,ACC006162
20,12634.92,0.39,1365.6,Normal,ACC008306
21,13353.08,0.528,1086.1,Normal,ACC008353
444,17073.18,0.554,521.4,Legitimate_Awakening,ACC009393
384,27678.65,0.436,2070.1,Legitimate_Awakening,ACC009116
21,5004.1,0.501,1244.0,Normal,ACC001955
11,4599.97,0.155,619.6,Normal,ACC005644
535,16022.14,0.689,2789.8,Legitimate_Awakening,ACC008948
513,39210.37,0.415,1213.5,Legitimate_Awakening,ACC009029
13,2356.12,0.532,1174.8,Normal,ACC008806
293,53004.39,0.32,1577.5,Legitimate_Awakening,ACC009319
2,15787.24,0.49,1343.9,Normal,ACC004972
15,2651.92,0.22,412.0,Normal,ACC003332
9,13881.55,0.117,1200.9,Normal,ACC004211
4,18763.81,0.12,281.2,Normal,ACC000401
580,193149.83,0.971,10.5,Dormant_Mule,ACC009984
12,19780.69,0.561,1086.9,Normal,ACC007101
27,17421.07,0.326,140.3,Normal,ACC003042
15,9421.97,0.126,1030.8,Normal,ACC006540
28,11984.25,0.36,1099.7,Normal,ACC002341
28,14511.23,0.436,1075.1,Normal,ACC008032
15,787.12,0.474,240.8,Normal,ACC003504
23,6258.16,0.216,490.9,Normal,ACC000726
487,57002.24,0.682,431.5,Legitimate_Awakening,ACC009303
8,11003.55,0.284,313.9,Normal,ACC007376
3,1965.77,0.15,378.7,Normal,ACC007530
1,13295.42,0.23,150.3,Normal,ACC006323
24,10287.74,0.403,859.1,Normal,ACC002035
12,2421.66,0.216,1055.7,Normal,ACC001900
8,19094.69,0.468,1028.6,Normal,ACC006081
12,6380.94,0.194,520.9,Normal,ACC001618
9,19033.33,0.205,356.3,Normal,ACC006199
23,8202.73,0.148,459.2,Normal,ACC006024
28,5935.2,0.29,910.0,Normal,ACC005960
0,9822.22,0.374,381.5,Normal,ACC004243
4,1019.32,0.46,146.4,Normal,ACC006408
4,16249.1,0.503,776.8,Normal,ACC007301
3,19899.73,0.373,236.4,Normal,ACC000688
26,14520.88,0.243,449.9,Normal,ACC001865
12,15976.47,0.469,1341.6,Normal,ACC005263
13,7607.16,0.425,927.3,Normal,ACC008807
6,13499.63,0.509,614.1,Normal,ACC004694
19,17930.85,0.394,931.7,Normal,ACC005066
15,994.08,0.385,789.0,Normal,ACC003534
14,3235.21,0.369,902.9,Normal,ACC003725
13,1824.56,0.154,791.7,Normal,ACC003201
1,5533.1,0.332,295.9,Normal,ACC001559
15,9954.5,0.275,1161.9,Normal,ACC005888
17,9638.88,0.128,276.8,Normal,ACC000130
0,8050.75,0.555,1399.8,Normal,ACC003710
2,10832.57,0.407,756.8,Normal,ACC002174
0,3559.39,0.527,948.0,Normal,ACC007873
25,14246.66,0.479,891.5,Normal,ACC007185
15,13930.42,0.169,149.0,Normal,ACC007950
395,29723.9,0.503,1194.4,Legitimate_Awakening,ACC009421
13,12447.16,0.424,1402.3,Normal,ACC007565
459,26127.9,0.515,1051.6,Legitimate_Awakening,ACC009742
8,9680.59,0.548,859.1,Normal,ACC005872
28,5544.42,0.197,231.0,Normal,ACC000331
15,13014.62,0.336,1318.4,Normal,ACC002953
19,16525.13,0.485,907.7,Normal,ACC002244
16,17797.97,0.418,996.7,Normal,ACC007752
14,17318.68,0.217,1037.6,Normal,ACC001324
18,2261.57,0.485,210.1,Normal,ACC000272
18,12280.25,0.435,915.3,Normal,ACC002699
12,2411.87,0.363,195.4,Normal,ACC001925
29,2851.1,0.392,1412.4,Normal,ACC006979
316,42988.54,0.37,2260.2,Legitimate_Awakening,ACC009687
246,32959.26,0.509,1630.2,Legitimate_Awakening,ACC009524
14,19591.12,0.31,782.6,Normal,ACC001483
20,18551.91,0.43,131.7,Normal,ACC008470
9,19894.0,0.44,217.8,Normal,ACC001910
9,3919.67,0.229,1108.3,Normal,ACC006814
18,6206.77,0.373,296.1,Normal,ACC001565
1,5264.89,0.349,556.1,Normal,ACC000187
14,881.08,0.162,444.2,Normal,ACC007160
254,59193.81,0.33,1565.2,Legitimate_Awakening,ACC009476
4,10607.99,0.348,516.6,Normal,ACC006068
7,14564.53,0.439,809.8,Normal,ACC002398
629,51474.59,0.407,2832.8,Legitimate_Awakening,ACC009379
27,4102.39,0.399,1254.1,Normal,ACC006942
0,9499.11,0.58,364.2,Normal,ACC006328
262,33486.18,0.692,1228.8,Legitimate_Awakening,ACC008877
19,9360.99,0.337,737.6,Normal,ACC003360
287,22200.32,0.657,1743.5,Legitimate_Awakening,ACC009395
17,4302.44,0.257,939.1,Normal,ACC001736
19,12062.61,0.16,550.3,Normal,ACC003984
13,15807.43,0.215,1404.2,Normal,ACC005798
7,18859.96,0.577,1284.4,Normal,ACC005333
16,6398.09,0.529,1251.5,Normal,ACC001307
25,758.98,0.371,726.6,Normal,ACC001696
18,4493.65,0.499,1094.9,Normal,ACC001470
4,18175.72,0.101,472.0,Normal,ACC006021
413,52578.85,0.406,642.4,Legitimate_Awakening,ACC009154
2,11293.72,0.194,579.9,Normal,ACC008786
1,4938.43,0.474,344.3,Normal,ACC007612
24,1826.96,0.205,130.7,Normal,ACC008201
11,11686.76,0.589,1263.3,Normal,ACC005507
11,15356.09,0.579,882.3,Normal,ACC007356
23,17005.6,0.454,1199.6,Normal,ACC006097
13,11136.53,0.44,245.1,Normal,ACC008811
9,17610.94,0.16,934.5,Normal,ACC007114
14,14633.5,0.163,1072.1,Normal,ACC008793
7,16522.16,0.13,926.4,Normal,ACC002272
14,8195.87,0.443,669.9,Normal,ACC002457
18,19401.4,0.362,950.8,Normal,ACC000136
10,16083.32,0.179,366.2,Normal,ACC006892
336,24069.65,0.567,2536.6,Legitimate_Awakening,ACC009448
11,17559.06,0.116,841.6,Normal,ACC008656
14,7183.44,0.213,964.1,Normal,ACC004271
9,2361.3,0.467,1100.1,Normal,ACC007019
24,15692.41,0.35,600.3,Normal,ACC005188
14,17044.1,0.368,976.7,Normal,ACC007758
1,7666.75,0.591,1257.2,Normal,ACC006077
29,2451.26,0.394,1147.5,Normal,ACC003350
0,17870.7,0.209,1149.9,Normal,ACC008612
21,1897.19,0.572,1140.8,Normal,ACC004227
15,3209.69,0.236,341.5,Normal,ACC007280
6,2781.73,0.5,282.7,Normal,ACC001014
0,17752.06,0.446,999.4,Normal,ACC006086
501,22399.02,0.57,2748.3,Legitimate_Awakening,ACC009466
13,4877.65,0.429,1147.7,Normal,ACC008588
25,16359.91,0.287,734.2,Normal,ACC008216
7,3798.66,0.589,1246.4,Normal,ACC001516
14,16010.93,0.361,240.2,Normal,ACC007818
29,7138.73,0.195,1069.4,Normal,ACC006241
9,1405.75,0.179,645.3,Normal,ACC004560
5,16437.76,0.208,531.7,Normal,ACC008085
28,5509.83,0.5,954.4,Normal,ACC001802
11,2054.44,0.442,1351.0,Normal,ACC001454
25,16616.06,0.379,192.1,Normal,ACC001489
28,16614.08,0.234,486.4,Normal,ACC003241
2,16415.73,0.211,277.3,Normal,ACC007395
9,3294.32,0.167,458.3,Normal,ACC004511
15,13027.18,0.113,893.2,Normal,ACC000101
265,48899.76,0.34,2785.8,Legitimate_Awakening,ACC009041
22,8291.66,0.31,955.1,Normal,ACC007899
8,14357.93,0.155,699.9,Normal,ACC000028
226,33166.24,0.363,1581.4,Legitimate_Awakening,ACC009551
24,8797.08,0.148,1410.8,Normal,ACC004815
19,4218.04,0.509,991.4,Normal,ACC006601
25,10004.42,0.573,195.6,Normal,ACC001503
2,17184.74,0.34,1211.8,Normal,ACC004034
561,21026.6,0.482,1578.3,Legitimate_Awakening,ACC009109
16,10882.2,0.384,1337.7,Normal,ACC006192
29,1248.05,0.411,1146.8,Normal,ACC002168
583,58345.14,0.358,2054.1,Legitimate_Awakening,ACC009561
9,4514.7,0.276,286.5,Normal,ACC001600
27,5144.56,0.15,441.0,Normal,ACC000251
224,19433.28,0.371,1243.6,Legitimate_Awakening,ACC009332
29,12950.32,0.476,1112.1,Normal,ACC004103
21,6304.6,0.334,148.8,Normal,ACC004818
1,7144.42,0.124,1262.6,Normal,ACC006276
24,8401.69,0.163,1194.0,Normal,ACC002216
8,3930.54,0.109,771.9,Normal,ACC000061
28,17849.03,0.404,1374.4,Normal,ACC003299
14,9177.66,0.367,471.2,Normal,ACC007936
26,17021.75,0.203,1376.8,Normal,ACC001462
14,6493.77,0.446,1113.9,Normal,ACC004363
4,1706.3,0.472,151.7,Normal,ACC003942
11,6569.14,0.356,263.7,Normal,ACC007091
23,11194.17,0.133,1131.8,Normal,ACC000940
17,16118.81,0.277,865.6,Normal,ACC006837
901,280258.05,0.974,28.8,Dormant_Mule,ACC010000
28,13593.29,0.219,780.2,Normal,ACC005239
22,12419.36,0.262,406.4,Normal,ACC004549
0,16404.61,0.473,561.8,Normal,ACC005164
6,3757.94,0.587,949.3,Normal,ACC004344
5,15296.08,0.381,516.3,Normal,ACC003108
8,3809.04,0.267,666.5,Normal,ACC008768
6,9234.06,0.519,1412.9,Normal,ACC006915
2,10643.19,0.526,848.5,Normal,ACC000156
6,12525.07,0.352,1332.7,Normal,ACC006968
15,9602.81,0.53,1378.1,Normal,ACC003145
7,4270.12,0.575,659.5,Normal,ACC001791
16,14440.52,0.315,524.5,Normal,ACC001676
5,1940.08,0.427,360.4,Normal,ACC007577
17,12122.85,0.154,142.3,Normal,ACC001637
3,15543.73,0.558,1248.0,Normal,ACC001842
10,6294.41,0.341,1032.4,Normal,ACC005562
16,7041.15,0.597,1420.9,Normal,ACC007992
509,30467.5,0.648,1087.6,Legitimate_Awakening,ACC009249
616,43354.6,0.303,1321.8,Legitimate_Awakening,ACC009312
2,2790.51,0.445,659.7,Normal,ACC003315
21,6748.77,0.199,1248.1,Normal,ACC003824
28,13025.35,0.132,885.6,Normal,ACC000546
13,6463.36,0.48,938.1,Normal,ACC001601
17,4749.14,0.424,676.7,Normal,ACC002749
238,24217.12,0.556,1581.6,Legitimate_Awakening,ACC009100
13,1560.85,0.456,203.1,Normal,ACC008081
12,2846.61,0.123,627.0,Normal,ACC000310
28,17923.44,0.478,558.2,Normal,ACC001887
17,12887.55,0.412,295.0,Normal,ACC007141
28,7884.8,0.475,685.2,Normal,ACC008012
19,4319.53,0.488,976.2,Normal,ACC006886
8,2728.21,0.307,1259.8,Normal,ACC000233
0,4695.53,0.414,1339.2,Normal,ACC001469
27,5482.12,0.573,859.4,Normal,ACC000588
16,7870.38,0.332,236.8,Normal,ACC002690
27,16448.59,0.446,995.2,Normal,ACC003368
2,7694.92,0.593,606.0,Normal,ACC007096
17,4995.66,0.4,881.2,Normal,ACC008604
414,57307.55,0.951,2.3,Dormant_Mule,ACC009868
25,14758.51,0.235,1183.1,Normal,ACC006978
16,14357.2,0.401,1401.3,Normal,ACC007563
13,10768.28,0.5,1412.2,Normal,ACC000247
23,13229.86,0.528,499.0,Normal,ACC002994
496,58367.75,0.322,402.7,Legitimate_Awakening,ACC009192
3,13692.01,0.208,989.7,Normal,ACC000413
665,43478.87,0.568,954.5,Legitimate_Awakening,ACC009130
16,9033.38,0.322,954.9,Normal,ACC007213
11,1517.87,0.441,738.0,Normal,ACC000756
12,6262.45,0.217,139.3,Normal,ACC007971
21,4091.58,0.322,663.5,Normal,ACC008529
28,18312.17,0.305,1107.7,Normal,ACC002291
6,10353.41,0.329,330.1,Normal,ACC008662
29,9801.62,0.148,376.1,Normal,ACC006118
9,12516.95,0.322,368.2,Normal,ACC002100
25,1367.93,0.245,715.7,Normal,ACC001710
16,7264.81,0.445,120.1,Normal,ACC006210
8,11572.86,0.589,480.1,Normal,ACC003578
4,10781.48,0.565,758.6,Normal,ACC001996
8,5479.2,0.188,913.5,Normal,ACC007906
3,11660.0,0.454,1138.6,Normal,ACC006517
18,6768.52,0.18,390.8,Normal,ACC002888
576,35223.04,0.373,539.6,Legitimate_Awakening,ACC008886
26,19621.08,0.207,208.7,Normal,ACC001072
12,5292.13,0.388,482.4,Normal,ACC002532
978,329653.92,0.979,23.2,Dormant_Mule,ACC009855
6,16032.59,0.192,1149.2,Normal,ACC000001
23,19171.18,0.222,1351.1,Normal,ACC008719
432,55073.69,0.556,318.0,Legitimate_Awakening,ACC008975
8,710.57,0.451,269.5,Normal,ACC002015
11,2196.63,0.43,462.0,Normal,ACC005929
195,20616.78,0.319,2495.2,Legitimate_Awakening,ACC009525
4,14650.08,0.241,897.5,Normal,ACC007745
24,8926.01,0.376,1219.9,Normal,ACC003974
24,1278.56,0.128,580.6,Normal,ACC007195
20,19297.26,0.44,1417.4,Normal,ACC006984
29,4689.99,0.545,1431.2,Normal,ACC004095
13,7431.5,0.218,442.7,Normal,ACC004101
16,15986.51,0.409,204.5,Normal,ACC008798
18,2984.04,0.243,821.7,Normal,ACC000928
552,19373.36,0.606,1282.5,Legitimate_Awakening,ACC008964
466,34331.71,0.581,2083.8,Legitimate_Awakening,ACC009445
14,1877.85,0.242,1002.2,Normal,ACC005696
21,10592.66,0.568,1157.8,Normal,ACC007351
4,672.74,0.234,584.7,Normal,ACC008773
1,3229.61,0.41,787.3,Normal,ACC007464
27,11713.7,0.195,916.4,Normal,ACC003665
15,3462.1,0.169,966.0,Normal,ACC000167
368,51238.11,0.607,967.4,Legitimate_Awakening,ACC009478
23,11625.48,0.18,325.3,Normal,ACC008517
21,14919.65,0.423,325.6,Normal,ACC001367
23,16846.17,0.455,1372.5,Normal,ACC000760
244,17846.61,0.321,2533.2,Legitimate_Awakening,ACC009185
9,15713.27,0.269,621.2,Normal,ACC003478
23,9298.23,0.267,520.8,Normal,ACC005020
25,15358.28,0.283,1281.4,Normal,ACC005595
20,4597.06,0.248,1239.5,Normal,ACC006808
3,2930.92,0.56,1268.3,Normal,ACC000230
27,4801.08,0.333,999.8,Normal,ACC007176
25,16974.11,0.321,385.3,Normal,ACC008648
22,3250.47,0.511,1289.4,Normal,ACC004475
27,1899.09,0.343,908.2,Normal,ACC005604
513,42041.21,0.426,1065.8,Legitimate_Awakening,ACC009363
14,3915.24,0.584,401.3,Normal,ACC006334
29,19668.82,0.129,890.3,Normal,ACC004630
14,18660.46,0.21,1087.9,Normal,ACC005201
0,14032.75,0.268,257.3,Normal,ACC003966
3,19215.17,0.584,945.8,Normal,ACC004183
230,41175.87,0.6,2637.7,Legitimate_Awakening,ACC009045
23,906.48,0.414,951.2,Normal,ACC003359
19,3811.87,0.153,1316.9,Normal,ACC003706
23,1160.57,0.595,756.6,Normal,ACC003679
2,17966.17,0.262,620.6,Normal,ACC006716
10,17063.53,0.197,665.6,Normal,ACC006465
7,17830.19,0.29,1319.3,Normal,ACC004565
15,6484.42,0.537,1109.1,Normal,ACC005805
17,18093.3,0.125,811.8,Normal,ACC004104
26,7948.18,0.382,271.2,Normal,ACC002554
14,18967.2,0.34,227.1,Normal,ACC007358
25,17639.5,0.581,1251.5,Normal,ACC004597
1,14694.04,0.55,1245.6,Normal,ACC007668
18,4726.78,0.393,579.5,Normal,ACC003969
23,17050.67,0.356,1052.8,Normal,ACC004250
10,5568.15,0.273,1331.1,Normal,ACC000779
15,19335.91,0.389,709.5,Normal,ACC008138
4,19934.42,0.378,1135.1,Normal,ACC000151
208,38147.02,0.386,785.2,Legitimate_Awakening,ACC009672
27,8395.5,0.575,1358.5,Normal,ACC004067
21,10846.59,0.134,956.8,Normal,ACC006460
21,19767.09,0.446,1349.6,Normal,ACC006764
407,51335.41,0.367,2294.3,Legitimate_Awakening,ACC009539
593,15509.09,0.315,2515.3,Legitimate_Awakening,ACC009629
2,11587.35,0.487,1253.9,Normal,ACC005615
15,1229.24,0.353,652.0,Normal,ACC001465
28,10367.71,0.268,1078.6,Normal,ACC002899
4,10250.14,0.449,605.3,Normal,ACC006981
696,54872.74,0.955,26.7,Dormant_Mule,ACC009858
17,9063.59,0.238,1365.8,Normal,ACC007820
15,9826.07,0.173,1057.3,Normal,ACC000725
455,49641.16,0.346,601.3,Legitimate_Awakening,ACC009681
16,15019.77,0.124,409.5,Normal,ACC002736
23,12095.98,0.279,1190.5,Normal,ACC008822
26,11532.07,0.457,1357.8,Normal,ACC002043
22,18171.96,0.225,479.0,Normal,ACC000567
20,14128.28,0.552,1182.9,Normal,ACC003321
15,12066.54,0.193,576.7,Normal,ACC002700
20,3987.4,0.551,644.3,Normal,ACC002154
14,16013.13,0.262,1251.2,Normal,ACC004532
19,13507.96,0.347,1010.2,Normal,ACC008415
572,23834.58,0.363,2311.5,Legitimate_Awakening,ACC009579
3,11262.76,0.221,682.3,Normal,ACC001378
16,10534.14,0.2,541.9,Normal,ACC002164
1,17768.41,0.105,1284.8,Normal,ACC001748
2,5417.55,0.202,569.3,Normal,ACC002544
401,37387.33,0.627,922.1,Legitimate_Awakening,ACC009596
1,3475.22,0.332,509.1,Normal,ACC007587
24,8059.64,0.301,1274.0,Normal,ACC000545
16,1319.48,0.47,1331.9,Normal,ACC000624
437,26492.52,0.589,1146.6,Legitimate_Awakening,ACC009261
0,18280.46,0.32,172.7,Normal,ACC001579
1,12155.61,0.496,984.6,Normal,ACC000384
29,11465.78,0.239,633.0,Normal,ACC007093
23,15288.65,0.419,1121.9,Normal,ACC000284
19,12254.25,0.235,295.8,Normal,ACC000143
27,6906.99,0.253,1423.4,Normal,ACC007826
29,18674.35,0.251,1265.2,Normal,ACC005992
16,19749.77,0.259,822.2,Normal,ACC002731
9,2183.21,0.469,480.6,Normal,ACC005650
16,9165.12,0.238,941.1,Normal,ACC000805
10,8679.89,0.295,998.9,Normal,ACC001766
16,15664.77,0.469,1298.7,Normal,ACC002287
17,9858.81,0.4,505.0,Normal,ACC000359
24,14961.26,0.293,556.0,Normal,ACC002724
5,567.13,0.559,522.4,Normal,ACC005730
1,9324.41,0.353,163.1,Normal,ACC004219
22,15541.56,0.388,475.3,Normal,ACC008639
16,11343.02,0.242,152.0,Normal,ACC002862
386,47832.49,0.502,1831.1,Legitimate_Awakening,ACC008978
249,30660.92,0.605,454.1,Legitimate_Awakening,ACC009322
5,15741.5,0.257,447.2,Normal,ACC001122
0,1883.35,0.298,187.0,Normal,ACC000079
19,6948.07,0.258,1178.2,Normal,ACC008061
22,4111.08,0.554,662.6,Normal,ACC008387
19,9254.63,0.59,1387.0,Normal,ACC003399
6,15348.65,0.559,407.7,Normal,ACC006563
21,1318.42,0.188,1261.8,Normal,ACC002946
25,9873.92,0.349,403.9,Normal,ACC002750
26,4013.63,0.548,1428.0,Normal,ACC007592
524,49668.63,0.368,855.4,Legitimate_Awakening,ACC009184
25,15305.75,0.283,215.1,Normal,ACC006685
5,1032.73,0.102,491.3,Normal,ACC007032
6,19738.95,0.111,1008.2,Normal,ACC008670
9,6033.63,0.282,972.6,Normal,ACC000186
205,54421.0,0.499,872.3,Legitimate_Awakening,ACC008887
28,16055.61,0.208,1036.4,Normal,ACC007450
28,10650.6,0.32,1281.5,Normal,ACC001328
17,4983.37,0.573,1235.8,Normal,ACC007496
24,9725.34,0.584,1138.8,Normal,ACC003463
277,47868.93,0.385,1268.4,Legitimate_Awakening,ACC009135
10,1398.11,0.504,354.8,Normal,ACC000799
25,3233.05,0.279,1315.3,Normal,ACC006524
22,2762.36,0.146,991.2,Normal,ACC006882
27,8459.77,0.231,880.0,Normal,ACC004506
26,15251.37,0.392,191.0,Normal,ACC008193
12,10758.77,0.438,1079.5,Normal,ACC007127
5,17645.52,0.514,896.6,Normal,ACC008817
0,9156.0,0.549,1014.1,Normal,ACC005328
12,16233.59,0.238,555.9,Normal,ACC006026
29,6197.45,0.566,849.9,Normal,ACC003932
26,5511.34,0.432,673.6,Normal,ACC002422
8,6202.09,0.537,1138.8,Normal,ACC002134
16,15354.1,0.493,315.4,Normal,ACC007207
15,5657.14,0.116,1203.3,Normal,ACC007989
9,1896.43,0.224,1201.2,Normal,ACC006906
473,32021.17,0.626,2357.8,Legitimate_Awakening,ACC009049
12,10781.04,0.296,990.0,Normal,ACC000788
7,19329.9,0.201,1050.1,Normal,ACC006520
2,12485.53,0.535,1038.9,Normal,ACC004472
2,16286.42,0.468,1030.0,Normal,ACC008476
533,37307.97,0.568,683.1,Legitimate_Awakening,ACC009294
12,658.85,0.207,933.2,Normal,ACC002666
15,13350.97,0.292,743.7,Normal,ACC007729
10,4980.33,0.118,1182.0,Normal,ACC003435
29,15485.75,0.184,141.6,Normal,ACC004663
23,10488.46,0.179,948.7,Normal,ACC007363
546,39582.87,0.367,986.1,Legitimate_Awakening,ACC009397
1,14814.43,0.115,935.1,Normal,ACC002474
337,53414.68,0.657,1185.2,Legitimate_Awakening,ACC009149
26,9723.26,0.322,777.7,Normal,ACC007471
421,17923.83,0.574,1471.9,Legitimate_Awakening,ACC009128
3,8106.29,0.532,1346.6,Normal,ACC002530
17,18370.81,0.129,341.1,Normal,ACC007831
7,7305.26,0.393,303.2,Normal,ACC007842
4,19293.92,0.173,1406.3,Normal,ACC006709
16,19435.07,0.355,963.1,Normal,ACC005473
21,9062.76,0.44,263.2,Normal,ACC004678
11,19527.89,0.286,149.8,Normal,ACC004931
28,6826.55,0.267,154.0,Normal,ACC002200
17,3253.02,0.537,516.5,Normal,ACC008371
13,15013.92,0.333,420.7,Normal,ACC003220
17,3981.78,0.101,1246.2,Normal,ACC003514
22,10482.09,0.26,341.3,Normal,ACC002861
3,5801.82,0.355,351.6,Normal,ACC004030
19,11802.57,0.111,1424.9,Normal,ACC001250
732,215335.37,0.999,34.9,Dormant_Mule,ACC009926
14,10497.91,0.507,776.4,Normal,ACC004720
21,13928.27,0.241,755.5,Normal,ACC003222
10,19819.86,0.512,1104.4,Normal,ACC005098
17,1848.49,0.514,456.0,Normal,ACC001269
14,5418.93,0.367,1207.4,Normal,ACC002306
10,7119.12,0.162,972.3,Normal,ACC005514
22,6717.9,0.391,609.9,Normal,ACC000675
14,2895.93,0.41,937.9,Normal,ACC005957
24,7853.94,0.416,1148.4,Normal,ACC007571
4,7006.73,0.147,858.5,Normal,ACC006877
9,11088.46,0.287,945.4,Normal,ACC001235
18,8132.43,0.18,1173.1,Normal,ACC005832
1,1706.77,0.368,867.2,Normal,ACC001124
10,5607.24,0.404,880.2,Normal,ACC005230
20,19330.24,0.107,755.1,Normal,ACC002282
330,21301.78,0.407,1061.8,Legitimate_Awakening,ACC009440
14,3488.42,0.389,1201.8,Normal,ACC006567
23,18876.86,0.331,530.7,Normal,ACC003126
29,10643.79,0.383,140.2,Normal,ACC001760
29,19141.61,0.366,647.6,Normal,ACC001970
10,12432.32,0.186,1434.4,Normal,ACC005807
7,7730.68,0.454,418.3,Normal,ACC003821
1,13259.81,0.536,1400.1,Normal,ACC004780
14,16544.0,0.18,560.7,Normal,ACC005316
4,11056.04,0.262,299.9,Normal,ACC002415
563,21812.71,0.698,1161.4,Legitimate_Awakening,ACC009355
182,17735.16,0.424,750.4,Legitimate_Awakening,ACC009016
1,16487.84,0.447,152.2,Normal,ACC007728
10,6936.38,0.315,925.4,Normal,ACC006866
3,12232.57,0.404,632.4,Normal,ACC004575
4,5898.98,0.299,1018.0,Normal,ACC004500
21,16982.41,0.105,410.7,Normal,ACC005524
21,8231.13,0.133,1121.3,Normal,ACC007311
5,8839.99,0.578,403.5,Normal,ACC002688
16,7568.03,0.176,551.0,Normal,ACC004316
17,10078.13,0.598,1304.6,Normal,ACC000314
18,2391.86,0.132,902.4,Normal,ACC001580
27,14191.21,0.446,726.3,Normal,ACC005258
13,16557.79,0.439,1227.6,Normal,ACC005413
25,17246.12,0.426,369.2,Normal,ACC003518
26,5146.12,0.526,855.5,Normal,ACC003407
584,250954.2,0.956,37.7,Dormant_Mule,ACC009894
15,12226.66,0.304,1311.2,Normal,ACC007766
7,9498.81,0.419,990.3,Normal,ACC000505
0,18384.92,0.471,562.8,Normal,ACC003950
13,3712.45,0.121,719.4,Normal,ACC003348
25,10412.77,0.305,1263.3,Normal,ACC003150
17,19011.85,0.391,255.4,Normal,ACC007541
5,16557.29,0.177,561.1,Normal,ACC003431
7,6018.83,0.319,588.6,Normal,ACC002675
20,13617.89,0.492,1000.3,Normal,ACC003556
0,2182.92,0.37,1253.1,Normal,ACC008687
23,15960.87,0.569,1148.5,Normal,ACC005728
22,18168.7,0.106,1009.7,Normal,ACC000851
13,7446.42,0.346,1336.9,Normal,ACC005350
3,8848.0,0.545,145.0,Normal,ACC006083
22,18015.36,0.391,584.4,Normal,ACC003455
20,8927.26,0.457,137.3,Normal,ACC005139
14,7994.37,0.44,408.1,Normal,ACC000305
25,14474.32,0.313,371.0,Normal,ACC004519
7,12758.31,0.559,537.7,Normal,ACC005631
10,14296.94,0.331,1184.6,Normal,ACC002187
14,1444.18,0.303,362.8,Normal,ACC004453
17,2075.19,0.294,912.3,Normal,ACC003080
471,23416.45,0.565,1529.8,Legitimate_Awakening,ACC008974
17,1699.42,0.586,247.6,Normal,ACC006706
22,14591.67,0.461,1195.9,Normal,ACC004383
479,119377.92,0.977,20.2,Dormant_Mule,ACC009878
24,1024.48,0.423,1183.3,Normal,ACC007103
20,4006.17,0.518,654.2,Normal,ACC007338
0,1529.71,0.167,967.7,Normal,ACC008606
16,15978.73,0.334,1181.5,Normal,ACC007454
4,2733.96,0.412,646.2,Normal,ACC008541
227,31618.52,0.446,2435.5,Legitimate_Awakening,ACC009470
9,6853.79,0.493,1308.5,Normal,ACC004329
4,12722.15,0.377,1388.7,Normal,ACC003730
4,18708.11,0.442,821.7,Normal,ACC001086
7,11405.53,0.254,248.6,Normal,ACC008191
28,817.17,0.263,1365.4,Normal,ACC008022
8,6565.31,0.26,568.1,Normal,ACC003097
23,14954.27,0.578,858.1,Normal,ACC007756
14,12772.03,0.446,646.0,Normal,ACC006401
2,9933.97,0.449,1246.5,Normal,ACC007184
21,9072.54,0.425,186.5,Normal,ACC004577
520,27407.5,0.301,1771.0,Legitimate_Awakening,ACC009438
552,56297.3,0.447,2665.8,Legitimate_Awakening,ACC009516
28,8393.44,0.242,154.4,Normal,ACC004867
699,38714.46,0.418,1517.2,Legitimate_Awakening,ACC009564
660,26762.14,0.605,1615.8,Legitimate_Awakening,ACC009082
23,7540.99,0.434,874.4,Normal,ACC006471
26,9484.59,0.215,362.1,Normal,ACC004737
27,11526.4,0.458,264.7,Normal,ACC002821
12,14655.12,0.122,1179.4,Normal,ACC007273
19,8266.02,0.291,438.4,Normal,ACC008442
536,30089.05,0.608,539.3,Legitimate_Awakening,ACC009455
661,19305.86,0.459,2735.2,Legitimate_Awakening,ACC009800
9,19521.29,0.481,678.9,Normal,ACC002328
2,12173.85,0.362,1069.1,Normal,ACC007578
1,9681.75,0.434,1382.5,Normal,ACC005853
28,7639.92,0.521,1411.2,Normal,ACC007773
21,12500.86,0.303,174.2,Normal,ACC001828
29,11069.39,0.276,1242.6,Normal,ACC008046
13,10286.91,0.473,772.8,Normal,ACC006961
17,906.79,0.427,558.7,Normal,ACC000377
12,8334.81,0.153,152.1,Normal,ACC005580
27,17033.21,0.226,1179.4,Normal,ACC007656
5,16723.81,0.386,890.7,Normal,ACC002687
12,17410.69,0.277,644.3,Normal,ACC000180
22,14582.59,0.14,969.4,Normal,ACC006245
28,5345.54,0.472,164.3,Normal,ACC000216
15,14310.11,0.103,1431.0,Normal,ACC007201
2,14532.18,0.374,1072.4,Normal,ACC007601
261,18456.18,0.601,2266.4,Legitimate_Awakening,ACC009729
5,19087.16,0.182,412.2,Normal,ACC004691
25,11713.68,0.203,785.9,Normal,ACC001299
18,8472.44,0.47,1308.2,Normal,ACC007890
23,3001.5,0.134,710.7,Normal,ACC004655
14,17007.74,0.313,848.7,Normal,ACC002744
24,5940.66,0.302,1438.4,Normal,ACC001506
7,11874.08,0.563,1153.7,Normal,ACC007866
26,13138.3,0.554,670.0,Normal,ACC004749
15,2549.17,0.28,324.4,Normal,ACC005924
3,8334.69,0.597,1282.0,Normal,ACC000696
21,13871.21,0.472,1221.4,Normal,ACC003167
28,18503.89,0.479,231.2,Normal,ACC008053
19,13527.66,0.202,507.0,Normal,ACC000253
4,16033.52,0.531,1236.7,Normal,ACC004617
965,203888.51,0.988,7.1,Dormant_Mule,ACC009901
22,8513.81,0.259,888.1,Normal,ACC006670
505,17481.15,0.443,1068.1,Legitimate_Awakening,ACC009515
13,3599.09,0.348,239.0,Normal,ACC005054
19,18967.95,0.48,1026.9,Normal,ACC008253
14,14377.51,0.569,1300.2,Normal,ACC005880
9,11885.31,0.535,365.9,Normal,ACC007099
9,11231.87,0.588,532.2,Normal,ACC007585
7,9457.0,0.44,919.4,Normal,ACC006147
15,613.17,0.25,1108.6,Normal,ACC003050
14,16771.25,0.175,989.5,Normal,ACC003693
16,12732.91,0.475,320.7,Normal,ACC001027
206,52484.65,0.392,1623.0,Legitimate_Awakening,ACC009138
12,17435.28,0.517,1219.6,Normal,ACC002113
253,51514.35,0.404,2003.7,Legitimate_Awakening,ACC009727
22,11357.39,0.391,1250.3,Normal,ACC005766
4,14296.69,0.116,1268.7,Normal,ACC002277
27,15527.53,0.411,913.8,Normal,ACC002596
11,10050.82,0.364,561.5,Normal,ACC001428
17,8384.22,0.314,1067.2,Normal,ACC000450
21,10756.16,0.133,647.1,Normal,ACC005235
19,10287.01,0.412,426.5,Normal,ACC004892
22,1093.11,0.463,1273.7,Normal,ACC001488
610,49020.49,0.564,1242.1,Legitimate_Awakening,ACC008977
24,10179.78,0.253,1343.9,Normal,ACC002446
27,1732.17,0.399,914.4,Normal,ACC001914
413,20261.96,0.417,957.1,Legitimate_Awakening,ACC009776
4,8587.33,0.252,926.8,Normal,ACC008537
353,54256.58,0.536,1776.6,Legitimate_Awakening,ACC009573
1,16436.55,0.294,916.2,Normal,ACC007191
5,2486.92,0.104,692.3,Normal,ACC000877
20,12547.36,0.485,257.2,Normal,ACC002024
8,6866.56,0.397,1331.6,Normal,ACC007290
9,19985.72,0.436,794.1,Normal,ACC007841
9,5039.2,0.232,412.1,Normal,ACC004502
8,13190.54,0.507,693.2,Normal,ACC006301
11,14751.97,0.31,883.4,Normal,ACC001259
26,15288.87,0.111,1198.3,Normal,ACC002338
2,8548.84,0.501,752.4,Normal,ACC000623
702,286755.63,0.96,32.7,Dormant_Mule,ACC009907
21,9903.39,0.36,1407.3,Normal,ACC001931
15,12577.2,0.327,1149.8,Normal,ACC001110
9,14525.07,0.236,537.4,Normal,ACC001457
472,339792.54,0.995,7.0,Dormant_Mule,ACC009859
29,9333.63,0.551,1028.4,Normal,ACC006040
197,57140.3,0.674,2568.5,Legitimate_Awakening,ACC009383
27,4872.33,0.501,237.8,Normal,ACC006797
1,1239.8,0.173,1330.5,Normal,ACC002925
13,8672.77,0.311,705.5,Normal,ACC005456
19,9751.48,0.104,154.1,Normal,ACC001239
300,28500.89,0.527,1889.8,Legitimate_Awakening,ACC009563
4,14196.78,0.429,1425.6,Normal,ACC001731
17,3186.82,0.121,621.1,Normal,ACC005124
23,16205.89,0.573,648.3,Normal,ACC001109
20,19138.94,0.218,1285.1,Normal,ACC001515
24,10918.67,0.37,687.1,Normal,ACC000845
24,19136.21,0.365,588.6,Normal,ACC007640
10,6639.4,0.158,480.6,Normal,ACC002262
360,39354.11,0.507,2152.2,Legitimate_Awakening,ACC009610
27,7175.17,0.272,297.2,Normal,ACC008413
22,8501.12,0.56,1281.7,Normal,ACC006064
8,17950.97,0.53,723.8,Normal,ACC000316
9,2524.63,0.271,296.8,Normal,ACC008016
14,5623.9,0.193,536.6,Normal,ACC006469
17,19120.22,0.575,1042.6,Normal,ACC005005
7,9423.72,0.262,361.4,Normal,ACC004059
29,10728.12,0.107,1091.8,Normal,ACC005204
25,7657.96,0.373,801.6,Normal,ACC003607
24,2845.18,0.136,1213.5,Normal,ACC006521
672,42630.23,0.611,407.1,Legitimate_Awakening,ACC009509
19,1445.7,0.242,950.4,Normal,ACC005922
29,18337.67,0.187,1298.1,Normal,ACC005640
25,12012.43,0.135,154.7,Normal,ACC002480
695,95319.31,0.97,8.0,Dormant_Mule,ACC009939
12,8194.23,0.311,662.5,Normal,ACC000656
6,18214.0,0.491,145.6,Normal,ACC001940
4,16219.08,0.13,380.3,Normal,ACC007905
20,13505.94,0.389,580.1,Normal,ACC000414
20,17230.17,0.439,510.8,Normal,ACC003334
0,16022.14,0.477,404.5,Normal,ACC001038
22,7014.54,0.373,255.2,Normal,ACC005265
9,2148.64,0.122,827.3,Normal,ACC004417
2,16655.52,0.456,1039.6,Normal,ACC001107
3,1739.97,0.547,1413.5,Normal,ACC006429
17,15076.99,0.174,735.5,Normal,ACC008646
5,17429.3,0.249,334.6,Normal,ACC001210
3,14595.66,0.514,486.0,Normal,ACC005166
4,19438.79,0.319,1256.6,Normal,ACC002156
9,18574.87,0.207,674.4,Normal,ACC001120
13,4537.98,0.136,211.1,Normal,ACC000816
20,14157.67,0.163,190.1,Normal,ACC005583
29,17625.3,0.478,181.9,Normal,ACC000154
5,18485.0,0.313,1420.9,Normal,ACC002184
29,14149.61,0.585,152.9,Normal,ACC007572
7,3585.69,0.448,259.6,Normal,ACC002726
29,5035.32,0.54,829.8,Normal,ACC004451
25,2142.98,0.441,431.0,Normal,ACC001312
27,17733.85,0.45,570.9,Normal,ACC004124
28,8609.3,0.132,643.7,Normal,ACC001329
5,18981.06,0.164,165.4,Normal,ACC003753
1,12574.08,0.223,1278.0,Normal,ACC004809
434,26390.32,0.669,617.9,Legitimate_Awakening,ACC009308
380,23162.38,0.37,384.7,Legitimate_Awakening,ACC009321
16,14428.14,0.209,353.1,Normal,ACC005045
16,10438.26,0.459,179.9,Normal,ACC004774
231,28568.96,0.644,1702.1,Legitimate_Awakening,ACC009385
12,13102.09,0.382,613.4,Normal,ACC005433
22,18925.08,0.103,732.7,Normal,ACC003676
1,19405.07,0.327,789.2,Normal,ACC001572
514,119419.63,0.95,15.8,Dormant_Mule,ACC009950
13,19609.13,0.593,1026.4,Normal,ACC001627
25,1346.95,0.231,1276.0,Normal,ACC001891
24,13994.22,0.329,419.0,Normal,ACC001078
11,9753.18,0.415,1038.6,Normal,ACC007430
247,17023.59,0.384,1606.9,Legitimate_Awakening,ACC009213
29,11619.64,0.283,1214.5,Normal,ACC003186
17,12333.76,0.504,1108.7,Normal,ACC005602
502,38062.83,0.563,2291.8,Legitimate_Awakening,ACC009726
10,568.46,0.12,385.1,Normal,ACC003687
13,19380.58,0.172,1272.4,Normal,ACC003864
15,3628.15,0.207,945.0,Normal,ACC004807
25,11680.6,0.448,664.3,Normal,ACC008810
626,42788.7,0.339,658.2,Legitimate_Awakening,ACC009658
5,7103.91,0.449,503.6,Normal,ACC007732
28,12455.6,0.539,1381.2,Normal,ACC004752
10,8177.52,0.214,346.1,Normal,ACC002527
3,7462.07,0.563,421.9,Normal,ACC000798
25,6067.74,0.249,625.7,Normal,ACC002742
20,10607.92,0.481,1139.9,Normal,ACC005527
4,13753.56,0.477,349.5,Normal,ACC004117
7,718.61,0.306,1307.3,Normal,ACC007974
13,1615.91,0.395,890.4,Normal,ACC005709
376,30479.02,0.453,1988.0,Legitimate_Awakening,ACC009243
24,7519.85,0.138,682.7,Normal,ACC001790
19,1257.28,0.252,828.9,Normal,ACC000083
3,10876.3,0.233,1307.3,Normal,ACC002610
10,1857.04,0.177,1129.0,Normal,ACC004018
670,49554.01,0.426,1184.2,Legitimate_Awakening,ACC009785
604,53990.35,0.521,2632.9,Legitimate_Awakening,ACC009618
574,41854.56,0.476,718.6,Legitimate_Awakening,ACC009255
19,8278.12,0.518,771.5,Normal,ACC008804
18,10249.61,0.435,490.9,Normal,ACC005372
15,13021.52,0.115,1075.4,Normal,ACC003164
21,19667.46,0.421,1067.3,Normal,ACC001472
404,40422.95,0.675,1833.1,Legitimate_Awakening,ACC009545
10,13322.58,0.542,881.7,Normal,ACC002913
15,2173.38,0.104,843.9,Normal,ACC007334
23,8198.25,0.379,514.4,Normal,ACC008758
14,2554.24,0.211,805.4,Normal,ACC000914
479,45632.89,0.578,850.8,Legitimate_Awakening,ACC009663
20,4140.29,0.52,1228.7,Normal,ACC006629
14,17749.15,0.207,957.0,Normal,ACC002764
7,17580.69,0.492,341.9,Normal,ACC001739
17,11024.0,0.393,1394.1,Normal,ACC000018
22,17716.84,0.43,398.8,Normal,ACC000989
24,5230.28,0.146,540.7,Normal,ACC001275
13,18717.94,0.143,1175.0,Normal,ACC002402
25,14285.12,0.261,1234.5,Normal,ACC007312
12,3416.82,0.332,1018.2,Normal,ACC000358
12,9136.82,0.117,541.9,Normal,ACC002513
19,2485.17,0.353,411.5,Normal,ACC000808
6,5829.69,0.408,407.8,Normal,ACC006352
9,6803.4,0.224,1107.6,Normal,ACC006042
26,11728.36,0.286,305.5,Normal,ACC007951
14,5181.65,0.547,836.2,Normal,ACC002442
25,17676.0,0.536,646.4,Normal,ACC008455
203,15530.09,0.424,2545.2,Legitimate_Awakening,ACC009816
6,13012.68,0.509,859.5,Normal,ACC002734
14,9471.25,0.249,163.5,Normal,ACC002005
19,14506.32,0.232,940.2,Normal,ACC003456
13,18744.92,0.571,293.8,Normal,ACC008628
3,2804.84,0.183,708.5,Normal,ACC005398
2,3725.69,0.101,1418.8,Normal,ACC001613
28,12123.25,0.145,565.3,Normal,ACC001904
15,1044.49,0.587,1201.6,Normal,ACC008209
11,17216.18,0.203,879.2,Normal,ACC004992
569,19576.88,0.381,397.1,Legitimate_Awakening,ACC009359
13,18453.73,0.484,305.0,Normal,ACC007219
7,17326.17,0.101,1067.2,Normal,ACC000659
25,4912.26,0.496,1181.8,Normal,ACC003535
25,2160.76,0.399,1026.3,Normal,ACC005214
6,1672.94,0.577,253.8,Normal,ACC007090
12,2290.75,0.41,336.1,Normal,ACC004366
9,11972.87,0.299,1405.4,Normal,ACC001123
9,13322.43,0.255,1099.9,Normal,ACC000536
9,15539.31,0.287,211.0,Normal,ACC000227
14,1779.02,0.453,837.5,Normal,ACC003809
13,9336.78,0.226,1189.7,Normal,ACC006005
15,13302.97,0.553,342.7,Normal,ACC001616
14,18947.04,0.456,1099.0,Normal,ACC003878
26,1949.47,0.589,1233.5,Normal,ACC002639
3,13759.58,0.143,728.4,Normal,ACC002885
27,13517.3,0.463,797.4,Normal,ACC008038
5,18253.02,0.237,786.8,Normal,ACC003483
4,12463.11,0.148,588.0,Normal,ACC004166
27,7598.22,0.44,1099.7,Normal,ACC006332
22,13367.18,0.184,711.6,Normal,ACC008626
12,18465.09,0.226,588.9,Normal,ACC004968
5,10159.91,0.268,1064.6,Normal,ACC008315
21,1783.65,0.422,1419.0,Normal,ACC006815
21,14290.52,0.477,863.7,Normal,ACC007098
21,13190.08,0.363,614.3,Normal,ACC004437
9,2801.74,0.411,720.6,Normal,ACC008613
7,19746.95,0.249,932.2,Normal,ACC004893
5,15935.21,0.485,1039.8,Normal,ACC007771
7,4756.25,0.182,432.6,Normal,ACC003306
5,7053.0,0.437,962.6,Normal,ACC007133
19,17736.09,0.569,570.0,Normal,ACC004562
12,15787.07,0.327,1165.7,Normal,ACC002260
2,15908.42,0.403,1342.7,Normal,ACC000022
25,10621.13,0.439,531.7,Normal,ACC000763
13,13175.66,0.416,292.1,Normal,ACC007606
22,6537.65,0.443,1205.0,Normal,ACC006746
4,14000.65,0.117,388.7,Normal,ACC005681
897,479524.79,0.984,5.0,Dormant_Mule,ACC009949
8,10891.27,0.118,1375.1,Normal,ACC005122
13,19439.22,0.556,494.0,Normal,ACC007504
28,2969.42,0.189,770.8,Normal,ACC001728
27,6546.65,0.466,965.6,Normal,ACC000825
586,29090.22,0.478,1220.6,Legitimate_Awakening,ACC008909
20,13781.28,0.574,865.8,Normal,ACC007955
6,2691.53,0.138,881.7,Normal,ACC001973
20,11871.65,0.331,988.2,Normal,ACC006034
25,2387.97,0.338,1429.0,Normal,ACC002031
10,11484.83,0.314,550.8,Normal,ACC000811
20,8582.38,0.107,1230.2,Normal,ACC002615
23,3910.07,0.541,654.5,Normal,ACC006863
20,17859.3,0.235,1206.0,Normal,ACC002025
8,6943.72,0.369,1333.4,Normal,ACC004384
26,6348.3,0.191,708.4,Normal,ACC003981
0,3711.07,0.383,532.7,Normal,ACC003208
2,4608.75,0.579,131.7,Normal,ACC000715
25,14429.2,0.263,502.2,Normal,ACC004295
0,8921.47,0.4,129.8,Normal,ACC005474
19,14655.78,0.291,809.8,Normal,ACC005868
11,9572.91,0.129,466.2,Normal,ACC001818
1,4342.18,0.44,412.3,Normal,ACC004863
7,13992.21,0.167,833.9,Normal,ACC006639
11,8399.49,0.581,227.5,Normal,ACC003079
6,10384.17,0.466,381.5,Normal,ACC004883
225,15314.11,0.649,445.3,Legitimate_Awakening,ACC009822
15,4287.74,0.278,467.7,Normal,ACC006788
20,3236.31,0.394,385.3,Normal,ACC003488
24,2557.14,0.328,408.3,Normal,ACC000033
20,17829.52,0.22,489.9,Normal,ACC002873
25,7586.38,0.569,483.7,Normal,ACC001468
23,13375.32,0.467,216.0,Normal,ACC006196
3,19139.47,0.467,993.4,Normal,ACC002416
17,18393.85,0.139,684.2,Normal,ACC003947
21,16514.52,0.155,1237.3,Normal,ACC000218
11,3436.86,0.209,732.5,Normal,ACC000957
19,12635.17,0.453,513.4,Normal,ACC002143
9,4573.95,0.146,662.8,Normal,ACC008269
10,15893.48,0.308,341.9,Normal,ACC000996
27,5160.24,0.203,1400.2,Normal,ACC003287
26,19480.65,0.495,440.7,Normal,ACC001967
16,19329.39,0.271,566.8,Normal,ACC001683
7,11704.63,0.162,345.5,Normal,ACC005991
384,40603.22,0.457,953.3,Legitimate_Awakening,ACC009848
24,6881.38,0.245,475.8,Normal,ACC002959
24,16413.11,0.316,1171.2,Normal,ACC001651
28,19514.88,0.121,711.7,Normal,ACC008218
15,14323.53,0.597,535.3,Normal,ACC001356
8,1758.19,0.296,487.7,Normal,ACC006284
9,10102.1,0.36,1389.5,Normal,ACC006231
686,29951.17,0.412,2199.8,Legitimate_Awakening,ACC008868
18,13472.82,0.139,917.0,Normal,ACC002190
25,7449.15,0.516,1243.0,Normal,ACC002378
21,13186.83,0.545,701.4,Normal,ACC002158
25,3983.63,0.412,368.2,Normal,ACC006123
18,12669.98,0.37,699.1,Normal,ACC000210
17,2896.07,0.227,1194.0,Normal,ACC003934
16,3205.41,0.297,1043.6,Normal,ACC004958
1,3655.03,0.115,1087.1,Normal,ACC004915
4,4201.4,0.391,389.9,Normal,ACC000862
18,14472.8,0.399,399.6,Normal,ACC002887
12,19886.23,0.264,1337.0,Normal,ACC006571
19,19071.03,0.371,1026.4,Normal,ACC008607
24,7748.92,0.101,515.7,Normal,ACC000768
12,17276.48,0.475,586.7,Normal,ACC008436
24,18075.69,0.212,161.6,Normal,ACC006535
22,1909.35,0.472,1120.5,Normal,ACC003869
3,9120.62,0.545,737.2,Normal,ACC005654
19,14176.97,0.157,1435.9,Normal,ACC001157
20,17506.07,0.244,233.8,Normal,ACC002574
3,11646.52,0.364,847.3,Normal,ACC007946
664,51747.23,0.529,642.1,Legitimate_Awakening,ACC009178
20,2628.81,0.427,921.2,Normal,ACC005738
28,8801.66,0.118,1293.4,Normal,ACC007607
24,3172.82,0.187,191.8,Normal,ACC003609
11,11864.73,0.598,1249.5,Normal,ACC000635
24,17577.82,0.522,351.2,Normal,ACC006926
24,9372.53,0.593,885.5,Normal,ACC004983
8,12076.66,0.503,684.2,Normal,ACC004172
13,13360.84,0.374,772.9,Normal,ACC003558
25,3972.69,0.281,1315.7,Normal,ACC008320
413,42466.98,0.497,2461.8,Legitimate_Awakening,ACC008858
13,5574.12,0.189,157.6,Normal,ACC002836
27,8475.63,0.43,413.1,Normal,ACC005374
12,16063.97,0.49,1004.4,Normal,ACC007142
7,868.18,0.15,775.0,Normal,ACC002614
13,11456.17,0.139,1373.4,Normal,ACC004875
27,13467.21,0.23,1317.5,Normal,ACC000620
8,14988.26,0.403,1336.8,Normal,ACC005997
1,10330.9,0.502,845.9,Normal,ACC004903
21,15823.11,0.248,839.4,Normal,ACC003238
20,17839.9,0.252,992.2,Normal,ACC005285
21,15707.57,0.421,231.1,Normal,ACC000057
7,4941.33,0.151,1082.2,Normal,ACC004856
592,48734.79,0.507,1619.9,Legitimate_Awakening,ACC009826
15,17170.88,0.587,700.1,Normal,ACC003403
29,17672.16,0.464,257.5,Normal,ACC006070
23,18254.19,0.249,811.2,Normal,ACC000162
23,17316.42,0.191,838.4,Normal,ACC003700
10,13009.34,0.23,1289.6,Normal,ACC001136
11,19035.36,0.4,1101.5,Normal,ACC000644
0,2962.16,0.438,549.1,Normal,ACC000614
29,15171.05,0.496,427.6,Normal,ACC004015
5,15763.54,0.569,1033.3,Normal,ACC001753
11,2574.57,0.348,924.2,Normal,ACC003090
351,43231.75,0.545,1026.5,Legitimate_Awakening,ACC009296
21,19714.47,0.284,815.3,Normal,ACC004683
672,402032.64,0.995,26.1,Dormant_Mule,ACC009928
3,4007.98,0.557,1111.5,Normal,ACC002831
531,56293.17,0.445,410.8,Legitimate_Awakening,ACC009333
1,18091.61,0.269,588.3,Normal,ACC005637
11,12760.31,0.233,171.5,Normal,ACC001624
29,4926.53,0.211,333.1,Normal,ACC002856
5,3636.64,0.416,189.2,Normal,ACC003673
279,40760.55,0.7,627.6,Legitimate_Awakening,ACC009477
29,13318.11,0.319,1261.2,Normal,ACC008808
567,56880.77,0.416,1430.1,Legitimate_Awakening,ACC009316
18,1071.69,0.129,1011.1,Normal,ACC005076
11,12301.73,0.503,1356.5,Normal,ACC007738
26,6583.97,0.561,828.3,Normal,ACC005205
8,3100.22,0.221,505.0,Normal,ACC001476
0,11047.95,0.338,977.0,Normal,ACC005877
4,9624.39,0.165,1306.1,Normal,ACC008840
10,19993.63,0.186,1138.4,Normal,ACC003099
16,3043.57,0.499,1057.0,Normal,ACC004395
23,15747.72,0.152,487.7,Normal,ACC006182
199,41198.1,0.673,1914.4,Legitimate_Awakening,ACC008983
0,8182.57,0.233,342.1,Normal,ACC002539
4,8479.33,0.372,837.4,Normal,ACC002589
23,1450.94,0.522,698.2,Normal,ACC001592
561,17969.82,0.675,372.6,Legitimate_Awakening,ACC009151
26,6527.36,0.352,857.5,Normal,ACC007054
25,2252.23,0.515,198.8,Normal,ACC004897
6,9352.8,0.481,286.3,Normal,ACC001015
23,1708.43,0.334,1212.5,Normal,ACC004121
737,293256.53,0.96,38.8,Dormant_Mule,ACC009972
21,15542.88,0.101,1293.1,Normal,ACC003049
560,19875.3,0.3,562.6,Legitimate_Awakening,ACC008945
4,4114.1,0.454,176.4,Normal,ACC005312
15,2756.39,0.301,725.1,Normal,ACC004120
15,9089.12,0.451,298.6,Normal,ACC005646
18,4938.41,0.594,859.0,Normal,ACC003592
11,9455.67,0.279,772.4,Normal,ACC000608
29,12556.98,0.432,529.3,Normal,ACC007524
14,5608.76,0.114,533.2,Normal,ACC006901
278,29963.69,0.519,1283.7,Legitimate_Awakening,ACC009537
876,345825.02,0.965,8.6,Dormant_Mule,ACC009892
439,274351.84,0.979,21.6,Dormant_Mule,ACC009922
9,17759.24,0.24,397.1,Normal,ACC008846
20,2031.28,0.38,558.3,Normal,ACC002790
24,3137.22,0.245,1399.2,Normal,ACC007036
15,19769.97,0.273,911.2,Normal,ACC003129
1,2535.88,0.3,1074.6,Normal,ACC000720
21,7555.24,0.597,266.7,Normal,ACC005252
12,1715.66,0.174,295.7,Normal,ACC000178
27,16936.64,0.235,1129.6,Normal,ACC005219
25,19936.2,0.239,1149.2,Normal,ACC006396
11,18013.86,0.568,1413.3,Normal,ACC001636
491,26744.98,0.626,2414.7,Legitimate_Awakening,ACC009623
25,19637.85,0.32,510.6,Normal,ACC008617
26,12033.86,0.286,630.4,Normal,ACC007022
3,11140.54,0.442,371.1,Normal,ACC001617
12,19535.65,0.442,615.6,Normal,ACC000990
10,12253.23,0.193,835.5,Normal,ACC003994
5,15262.13,0.359,974.8,Normal,ACC004759
18,859.47,0.174,619.2,Normal,ACC003851
6,18530.7,0.156,245.2,Normal,ACC002511
0,12389.1,0.45,1226.4,Normal,ACC000983
18,6957.36,0.483,666.1,Normal,ACC001249
464,23672.49,0.328,1252.9,Legitimate_Awakening,ACC009417
29,17854.29,0.523,512.0,Normal,ACC003229
22,10860.67,0.519,496.6,Normal,ACC000634
23,10767.13,0.298,358.1,Normal,ACC002660
9,10905.3,0.171,153.8,Normal,ACC002969
20,1363.72,0.491,622.9,Normal,ACC007549
245,45628.64,0.465,1969.8,Legitimate_Awakening,ACC009043
19,15098.8,0.22,1339.9,Normal,ACC007192
15,4243.3,0.369,488.2,Normal,ACC004334
10,8144.37,0.34,707.0,Normal,ACC008283
519,43266.48,0.672,1038.5,Legitimate_Awakening,ACC009124
25,15221.07,0.359,875.2,Normal,ACC005075
24,10417.85,0.226,1311.8,Normal,ACC008737
3,11193.45,0.54,1011.8,Normal,ACC000769
461,49271.85,0.646,1036.3,Legitimate_Awakening,ACC009187
16,15088.15,0.211,410.3,Normal,ACC003884
26,12998.94,0.13,246.3,Normal,ACC004458
26,11882.93,0.535,474.7,Normal,ACC004586
23,882.83,0.467,671.4,Normal,ACC003552
8,14300.57,0.2,329.2,Normal,ACC007006
7,19167.83,0.189,311.5,Normal,ACC006801
10,2213.21,0.456,1404.2,Normal,ACC006018
22,4106.04,0.117,544.1,Normal,ACC006682
6,3561.42,0.402,706.1,Normal,ACC008463
15,15420.81,0.285,340.6,Normal,ACC004625
10,11040.79,0.371,1162.8,Normal,ACC006928
15,8962.53,0.349,1298.5,Normal,ACC004049
18,9779.9,0.335,632.7,Normal,ACC003567
9,10154.3,0.316,661.6,Normal,ACC005132
7,14256.94,0.395,1399.7,Normal,ACC008667
226,47531.55,0.509,1390.2,Legitimate_Awakening,ACC009771
12,9320.31,0.312,326.9,Normal,ACC002411
468,51466.33,0.412,2231.7,Legitimate_Awakening,ACC009065
411,46617.65,0.571,1713.6,Legitimate_Awakening,ACC009443
20,2044.66,0.124,145.7,Normal,ACC001498
27,3382.76,0.408,1380.6,Normal,ACC007970
18,11127.52,0.528,561.5,Normal,ACC007507
6,16198.91,0.241,1074.1,Normal,ACC004995
19,6501.53,0.407,1305.3,Normal,ACC001194
298,15946.08,0.309,1957.7,Legitimate_Awakening,ACC009593
6,4236.1,0.572,649.9,Normal,ACC005282
28,6019.99,0.503,396.4,Normal,ACC004306
20,17868.23,0.458,1437.2,Normal,ACC004327
707,268245.38,0.985,20.7,Dormant_Mule,ACC009975
20,5428.48,0.256,279.8,Normal,ACC003317
11,5511.62,0.304,778.1,Normal,ACC004119
11,15652.46,0.531,534.3,Normal,ACC001010
276,25738.86,0.679,1084.8,Legitimate_Awakening,ACC008900
2,14156.98,0.523,1250.3,Normal,ACC000056
238,57128.79,0.526,1962.4,Legitimate_Awakening,ACC009004
17,19406.94,0.473,768.6,Normal,ACC006935
4,5324.79,0.536,344.2,Normal,ACC007870
22,8058.13,0.285,126.1,Normal,ACC007799
20,18775.3,0.149,1162.3,Normal,ACC007080
22,8691.41,0.404,258.3,Normal,ACC002506
19,9666.87,0.295,638.4,Normal,ACC002824
191,41197.52,0.62,819.1,Legitimate_Awakening,ACC009339
5,16257.51,0.162,1401.2,Normal,ACC002935
29,18091.52,0.528,659.9,Normal,ACC006153
23,11556.74,0.442,123.8,Normal,ACC002320
6,19215.53,0.309,534.1,Normal,ACC008682
10,4015.76,0.131,619.4,Normal,ACC004107
18,6362.78,0.389,616.2,Normal,ACC002655
0,19400.3,0.218,1188.2,Normal,ACC006481
20,18891.68,0.542,230.8,Normal,ACC003636
408,36494.87,0.302,1838.4,Legitimate_Awakening,ACC009011
28,7084.29,0.442,1216.7,Normal,ACC008008
314,32494.77,0.591,2266.8,Legitimate_Awakening,ACC009042
28,16912.99,0.21,1089.2,Normal,ACC003729
14,12061.91,0.39,994.7,Normal,ACC000390
2,17459.07,0.545,712.7,Normal,ACC001587
15,13370.05,0.244,305.8,Normal,ACC004004
9,12546.23,0.217,1115.2,Normal,ACC007919
7,11404.75,0.357,251.4,Normal,ACC001452
504,22014.97,0.634,1613.2,Legitimate_Awakening,ACC009849
2,15666.33,0.526,517.9,Normal,ACC007704
371,52076.95,0.494,2623.4,Legitimate_Awakening,ACC009172
0,16747.59,0.565,949.5,Normal,ACC002053
2,8946.68,0.487,1245.4,Normal,ACC000945
21,1738.95,0.298,1392.2,Normal,ACC002302
11,7993.47,0.196,313.5,Normal,ACC007251
18,19014.27,0.45,1224.1,Normal,ACC008609
21,19987.03,0.254,1287.5,Normal,ACC003255
22,600.33,0.51,421.8,Normal,ACC000329
25,9109.33,0.165,504.1,Normal,ACC001666
14,10434.91,0.474,730.6,Normal,ACC002971
7,1132.05,0.435,428.5,Normal,ACC008192
20,1003.33,0.168,1391.3,Normal,ACC000481
0,14631.58,0.518,1258.5,Normal,ACC001433
0,12291.84,0.34,1353.4,Normal,ACC004952
3,4149.18,0.318,703.5,Normal,ACC006262
21,17904.58,0.13,1290.6,Normal,ACC003325
25,7948.61,0.578,555.6,Normal,ACC002393
198,58121.83,0.441,1032.6,Legitimate_Awakening,ACC009837
27,16418.52,0.497,1207.3,Normal,ACC004195
678,24815.76,0.506,1976.5,Legitimate_Awakening,ACC009069
7,10782.96,0.49,445.7,Normal,ACC008691
13,15729.42,0.493,913.5,Normal,ACC000858
22,18171.46,0.372,734.4,Normal,ACC008458
5,13726.01,0.382,723.9,Normal,ACC008426
18,4583.85,0.574,200.2,Normal,ACC004038
18,5289.82,0.155,1168.6,Normal,ACC002273
14,9347.03,0.365,143.6,Normal,ACC000352
24,8606.22,0.493,840.8,Normal,ACC003253
22,2894.81,0.218,338.5,Normal,ACC000229
263,59874.28,0.431,600.7,Legitimate_Awakening,ACC009642
19,19607.87,0.17,1031.4,Normal,ACC005824
27,18973.67,0.185,278.9,Normal,ACC007458
8,2054.15,0.454,725.9,Normal,ACC008584
16,1108.66,0.583,815.1,Normal,ACC002069
1,15350.06,0.448,435.4,Normal,ACC003742
5,3316.51,0.321,561.0,Normal,ACC001854
8,17225.33,0.547,908.9,Normal,ACC008360
26,4794.7,0.456,1188.5,Normal,ACC000049
572,269119.78,0.973,39.8,Dormant_Mule,ACC009904
412,21514.54,0.621,1093.5,Legitimate_Awakening,ACC009833
24,2035.3,0.44,657.5,Normal,ACC004078
29,3434.66,0.352,1178.2,Normal,ACC002233
2,18127.14,0.182,1060.3,Normal,ACC006647
26,12423.54,0.439,539.2,Normal,ACC001047
10,18344.45,0.296,693.3,Normal,ACC006222
526,19035.09,0.584,1306.4,Legitimate_Awakening,ACC009788
11,16697.76,0.273,1141.5,Normal,ACC000258
1,16495.86,0.195,478.5,Normal,ACC007618
11,2959.65,0.566,918.5,Normal,ACC002591
948,275850.85,0.992,13.5,Dormant_Mule,ACC009943
287,20305.7,0.581,1258.2,Legitimate_Awakening,ACC009495
28,13343.14,0.588,1271.2,Normal,ACC003454
26,11717.42,0.208,1361.5,Normal,ACC008757
28,7607.77,0.594,903.9,Normal,ACC004202
23,17465.95,0.12,988.4,Normal,ACC008547
21,12130.7,0.237,454.0,Normal,ACC003705
401,22748.71,0.405,1700.4,Legitimate_Awakening,ACC008985
15,19981.47,0.21,256.2,Normal,ACC001566
20,14226.31,0.425,1397.6,Normal,ACC002367
22,8035.3,0.485,329.8,Normal,ACC006980
4,15148.24,0.175,1174.6,Normal,ACC005485
15,11640.71,0.154,861.0,Normal,ACC005679
1,5599.14,0.308,362.8,Normal,ACC008830
8,4173.51,0.128,226.5,Normal,ACC002075
26,14101.68,0.136,1359.1,Normal,ACC004445
14,10028.54,0.485,1021.9,Normal,ACC000341
24,17117.77,0.118,554.3,Normal,ACC000318
29,4295.28,0.406,1421.0,Normal,ACC003490
11,16599.37,0.568,1180.1,Normal,ACC003361
24,11936.12,0.544,817.6,Normal,ACC007079
479,20565.27,0.415,2179.8,Legitimate_Awakening,ACC009148
14,11634.06,0.119,1110.9,Normal,ACC004455
10,17610.7,0.468,1180.6,Normal,ACC000109
24,17315.53,0.242,1026.5,Normal,ACC002441
20,12337.13,0.238,684.3,Normal,ACC006983
22,9953.17,0.153,486.9,Normal,ACC003447
16,9373.97,0.182,521.4,Normal,ACC001560
13,4764.95,0.398,469.3,Normal,ACC000954
6,12440.82,0.284,460.3,Normal,ACC005563
12,8261.1,0.251,206.7,Normal,ACC000771
6,1980.7,0.139,123.1,Normal,ACC000280
17,2021.36,0.546,445.3,Normal,ACC004649
24,9757.06,0.229,1200.5,Normal,ACC001870
12,3537.07,0.164,136.1,Normal,ACC005196
26,16162.25,0.429,1302.0,Normal,ACC005675
13,19449.28,0.122,1430.9,Normal,ACC008579
6,13517.22,0.148,943.5,Normal,ACC000444
11,14293.23,0.236,1358.7,Normal,ACC005249
24,16107.8,0.192,585.0,Normal,ACC008263
8,17407.67,0.222,1396.1,Normal,ACC001528
22,10299.22,0.562,502.7,Normal,ACC007509
28,12552.77,0.134,733.4,Normal,ACC004942
0,17518.0,0.328,1187.2,Normal,ACC007517
